Latitude,Longitude,Depth_km,Magnitude,Cluster
39.4639,142.7562,35.0,4.8,2
3.0448,128.8654,10.0,4.5,3
60.5503,-140.119,5.0,3.3,1
39.5984,143.3045,27.735,4.8,2
62.705,-149.279,59.6,2.5,1
51.249,-170.451,24.7,3.2,1
51.307,-176.476,12.4,3.0,1
36.174833333333,-89.381333333333,6.11,2.52,1
1.1328,123.344,10.0,4.5,3
-20.6323,-63.1477,553.819,5.3,0
51.518,-175.316,26.9,2.5,1
55.3497,165.3096,10.0,4.3,2
43.7544,-105.3628,0.0,3.1,1
40.547,-120.69383333333,7.35,2.68,1
53.365,-163.374,21.9,3.0,1
60.127,-152.73,106.3,2.5,1
62.23,-149.872,52.2,2.9,1
63.122,-150.868,124.2,2.7,1
6.2037,126.8425,80.527,4.5,3
60.402,-139.5749,5.0,2.7,1
-8.2285,-75.0877,104.348,4.1,3
64.637,-138.663,0.0,3.3,1
35.5299,35.3086,10.0,4.4,2
45.9826,150.8201,129.505,4.3,2
4.7394,97.0968,13.532,4.2,3
53.1542,159.433,70.641,4.2,2
4.6976,96.901,10.182,4.6,3
10.7262,125.3714,10.0,4.6,2
60.103,-152.493,93.9,2.5,1
-27.9645,-66.6791,153.343,4.3,3
60.5741,-139.9036,5.0,2.9,1
60.445,-139.558,3.0,2.6,1
22.7745,142.4843,128.123,4.1,2
63.221,-150.659,130.1,2.5,1
19.4095,-155.624,-0.82,2.52,1
-7.0521,155.195,10.0,5.1,3
60.3984,-139.5899,5.0,2.6,1
60.366,-139.4407,5.0,2.9,1
31.3603,-114.0453,10.0,2.9,1
-18.1477,-178.3075,536.568,4.5,0
56.877,-156.085,73.7,2.7,1
60.413,-139.52,4.1,2.6,1
60.438,-139.514,0.4,2.5,1
60.457,-139.447,2.9,2.5,1
60.4206,-139.56,5.0,5.1,2
-28.5329,-71.3386,29.215,4.0,3
51.321,179.26,40.6,3.1,2
40.445166666667,-124.71166666667,23.38,2.63,1
52.5879,161.1466,26.043,4.3,2
27.5551,128.5811,41.781,4.4,2
27.549,128.7241,11.0,5.5,2
-31.415,-67.7291,10.0,4.5,3
51.8969,178.568,98.161,3.7,2
31.949,-101.459,8.9111,2.6,1
31.953,-101.465,8.7158,2.9,1
31.946,-101.462,8.8379,2.5,1
18.895333333333,-67.544833333333,26.63,3.26,1
-17.9318,-178.3497,561.357,4.6,0
31.4462,140.1365,10.0,4.6,2
58.278,-136.825,3.2,3.5,1
65.853,-150.92,10.0,2.5,1
58.285,-136.877,4.6,3.4,1
40.348166666667,-124.92166666667,13.76,2.71,1
-42.7194,83.6078,10.0,5.1,3
-19.6551,-178.23,563.264,4.1,0
18.2852,145.5755,208.946,4.6,2
58.331,-137.37,2.2,3.0,1
-4.7938,34.9508,10.0,4.2,3
-55.7521,-26.1327,10.0,4.5,3
-3.2928,140.7137,48.87,4.0,3
60.552,-139.945,0.8,2.6,1
-17.8584,-178.3006,617.737,4.3,0
-18.1013,-178.6083,598.491,4.4,0
40.5173,142.8907,27.327,4.4,2
44.0626,147.506,35.0,4.5,2
51.803,-173.497,30.2,2.9,1
-20.347,-178.4716,600.131,4.8,0
18.141666666667,-68.004333333333,86.3,3.3,1
54.5579,-160.3119,35.0,3.5,1
36.6356,140.3545,10.0,4.0,2
59.175,-152.971,79.5,2.5,1
45.874,-106.7914,0.0,2.8,1
43.6138,-105.3731,0.0,3.1,1
-17.4239,-179.0828,562.052,4.2,0
-6.7174,102.0604,10.0,4.2,3
59.736,-152.674,90.4,2.5,1
64.365,-160.051,9.0,2.8,1
53.415,-165.206,22.9,3.1,1
36.0705,28.4808,44.648,4.2,2
18.014166666667,-66.741166666667,13.93,2.91,1
-23.5565,69.5042,10.0,4.9,3
51.832,178.22,121.6,3.4,2
19.829333333333,-156.23783333333,4.03,2.61,1
26.0392,97.0716,10.0,4.2,2
0.9508,126.1289,39.214,4.6,3
32.3307,140.8236,69.344,4.5,2
59.8012,-30.1139,10.0,4.3,2
34.270166666667,-117.09633333333,7.47,2.57,1
52.311,-169.497,20.9,3.4,1
-5.2545,152.2946,51.498,5.1,3
-9.7209,124.4911,10.0,4.4,3
68.163,-147.302,4.6,2.9,1
68.066,-147.299,1.0,3.0,1
-5.3127,34.9465,10.0,4.6,3
53.921,-159.407,7.5,3.1,1
36.8094,70.3992,204.867,4.4,2
52.932,-160.867,5.0,3.5,1
59.5547,-136.8193,5.0,3.2,1
56.283,-154.986,13.2,2.8,1
62.155,-150.576,3.1,2.7,1
52.0277,160.2995,19.736,4.7,2
56.975,-153.841,37.0,2.5,1
18.3838,145.83,188.605,4.3,2
0.211,126.6873,111.21,4.5,3
-23.9944,-66.8068,220.986,4.3,3
38.4623,-116.5029,7.253,2.79,1
50.2267,156.8917,53.233,4.4,2
60.709,-151.867,92.1,3.0,1
40.405166666667,-125.077,3.17,3.23,1
-18.1522,-178.3264,560.023,4.4,0
-17.4834,-172.1175,10.0,4.6,3
-33.4808,-70.0832,113.693,4.1,3
-26.1076,-177.7458,207.762,4.3,3
59.635,-150.275,25.9,2.9,1
40.5465,-120.69016666667,6.6,2.5,1
40.547,-120.70083333333,6.78,4.7,2
-5.4216,34.9942,10.0,4.3,3
54.4845,-160.2603,8.569,2.6,1
57.982,-151.778,5.7,2.9,1
33.808166666667,-120.07366666667,7.11,2.6,1
-9.0199,-79.0454,72.731,5.0,3
57.976,-151.787,6.9,2.9,1
57.964,-151.773,6.5,3.0,1
60.551,-139.986,1.0,2.5,1
59.608,-152.7,83.9,2.5,1
44.0317,146.4922,85.846,4.3,2
43.6932,-105.3746,0.0,3.1,1
37.752666666667,-121.93266666667,5.56,2.53,1
63.525,-148.947,0.7,2.5,1
18.768666666667,-67.382833333333,11.45,3.02,1
18.7675,-67.3756,8.0,3.46,1
37.943833333333,-118.67966666667,14.01,3.29,1
59.883,-152.793,100.8,2.5,1
60.505,-139.8644,8.585,4.2,1
-55.6029,-27.7956,35.274,4.4,3
10.5825,125.6466,10.0,4.4,2
-17.076,-174.1664,120.593,4.6,3
37.663333333333,-84.4575,6.85,3.09,1
55.5802,-161.7903,116.219,2.8,1
60.4173,-139.5049,5.0,2.7,1
51.9306,-167.2686,10.0,3.5,1
34.269666666667,-117.09466666667,6.83,2.64,1
38.439,-116.1433,3.8221,2.57,1
63.208,-150.026,94.9,2.7,1
55.731,-155.972,44.8,3.1,1
37.2569,-117.2738,6.2306,2.5,1
-9.5362,113.7626,43.886,4.3,3
49.3395,156.1103,59.872,4.5,2
37.764833333333,-121.94183333333,7.5,2.53,1
-13.5455,-76.9197,10.0,4.5,3
59.362,-151.641,47.2,2.5,1
60.6107,-140.1422,5.0,2.6,1
49.6174,155.5281,50.359,4.6,2
60.069,-152.196,94.4,2.7,1
13.6258,-88.4988,189.415,4.4,3
37.7812,72.0809,133.289,4.3,2
59.615,-153.585,123.2,2.6,1
54.3799,-160.4885,5.0,3.0,1
-20.3133,-178.4532,609.395,4.4,0
-23.9394,-179.8439,532.881,4.2,0
60.399,-139.522,0.2,2.5,1
-20.3451,-177.7382,540.196,4.5,0
59.657,-150.258,26.4,2.5,1
50.1857,156.7908,53.295,4.3,2
-20.2519,-178.5925,628.026,4.6,0
51.5513,-176.2425,33.859,3.5,1
18.0925,-68.2255,77.0,4.26,3
-59.7567,-26.8249,37.676,5.1,3
53.0356,160.8122,35.0,4.3,2
60.6578,-139.9672,5.0,4.2,1
60.5192,-140.0559,5.0,3.0,1
60.591,-139.961,11.3,2.9,1
50.2445,155.5733,128.202,4.2,2
-8.9834,-79.039,58.0,6.2,3
-0.1295,99.9834,10.0,4.6,3
-0.0886,100.1054,10.0,4.6,3
60.4632,-139.8086,5.0,2.7,1
61.625,-150.458,48.1,2.5,1
60.375,-147.774,17.7,2.5,1
53.6504,-162.8302,10.0,3.0,1
64.77,-149.21,2.1,2.7,1
57.472,-156.284,10.0,2.5,1
20.007833333333,-156.789,29.58,2.53,1
-15.3445,167.4272,108.995,4.4,3
51.7746,178.341,124.965,3.5,2
35.7405,88.5284,10.0,4.3,2
22.7421,121.2113,34.246,3.8,2
29.6946,142.2399,10.0,4.4,2
18.8,-68.5425,42.0,3.53,1
-20.9109,-178.572,590.807,4.8,0
51.5937,-175.1974,45.284,4.0,1
53.0417,171.9684,38.08,4.3,2
-17.4676,-178.8382,550.038,4.1,0
13.2781,145.1362,59.489,4.1,2
43.5766,-105.3669,0.0,3.0,1
44.115,-105.4224,0.0,3.3,1
12.0869,-88.1032,42.077,4.4,3
-50.2489,130.0473,10.0,4.5,3
-9.0626,124.0975,94.912,4.0,3
36.9448,71.253,194.25,4.2,2
60.5527,-140.0328,5.0,2.6,1
15.3857,120.1378,64.159,4.9,2
60.467,-150.855,49.8,2.9,1
-5.835,147.0606,136.791,4.2,3
29.6473,142.1455,22.472,4.9,2
19.058666666667,-155.3795,34.58,2.87,1
24.5928,122.0668,62.593,4.3,2
60.3897,-139.7134,5.0,2.9,1
-20.1916,-177.6091,514.705,4.4,0
-21.2467,-68.7683,116.57,4.0,3
19.145333333333,-155.5105,35.71,3.26,1
39.1606,-119.0474,5.0,3.65,1
24.6841,122.0354,63.0,6.6,2
34.376666666667,-118.6245,11.95,2.5,1
59.685,-153.131,108.1,2.5,1
34.376666666667,-118.62833333333,12.53,2.62,1
49.4797,155.9804,46.212,4.3,2
31.8122,-93.3861,5.0,2.9,1
26.7466,92.3604,41.698,4.5,2
5.3874,126.3197,56.09,4.2,3
-28.2562,-63.1342,593.431,5.6,0
-21.1325,-69.6067,69.8,4.1,3
54.343,-160.4086,10.0,3.0,1
54.3109,-160.4545,35.0,3.1,1
29.8426,130.6165,51.599,4.3,2
1.6383,99.5231,167.031,4.2,3
-6.357,147.6044,66.178,4.7,3
58.202,-155.95,157.4,2.8,1
52.4404,160.8249,10.0,4.3,2
-20.1899,-177.6541,502.591,4.5,0
-7.561,119.4745,270.512,4.1,3
56.842,-155.482,5.8,2.5,1
28.372,139.841,406.266,4.1,0
42.9656,145.4249,65.812,4.3,2
36.081,-120.18583333333,7.41,2.52,1
56.3401,-148.7256,10.0,2.9,1
12.402,-90.2957,10.0,4.2,3
-5.5489,102.247,10.0,4.9,3
46.4211,149.7086,188.916,4.1,2
5.5943,126.3364,57.556,4.3,3
49.6988,158.8076,10.0,5.1,2
64.783,-149.034,0.8,2.8,1
-5.5338,102.2674,10.0,5.1,3
31.964,-103.122,8.8135,3.3,1
27.1217,140.4931,209.188,4.3,2
-9.9894,154.1088,10.0,4.2,3
-10.3735,154.122,10.0,4.0,3
54.3846,-160.0284,35.0,2.6,1
-11.0621,-77.9333,48.19,4.6,3
42.7277,144.578,61.904,4.3,2
-5.5456,102.3691,25.0,5.4,3
60.4696,-139.68,5.0,2.6,1
-4.5433,153.2228,84.163,5.2,3
36.579833333333,-121.22766666667,4.68,2.54,1
35.4532,135.6043,352.615,4.2,0
60.5788,-139.6369,5.0,4.1,1
-9.2676,124.3365,32.198,4.4,3
11.8324,-88.1576,10.0,4.3,3
-2.2499,139.1874,25.657,4.4,3
54.391,-161.763,3.0,2.8,1
40.8581,78.066,10.0,4.2,2
-20.5344,-178.9538,623.051,4.6,0
-5.3111,152.3367,43.703,4.5,3
-22.5252,-68.5918,108.198,4.6,3
-16.5437,-178.6879,501.047,4.0,0
51.5493,177.8198,93.27,4.0,2
56.772,-155.865,27.7,2.8,1
52.541,-169.458,13.1,2.7,1
54.4708,-160.4175,35.0,3.1,1
-28.3595,-177.6876,10.0,4.2,3
52.16,-168.366,4.2,2.8,1
-26.2091,178.7099,575.919,4.8,0
-56.3438,-26.7254,66.373,4.6,3
-8.4443,-75.2197,128.399,4.8,3
60.598,-139.881,0.0,2.7,1
23.3943,82.5615,10.0,4.2,2
47.4515,-128.8479,10.0,3.4,1
57.8398,155.8146,10.0,4.5,2
-4.9555,144.7364,92.655,4.5,3
18.555333333333,-66.294833333333,70.11,2.95,1
52.948,-167.618,47.6,3.0,1
60.6047,-139.9426,5.0,2.6,1
-15.173,-175.2777,17.564,4.7,3
18.087833333333,-66.1745,17.94,2.55,1
56.523,-156.094,0.8,2.5,1
-8.568,112.9143,136.963,4.5,3
54.109,-162.497,6.2,2.9,1
52.0569,-172.2968,56.272,3.5,1
53.85,-164.475,21.8,2.7,1
-17.9161,-178.2736,609.741,4.3,0
54.072,-162.493,6.5,2.8,1
41.9193,-119.5308,3.2856,2.66,1
34.314,-119.52716666667,2.21,2.93,1
-6.2398,151.8498,10.0,4.7,3
-30.5085,-177.1039,10.0,4.2,3
29.0344,138.6988,492.848,4.7,0
60.4542,-139.64,5.0,2.9,1
54.426,-159.82,28.0,3.0,1
-21.0565,-68.7168,128.037,4.3,3
31.9766,141.0053,10.0,4.5,2
56.572,-148.729,21.1,3.2,1
54.317,-161.573,0.3,3.0,1
18.545666666667,-66.501833333333,13.29,3.29,1
56.3655,-148.7863,19.167,2.8,1
-14.5577,-176.9372,10.0,5.6,3
30.3457,138.3942,427.731,4.3,0
-3.2176,143.5499,10.0,4.4,3
3.9623,97.3735,9.98,4.2,3
-21.0771,168.6603,10.0,4.9,3
-16.2898,66.8529,10.0,4.7,3
-20.8871,68.3582,10.0,4.5,3
50.508,-174.998,32.1,3.2,1
68.809,-145.54,1.4,2.9,1
51.6121,-175.5396,61.044,3.9,1
37.0433,-96.1081,5.0,2.5,1
-16.0559,168.0852,262.614,4.1,3
-20.1254,-172.8213,10.0,4.2,3
-31.0094,-69.7696,117.329,4.4,3
-3.3888,143.6484,10.0,4.6,3
31.529,-104.015,7.5995,2.7,1
-22.5402,-67.6083,183.726,4.2,3
-60.2506,-61.856,10.0,5.1,3
-0.4948,-20.0117,10.0,4.6,3
-23.7781,179.867,539.321,4.4,0
-40.6351,176.1337,22.908,4.0,3
-3.4284,143.6869,10.0,4.1,3
60.561,-139.9659,5.0,2.5,1
52.086,-30.5858,10.0,4.3,2
57.149,-155.515,74.0,2.5,1
40.5788,-119.5905,4.0,3.41,1
52.1319,160.7323,10.0,4.4,2
50.2714,156.439,56.548,4.3,2
32.173,-102.161,8.4473,2.8,1
31.652,-104.353,7.8943,2.7,1
31.666,-104.355,7.4072,2.7,1
54.774,-156.897,13.5,4.1,1
35.548166666667,-120.78633333333,4.79,2.82,1
54.772,-156.886,12.0,4.2,1
54.747,-156.915,24.4,3.0,1
58.234,-155.924,13.4,2.6,1
65.439,-151.528,2.6,2.6,1
23.7096,70.4196,10.0,4.6,2
56.5713,-148.8258,10.0,2.6,1
34.376333333333,-118.62633333333,10.91,2.52,1
-12.1351,167.293,288.191,4.8,3
31.67,-104.366,6.0999,2.6,1
-6.1939,147.8366,49.905,4.3,3
-21.4887,-68.5894,148.938,4.0,3
17.9415,-66.8465,11.85,2.67,1
43.8807,-105.3604,0.0,3.2,1
0.1711,129.64,10.0,4.5,3
18.479666666667,-65.906166666667,103.82,2.92,1
31.673,-104.361,6.0999,2.7,1
31.67,-104.363,6.3049,2.6,1
57.8588,155.7394,10.0,4.9,2
52.4255,163.6086,10.0,4.5,2
-4.5045,152.2189,104.384,4.2,3
31.674,-104.362,6.0999,3.5,1
31.676,-104.363,6.0999,2.5,1
31.668,-104.363,6.9714,3.3,1
-27.3008,-69.956,97.164,4.2,3
-40.6856,176.1199,26.146,4.5,3
-56.0161,-26.5191,34.327,4.6,3
0.5079,123.6649,260.89,4.7,3
60.5799,-139.9263,5.0,2.5,1
41.2616,142.4348,56.471,4.6,2
41.2106,142.4687,54.143,5.6,2
11.7644,143.2277,10.0,4.7,2
60.4981,-139.5992,5.0,3.1,1
60.481,-139.634,0.6,2.6,1
24.828,97.8254,10.0,4.4,2
57.898,-154.729,80.6,2.8,1
18.897,-66.300833333333,40.77,3.12,1
44.3631,149.0615,35.0,4.8,2
60.8,-150.178,42.4,2.9,1
54.8533,-160.8714,22.179,2.6,1
51.5335,179.3886,66.973,2.8,2
60.5601,-139.8061,5.0,3.2,1
-26.6316,-176.2731,10.0,5.0,3
60.7914,-140.0707,5.0,3.9,1
-61.1533,-35.4998,10.0,4.7,3
-61.2585,-35.6231,10.0,4.5,3
60.4413,-139.5697,1.134,2.9,1
18.132,-66.373,7.99,2.61,1
-61.0958,-36.1709,10.0,4.4,3
-61.2144,-36.2321,10.0,4.6,3
15.0232,147.7715,10.0,4.5,2
-61.1332,-36.3328,10.0,5.0,3
-61.1895,-36.1611,10.0,4.4,3
19.143333333333,-67.979666666667,24.95,3.43,1
47.526,-122.77416666667,22.71,2.82,1
60.078,-140.773,1.8,2.6,1
-15.8352,-74.7509,25.018,4.4,3
44.4598,149.0076,58.296,4.4,2
52.5535,-169.0531,35.0,3.0,1
60.4579,-139.5496,5.0,2.5,1
18.943666666667,-64.531833333333,42.27,3.13,1
-26.6063,-114.6182,10.0,4.6,3
62.024,-151.776,107.9,3.1,1
-22.1152,-179.5665,611.176,4.3,0
40.388333333333,-124.7045,22.52,2.9,1
51.3849,159.5603,10.0,4.4,2
51.6544,179.5824,76.959,3.2,2
3.1466,125.7941,138.464,4.3,3
6.6699,-72.9808,173.442,4.3,3
60.6338,-139.9847,5.0,2.8,1
52.1499,-169.6467,35.0,2.9,1
-20.3859,-177.8699,553.516,4.3,0
-28.8122,-71.539,27.31,3.9,3
53.4598,-161.174,10.0,2.8,1
18.955333333333,-155.55316666667,40.13,3.2,1
31.667,-104.357,6.5613,2.6,1
43.6603,147.8058,47.63,4.9,2
34.0687,-5.5488,10.0,4.1,2
11.7823,143.1062,10.0,5.1,2
72.1242,1.1624,10.0,5.0,2
-17.6371,-175.1886,272.933,4.3,0
72.0647,0.9333,10.0,4.3,2
58.3341,-32.1459,10.0,4.8,2
43.8008,-105.3267,0.0,3.2,1
6.3659,123.9582,529.927,4.0,0
-57.3621,148.6989,10.0,4.7,3
43.5549,-105.2539,0.0,3.3,1
-33.461,78.0184,10.0,4.5,3
-22.7284,170.9369,10.0,4.4,3
34.003,-116.76616666667,15.6,2.86,1
-33.2603,77.945,10.0,4.4,3
22.8735,121.2247,7.075,4.2,2
43.7595,147.7755,55.342,4.1,2
37.743333333333,-121.95,9.11,2.97,1
12.3753,-87.9581,47.201,4.3,3
58.3774,-32.1618,10.0,4.5,2
-14.9984,-176.4803,10.0,4.5,3
-18.8939,-177.6713,598.301,4.1,0
33.977333333333,-118.91216666667,14.92,2.77,1
11.7846,143.3634,12.0,5.7,2
-24.3118,-67.0526,170.546,4.3,3
12.9202,144.9144,46.114,4.2,2
-6.5238,35.807,10.0,4.2,3
-2.862,101.1384,62.216,4.5,3
13.0227,144.6297,45.95,5.0,2
43.583,148.0311,30.203,4.3,2
19.087333333333,-64.2605,24.47,3.31,1
17.961333333333,-66.8095,12.37,2.53,1
-32.4238,-71.4147,41.215,4.2,3
-18.6469,-175.7455,278.959,4.4,0
51.253,-174.8606,10.0,3.7,1
51.2543,-174.8171,10.0,4.0,1
51.338,-174.9467,9.08,3.3,1
-24.2137,179.9664,520.375,4.4,0
58.579,-151.075,12.5,2.6,1
51.221,-174.898,10.0,4.8,1
61.208,-150.202,43.1,2.6,1
60.4811,-139.7142,5.0,2.7,1
14.2339,-93.3683,30.717,4.1,3
22.8982,121.2494,8.0,6.0,2
52.2173,-171.4627,8.407,3.1,1
51.2421,-174.8727,10.0,2.6,1
56.205,-155.791,11.6,2.6,1
59.028,-152.262,50.6,2.7,1
27.0016,54.9871,10.0,4.3,2
63.596,-149.903,124.2,2.5,1
-22.6022,-69.0076,110.11,4.3,3
8.3133,127.463,10.0,4.7,3
-4.5297,102.6053,59.001,4.8,3
12.6319,92.7492,35.0,4.8,3
41.0788,142.8297,42.891,4.1,2
41.2502,-116.7046,6.0,3.97,1
57.451,-153.425,1.0,2.6,1
51.4008,-174.942,35.0,3.7,1
-5.8971,149.5868,134.441,4.1,3
55.5825,161.7852,97.631,4.2,2
19.3828,39.3851,10.0,4.3,2
-23.7281,179.9978,548.993,4.1,0
-18.0233,-177.7486,626.135,4.3,0
19.2908,39.2095,10.0,4.5,2
59.979,-141.643,13.0,2.5,1
62.302,-151.732,97.1,3.2,1
51.5477,-174.0973,35.0,2.8,1
-32.3643,-71.4542,51.045,4.5,3
16.5468,-59.651,13.05,4.5,3
59.408,-152.595,71.4,2.5,1
54.1726,-160.1895,30.868,2.7,1
41.2672,142.5146,53.512,4.3,2
51.6531,-178.0581,81.103,2.6,1
19.5956,-66.0323,40.0,3.53,1
19.6115,-66.089333333333,17.98,3.35,1
58.288,-136.802,9.9,2.9,1
54.5689,-160.2192,18.391,2.6,1
18.1139,145.4741,297.607,4.0,0
28.2952,51.6921,10.0,4.1,2
0.8,96.8472,10.0,4.1,3
40.6065,-109.5293,0.0,3.1,1
31.717,-104.511,6.0999,2.7,1
-14.5564,167.1377,157.0,5.6,3
-24.96,179.8016,520.296,4.5,0
60.5795,-139.6813,5.0,2.6,1
51.1048,159.4435,10.0,4.6,2
-12.2244,166.753,199.013,4.4,3
49.6991,157.8171,10.0,4.7,2
51.5984,-176.1154,62.083,3.1,1
66.317,-141.842,9.8,2.8,1
-24.2984,-67.1417,143.356,4.2,3
-56.8866,-140.9671,10.0,4.2,3
17.966,-67.053666666667,13.39,2.66,1
18.188833333333,-67.146333333333,23.28,2.68,1
53.0792,159.5291,78.401,4.4,2
51.0719,-179.4424,13.145,2.9,1
-19.5181,-173.0066,10.0,4.5,3
60.638,-151.938,84.9,2.7,1
-18.1414,-175.1362,182.375,4.5,3
43.3943,147.7436,45.258,4.2,2
60.5495,-139.9603,5.0,2.6,1
-58.3364,-23.3069,10.0,5.0,3
56.3937,-148.6651,10.0,2.8,1
60.5423,-139.8621,10.671,2.6,1
-4.1381,128.7192,10.0,4.5,3
56.336,-157.315,58.1,2.6,1
19.177166666667,-155.48433333333,31.42,3.37,1
-5.6145,147.3239,208.225,5.2,3
51.0974,-179.4144,37.326,3.8,1
33.1242,137.7749,334.154,5.2,0
60.3748,-140.7859,5.0,3.3,1
14.3593,-93.3468,10.0,4.3,3
51.4895,-179.1795,75.796,2.8,1
53.3822,-165.0161,39.246,3.6,1
44.8326,100.3086,10.0,4.1,2
34.170666666667,-116.946,8.1,2.72,1
39.893,-120.5675,-1.7,2.68,1
37.75,-121.94583333333,9.18,2.6,1
23.7369,121.658,36.575,4.2,2
59.733,-152.781,87.8,2.6,1
-17.7597,-178.0375,476.548,4.4,0
-7.1085,129.2665,137.45,4.2,3
2.3154,-101.5098,10.0,4.3,3
-18.4639,-178.0883,459.62,4.3,0
53.9263,-162.9269,8.27,2.7,1
40.7155,51.8267,49.334,5.1,2
-41.3993,-84.7589,10.0,4.8,3
42.0202,-126.1152,10.0,3.7,1
51.1476,178.1887,10.0,3.2,2
-8.0859,119.191,9.922,4.1,3
-27.5263,-176.2467,10.0,4.7,3
-4.6583,125.1727,521.228,4.3,0
59.379,-154.313,8.6,2.6,1
19.048,-65.924166666667,25.94,3.0,1
60.5834,-139.9166,5.658,3.2,1
-57.8606,-25.0114,31.894,4.4,3
60.357,-152.938,136.4,2.5,1
56.108,-156.652,42.6,3.1,1
51.7957,-172.8988,10.0,3.0,1
28.6714,51.0691,10.0,4.0,2
-56.4199,-26.4736,75.469,4.5,3
59.641,-150.256,23.2,2.5,1
36.649833333333,-121.29683333333,5.36,3.28,1
37.7797,141.9747,58.699,4.3,2
62.413,-148.001,42.7,2.7,1
60.898,-150.611,53.7,3.2,1
59.8337,-30.0607,10.0,4.5,2
61.282,-148.527,22.4,2.6,1
-21.0754,-68.3246,129.109,4.8,3
59.9692,-29.7573,10.0,4.4,2
-17.8056,167.9699,30.735,4.4,3
-15.1851,-174.8226,274.419,4.2,0
36.7152,27.0117,146.758,4.2,2
37.257499694824,-118.36183166504,14.319999694824,2.61,1
42.2758,143.1513,65.468,4.2,2
18.6661,-66.3375,70.0,3.55,1
43.5849,-127.4161,10.0,3.9,1
-30.785,-178.5347,10.0,4.6,3
51.9094,-169.2983,10.0,3.6,1
0.9916,120.5479,596.654,4.6,0
-6.2539,149.149,55.607,4.6,3
10.7865,-86.5548,10.0,4.3,3
-6.1773,131.1885,65.107,4.6,3
43.406,147.8202,52.276,4.2,2
-21.0645,-177.9776,445.052,4.8,0
21.2891,101.6636,10.0,4.3,2
9.2882,123.1783,10.0,4.2,3
60.5229,-139.8536,5.0,4.5,1
60.996,-148.116,4.6,2.6,1
60.587,-139.993,4.6,2.5,1
60.576,-140.0741,7.181,2.6,1
-6.2303,151.7778,10.0,4.9,3
50.2401,156.1622,84.877,4.4,2
28.746,-98.845,6.94,2.5,1
60.6203,-140.0919,5.0,2.9,1
63.092,-150.925,125.0,2.5,1
26.8602,55.0341,10.0,4.2,2
18.072333333333,-66.156166666667,67.14,2.75,1
26.0146,126.0921,89.971,4.9,2
39.3391,114.4477,10.0,4.6,2
52.9701,159.9484,62.549,4.3,2
62.972,-151.031,119.2,3.0,1
60.447,-153.102,141.3,3.0,1
-5.7036,145.5368,107.0,6.5,3
32.141,-101.081,8.9355,2.6,1
1.453,126.4287,52.071,4.3,3
32.143,-101.069,8.5693,3.4,1
40.4235,-125.24283333333,9.86,2.86,1
60.6002,-139.7819,3.96,2.6,1
32.141,-101.075,8.8623,2.8,1
60.665,-152.789,129.9,2.6,1
17.967,-68.424166666667,71.91,3.42,1
18.158,-68.9454,10.0,3.1,1
-23.5648,-69.2329,96.015,4.3,3
-23.4771,178.859,561.941,4.3,0
14.3484,-93.1752,35.0,4.6,3
14.3738,-93.1789,35.0,5.3,3
-20.8101,68.502,10.0,4.3,3
8.448,127.6638,10.0,4.6,3
-55.2488,-27.4874,10.0,4.6,3
40.476333618164,-124.250831604,5.0500001907349,2.89,1
-55.4329,-27.5119,10.0,4.4,3
39.7525,141.8182,67.302,4.4,2
-5.646,151.7832,35.0,4.5,3
-5.5178,151.7579,48.587,5.3,3
36.783332824707,-121.40850067139,6.8800001144409,2.63,1
17.6585,146.1456,153.099,4.7,2
36.156665802002,-119.92566680908,14.729999542236,2.56,1
-55.3529,-27.4001,15.923,4.8,3
32.143,-101.075,8.7158,2.6,1
-53.5331,24.905,10.0,4.5,3
13.3812,146.3363,10.0,4.5,2
60.5498,-139.6848,5.0,4.1,1
41.3004,78.8233,10.0,4.2,2
60.5628,-139.9743,5.0,2.9,1
36.790333333333,-121.408,7.05,3.29,1
43.8206,-105.3415,0.0,3.2,1
41.143,143.0842,41.623,4.3,2
8.3759,127.6817,9.0,5.6,3
12.1739,-87.9686,38.535,4.4,3
-10.385,160.8038,13.993,4.9,3
-7.1723,129.3087,151.324,4.3,3
44.3648,-114.9764,5.391,3.2,1
44.5259,149.1564,53.422,4.3,2
12.0948,-88.0283,35.0,4.2,3
30.0004,138.8563,408.142,4.1,0
-5.63,151.8978,53.45,4.9,3
60.455,-139.6312,5.0,2.7,1
3.0699,-75.1055,10.0,4.4,3
19.3618,-67.7553,53.0,3.48,1
-61.9909,161.4223,10.0,5.0,3
31.653,-104.392,6.0999,2.9,1
-21.085,-68.6888,129.227,4.2,3
1.4457,126.392,44.0,5.5,3
59.324,-153.133,84.6,2.7,1
60.5519,-139.9671,5.0,2.5,1
14.3872,146.9368,10.0,4.5,2
23.7593,122.4732,10.0,4.4,2
43.8649,-127.6328,10.0,4.7,2
-28.9279,-176.8872,10.0,4.5,3
30.0685,138.7379,415.354,4.3,0
-8.3905,-75.191,128.482,4.1,3
60.6275,-139.9995,5.0,2.9,1
-30.8379,-65.4287,189.332,4.8,3
34.7697,141.8354,10.0,5.1,2
27.4102,129.0743,38.417,4.2,2
49.8811,155.8327,93.441,4.0,2
60.383,-152.372,102.2,2.5,1
-7.3365,128.9356,151.05,4.5,3
-5.5625,151.8606,33.352,5.2,3
38.8378,70.6248,10.0,4.8,2
43.4728,147.9039,44.501,4.4,2
43.5908,147.6524,35.0,4.7,2
58.227,-136.849,10.0,3.6,1
60.547,-139.8523,5.0,3.8,1
43.4097,147.835,35.0,5.0,2
60.567,-140.0227,5.0,4.1,1
-6.7507,131.2933,44.811,5.1,3
43.4104,147.8847,35.0,5.0,2
43.382,148.0115,10.0,5.2,2
43.5793,147.9402,35.0,4.3,2
43.5394,147.7812,35.0,4.8,2
60.4731,-139.6718,5.0,2.8,1
43.2082,148.2215,10.0,4.3,2
37.748166666667,-121.95083333333,10.06,2.9,1
13.0963,125.6848,10.0,4.2,2
37.749333333333,-121.945,8.91,2.76,1
37.747166666667,-121.9455,10.03,3.9,1
-18.0377,-178.5833,624.307,4.1,0
43.5958,147.717,35.0,5.1,2
18.279,-64.677666666667,84.29,3.23,1
17.996166666667,-66.781666666667,13.1,2.8,1
40.8014,142.0514,57.224,5.4,2
-58.3225,-24.8998,24.446,4.5,3
59.401,-152.979,78.0,2.8,1
44.4939,147.3328,78.971,4.4,2
43.5603,147.7479,35.0,4.9,2
43.601,147.8963,35.0,5.0,2
43.5316,147.9119,10.0,4.9,2
-35.5154,179.0807,10.0,4.1,3
43.6347,147.8298,10.0,4.8,2
36.7861,25.7763,10.0,4.0,2
-2.518,121.6537,10.0,4.3,3
51.4244,-176.0967,35.0,3.2,1
60.4013,-139.5045,5.0,2.5,1
51.2427,-177.1205,35.0,2.8,1
43.664,-105.1945,0.0,3.1,1
-6.5625,143.6975,10.0,4.3,3
53.334,-164.947,4.7,2.6,1
59.629,-152.918,89.5,2.8,1
-63.8354,173.0182,11.159,4.5,3
-52.3544,28.0513,10.0,4.5,3
-20.1183,-68.1067,151.442,5.3,3
-17.2313,-71.9149,72.708,4.2,3
54.467,-160.3228,35.0,2.7,1
50.3079,-174.2451,10.0,2.9,1
-17.5975,-69.6577,159.302,4.0,3
-22.001,-175.6772,73.286,4.9,3
-60.2485,-25.2422,10.0,4.1,3
60.5214,-139.6944,5.0,2.7,1
1.6029,127.2081,99.575,4.0,3
60.544,-139.961,5.0,3.8,1
60.5,-139.898,5.0,4.2,1
-63.458,173.854,10.0,4.3,3
51.1868,-178.5471,35.0,3.3,1
37.749,-121.94566666667,8.97,2.64,1
14.9206,144.7328,17.607,4.1,2
51.9548,179.5437,192.861,3.3,2
13.9134,144.6483,148.056,3.8,2
54.6555,-161.2388,35.0,2.7,1
44.0197,-128.6624,10.0,4.3,1
34.3685,-119.241,9.16,2.8,1
51.081,159.6891,10.0,4.4,2
-5.2321,102.4614,34.436,4.6,3
42.752,145.9512,35.0,5.2,2
34.377833333333,-119.24816666667,7.37,2.72,1
8.7445,-83.5964,36.54,4.1,3
42.7784,146.1329,30.408,4.8,2
42.7096,146.0547,10.0,5.2,2
51.2781,-176.9528,35.0,2.7,1
38.954,-123.05866666667,3.97,2.63,1
1.427,127.3958,82.03,4.3,3
0.4908,121.9251,121.632,5.0,3
60.6337,-139.9272,5.0,2.5,1
-63.7108,172.3365,10.0,5.3,3
54.5549,-159.6438,33.938,3.0,1
60.5963,-139.8423,7.832,3.4,1
40.393,-125.12183333333,10.0,2.75,1
36.237333333333,-120.836,7.01,3.29,1
-30.9679,-179.3514,199.19,4.6,3
-24.3772,179.9373,531.152,4.1,0
18.7385,-65.2605,63.51,3.05,1
58.82,-154.607,115.9,2.7,1
-63.8087,172.771,10.0,5.6,3
31.515833333333,-115.62883333333,3.85,2.87,1
-30.9601,-68.9483,112.498,4.3,3
60.439,-139.542,1.3,2.5,1
-25.384,179.6597,520.876,4.2,0
10.1964,126.1748,10.0,4.5,3
43.5911,147.3447,55.299,4.3,2
33.4962,71.9641,10.0,4.3,2
37.749833333333,-121.946,8.73,2.93,1
37.7485,-121.93266666667,4.93,2.5,1
37.743666666667,-121.95316666667,9.63,3.95,1
37.742833333333,-121.95383333333,9.56,3.77,1
-7.2875,39.9414,10.0,4.3,3
64.143,-148.033,97.3,3.2,1
51.7563,160.359,10.0,4.4,2
53.4673,-165.899,51.702,3.6,1
51.7074,160.1951,22.427,4.9,2
46.547,-123.366,40.33,2.65,1
53.8983,-166.6108,9.357,3.7,1
53.8999,-166.6306,5.871,3.7,1
-6.6687,155.1769,21.346,4.4,3
37.393166666667,-118.5715,5.04,2.99,1
60.5392,-139.8504,5.0,3.2,1
63.081,-150.948,120.9,3.2,1
-0.7716,-77.9623,10.0,5.1,3
49.9822,155.9471,76.485,4.4,2
39.7195,143.2649,36.166,4.7,2
31.734,-104.116,7.7789,2.6,1
13.4538,144.4261,122.074,4.0,2
-19.0185,-177.4555,627.268,4.3,0
-15.2859,-174.9259,243.231,4.6,3
44.4583,-105.4704,0.0,3.0,1
43.7205,-105.3569,0.0,3.3,1
52.2582,159.7259,50.987,4.2,2
59.987,-151.951,54.2,3.0,1
20.1066,148.0444,10.0,4.5,2
8.6096,126.9329,64.042,4.4,3
34.28,-116.76983333333,3.64,2.57,1
60.4342,-140.1938,5.0,2.7,1
44.3318,147.9332,94.8,4.4,2
33.474166666667,-116.49016666667,12.99,3.23,1
7.603,126.9087,35.051,4.1,3
-63.6798,173.3616,10.0,4.6,3
-13.6034,-74.7837,83.771,4.1,3
60.629,-139.981,5.0,2.5,1
-63.6835,172.6283,10.0,4.5,3
27.2631,53.8535,10.0,4.4,2
20.196,-156.62433333333,33.4,2.69,1
51.1452,-176.3378,10.0,2.7,1
-29.2831,-177.8099,10.0,4.7,3
-20.7635,-177.935,466.672,4.4,0
51.338,159.159,37.534,4.6,2
32.4181,140.0522,145.105,4.7,2
51.7462,-179.8228,106.321,3.3,1
40.8936,142.7446,46.719,4.1,2
-7.2788,126.5952,330.724,4.1,0
18.808,-66.427,20.06,3.03,1
-24.2455,-67.0137,217.234,4.1,3
-15.6033,-179.7463,10.0,4.4,3
60.4561,-139.7922,5.0,2.5,1
18.685666666667,-66.902666666667,19.76,2.76,1
14.3234,-92.6674,35.0,4.6,3
40.8139,143.0055,44.87,4.0,2
60.435,-139.3561,5.0,2.5,1
54.447,-159.9281,35.0,2.7,1
60.3991,-139.428,3.061,3.5,1
52.1314,-171.3643,10.0,3.0,1
36.2217,69.2333,37.263,4.6,2
60.461,-139.4812,5.0,2.8,1
36.2913,69.2473,35.0,5.3,2
18.9416,120.8161,31.531,4.4,2
7.7554,126.7636,64.549,4.9,3
-15.7203,-179.5763,10.0,5.7,3
40.9601,143.1043,35.0,4.0,2
26.1958,125.128,185.198,4.6,2
43.424,147.9825,38.731,4.3,2
51.7637,179.5731,91.669,2.6,2
-17.9614,-178.9021,544.976,4.5,0
8.7018,126.9099,35.0,5.2,3
51.8154,-167.2162,10.0,3.8,1
58.288,-136.784,8.9,2.9,1
32.182,-101.193,8.2275,2.5,1
56.905,-152.855,9.0,2.6,1
38.816,-122.78083333333,1.71,2.76,1
31.671,-104.365,6.0999,2.5,1
19.133,-68.0925,21.9,3.39,1
43.0759,148.3479,10.0,4.4,2
58.252,-136.821,4.6,4.0,1
-21.9951,-177.9062,359.768,4.3,0
-3.1423,127.5118,35.484,4.7,3
15.7751,119.3171,10.0,4.6,2
53.0932,159.8619,51.355,4.3,2
-21.113,-68.9959,113.218,4.1,3
48.5464,157.2603,10.0,4.8,2
-6.1334,154.5809,416.609,4.6,0
51.4075,-172.9352,35.0,3.2,1
18.7505,-68.1573,91.0,3.96,3
6.883,127.2192,10.0,4.7,3
60.771,-150.764,53.7,2.6,1
-61.9503,162.8643,10.0,5.2,3
5.1478,126.8482,80.331,4.4,3
-3.1926,146.9392,10.0,4.1,3
14.8483,119.8742,42.577,4.8,2
64.893,-149.083,2.9,3.4,1
18.053333333333,-65.543666666667,16.78,3.19,1
64.415,-146.749,1.8,2.5,1
13.7632,-92.0983,35.0,4.4,3
43.7031,147.7791,35.0,4.4,2
60.599,-140.0854,5.0,3.0,1
35.8665,-116.86766666667,6.04,3.5573812661485,1
51.1329,179.9225,35.0,2.6,2
-55.9161,-26.0767,10.0,4.5,3
55.9258,162.6895,46.586,4.1,2
49.9708,-177.5163,35.0,2.7,1
43.5116,147.8876,35.0,4.9,2
36.8954,141.0697,54.582,4.4,2
2.5581,95.8302,33.799,4.2,3
-6.2536,131.5376,88.657,4.4,3
28.743,-98.83,6.518,2.6,1
61.662,-151.058,65.2,2.7,1
60.5749,-139.9838,5.0,2.8,1
31.932,-103.404,5.7538,2.6,1
52.8123,159.953,38.0,5.9,2
40.510166666667,-122.22733333333,22.32,2.75,1
49.8776,155.9521,81.935,4.1,2
24.0702,121.7741,32.176,4.6,2
51.5468,159.6746,44.532,4.3,2
27.9608,142.7311,10.0,4.4,2
2.0198,99.0703,145.075,4.4,3
18.9848,-64.3905,53.0,3.67,1
43.754,147.8069,10.0,4.2,2
36.768166666667,-121.49266666667,7.38,2.73,1
65.182,-154.242,6.6,2.5,1
52.9289,-168.1132,64.83,3.2,1
60.5121,-140.0838,5.0,2.6,1
19.1135,-65.1045,93.15,3.43,1
-4.7558,152.7685,50.626,4.4,3
19.8566,121.3308,39.251,4.5,2
19.9353,121.2672,18.0,5.5,2
50.0947,159.2446,10.0,4.4,2
50.805,-174.2084,10.0,2.9,1
1.3857,125.7798,65.736,5.0,3
56.406,-157.156,43.4,2.7,1
39.8128,143.098,41.582,4.6,2
17.9525,-66.963666666667,10.67,2.53,1
-8.6951,110.3162,75.672,4.4,3
17.988,-66.008,79.71,2.74,1
-20.4745,-175.3687,173.019,4.9,3
4.9696,95.9887,10.0,4.6,3
47.6449,-69.8331,19.406,3.0,1
51.1507,159.343,10.0,4.3,2
39.4698,143.2567,35.0,4.3,2
31.949,-101.463,8.9111,2.6,1
-17.3134,-69.466,177.241,4.2,3
51.1051,-179.4465,23.871,2.5,1
31.739,-104.259,6.6125,2.7,1
-20.3697,169.2956,61.494,5.2,3
52.1365,159.2386,48.513,4.1,2
42.5123,-126.3787,10.0,3.5,1
39.9039,143.0208,42.192,4.6,2
26.1352,97.1858,10.0,4.6,2
52.8969,-167.9073,35.0,2.7,1
47.1469,152.3326,105.689,4.0,2
37.3103,-114.8325,0.0,2.82,1
60.5263,-140.1838,5.0,3.5,1
6.7182,-82.5956,10.0,5.6,3
51.4078,159.3352,35.0,4.3,2
-5.4174,129.2534,258.344,4.0,3
-18.4434,168.5671,95.772,5.0,3
42.6832,17.6545,10.0,4.4,2
38.3638,-26.6536,11.492,4.5,2
50.6573,-173.9832,10.0,2.6,1
-15.7027,-177.938,438.779,4.1,0
60.564,-140.0435,5.0,2.5,1
41.0658,83.2521,10.0,4.5,2
53.495,-165.646,24.7,2.5,1
-63.4005,-167.8857,10.0,4.6,3
-16.7324,-177.4109,400.264,5.4,0
59.944,-152.193,77.7,2.8,1
-16.543,-174.0424,164.566,4.4,3
-58.6643,-25.2234,35.0,5.6,3
18.0303,-68.698,7.0,3.46,1
60.4134,-139.5703,5.0,2.5,1
-0.6773,97.1344,10.0,4.5,3
-10.5475,91.5157,10.0,4.6,3
39.1705,145.3626,10.0,4.4,2
56.3528,-148.6219,10.0,3.0,1
17.995666666667,-66.957166666667,7.91,2.51,1
-23.8942,179.6029,568.441,4.5,0
60.59,-140.039,5.0,2.5,1
18.795666666667,-67.95,71.24,3.39,1
60.4054,-139.6432,5.0,3.2,1
27.5427,139.8854,486.645,4.3,0
30.0712,69.8249,10.0,4.4,2
40.498666666667,-124.82366666667,23.27,2.81,1
57.145,-157.625,1.2,2.5,1
60.435,-147.455,22.0,2.5,1
60.5944,-139.8789,5.0,2.6,1
18.6559,145.5107,227.258,4.5,2
59.927,-152.764,94.6,2.6,1
-0.4941,67.5628,10.0,4.3,3
35.900333333333,-117.67683333333,1.98,3.07,1
41.2916,142.346,51.965,5.0,2
53.0231,-173.3531,208.727,3.2,1
-0.5648,134.7547,21.378,4.3,3
60.3903,-139.344,5.0,2.8,1
60.3869,-139.4218,5.0,2.9,1
-7.5435,128.2641,152.143,4.3,3
60.5316,-139.9813,5.0,2.5,1
61.09,-147.384,14.3,2.9,1
58.865,-152.09,42.1,2.6,1
43.5148,148.0085,10.0,4.3,2
12.6793,-88.4711,62.909,4.3,3
0.0096,123.5546,137.497,4.3,3
51.1275,178.7395,10.0,2.9,2
37.750833333333,-121.9485,8.36,2.95,1
-5.3724,68.6478,10.0,4.6,3
43.4286,148.1529,10.0,4.6,2
50.088,-174.6197,14.826,2.6,1
43.4857,147.8117,35.0,4.0,2
10.8074,-62.9704,122.966,4.0,3
31.9149,104.5459,10.0,4.3,2
34.157166666667,-117.42783333333,6.48,3.14,1
51.1909,-179.4034,35.0,2.9,1
44.0395,147.4985,35.0,4.3,2
41.1716,-116.6914,11.6332,2.73,1
-5.6327,147.7505,181.355,4.4,3
27.8628,131.2057,10.0,4.7,2
60.555,-139.998,5.0,2.5,1
60.5419,-139.9118,5.0,2.9,1
45.2558,149.7259,75.248,4.6,2
43.5441,148.0251,10.0,5.2,2
46.5109,155.5768,10.0,4.4,2
51.3583,158.5449,35.0,4.4,2
36.6364,36.4572,10.0,4.1,2
60.244,-139.936,5.0,3.0,1
60.256,-139.963,5.0,3.8,1
60.288,-139.915,5.0,3.2,1
51.0996,174.7011,10.0,3.5,2
27.9134,51.8213,10.0,4.1,2
40.495833333333,-124.77616666667,24.13,2.8,1
56.3789,-148.6739,9.697,5.0,2
44.3837,149.5287,35.0,5.1,2
51.3132,-177.0122,35.0,2.6,1
61.608,-146.401,8.7,2.5,1
51.3571,-176.9534,35.0,2.9,1
18.8732,145.3521,372.736,3.9,0
60.449,-139.482,1.6,2.6,1
2.0579,127.2379,88.129,4.4,3
40.7972,142.1268,58.921,4.3,2
23.9928,49.1093,10.0,4.0,2
60.4017,-139.6951,5.0,2.9,1
61.251,-150.353,38.2,2.6,1
32.9407,-119.9107,10.0,3.4,1
42.3604,81.1837,10.0,4.2,2
59.291,-153.162,93.9,3.2,1
32.9767,139.6336,192.741,4.2,2
51.4523,-179.8721,66.399,2.5,1
-23.4783,179.7963,554.606,4.2,0
42.6986,148.5185,10.0,4.0,2
60.501,-139.633,3.2,2.6,1
65.201,-154.292,4.4,2.6,1
60.544,-140.002,7.5,2.5,1
53.5829,-166.3967,70.15,3.5,1
59.135,-134.915,10.3,3.5,1
57.122,-157.625,2.6,3.5,1
43.3963,148.0922,10.0,4.6,2
51.445,-178.243,13.0,2.9,1
-15.5576,-172.8108,10.0,4.7,3
62.033,-150.688,63.9,2.6,1
-18.3819,-177.7835,568.771,4.4,0
-5.1266,102.6714,38.826,4.1,3
60.5675,-140.199,5.0,2.5,1
52.694,-169.684,15.076,2.8,1
-6.9036,155.6917,35.0,4.6,3
60.272,-139.926,3.1,2.5,1
60.5179,-139.9667,5.0,2.8,1
34.393166666667,-119.25516666667,4.31,3.3,1
58.19,-153.536,62.8,2.5,1
42.539,130.6594,575.724,4.4,0
35.4073,20.488,38.482,4.0,2
37.750166666667,-121.9485,8.89,2.99,1
-43.5631,-16.1095,10.0,4.6,3
-43.7809,-16.2259,10.0,5.0,3
-43.6591,-16.3214,10.0,5.1,3
-22.2808,-176.4127,10.0,4.8,3
13.7614,120.7577,162.819,4.2,3
36.9515,30.8279,105.95,4.1,2
37.2812,20.2044,46.918,4.2,2
60.57,-139.774,5.0,2.6,1
60.612,-140.07,2.2,2.6,1
60.168,-151.855,79.9,3.3,1
-25.9649,179.6835,508.72,4.9,0
60.616,-140.181,0.9,2.6,1
48.1893,153.2737,140.047,4.5,2
51.3192,159.3399,29.101,4.7,2
-11.6932,163.4164,10.0,5.2,3
50.2022,178.1958,10.0,3.2,2
17.484,-66.690833333333,13.88,2.72,1
59.811,-150.12,12.5,2.5,1
60.618,-152.026,76.5,2.8,1
-32.9668,-70.285,113.707,4.2,3
-18.0453,-177.8588,620.421,4.4,0
44.7058,146.4943,156.664,4.2,2
-27.5598,-70.1251,91.382,4.1,3
-4.7414,122.6823,10.0,4.4,3
40.9265,143.0232,35.0,5.1,2
41.8431,-126.6067,10.0,2.9,1
42.0641,-126.2604,10.0,3.5,1
41.7789,-126.8464,10.0,3.2,1
54.0445,-161.1587,10.0,2.7,1
11.6461,-86.4167,87.746,4.5,3
52.3467,160.6799,10.0,4.1,2
18.1125,-66.1173,24.0,3.24,1
60.5306,-139.9893,5.0,3.1,1
0.8882,-29.6473,10.0,4.5,3
38.8057,141.7486,94.269,4.5,2
18.360833333333,-67.539166666667,11.8,2.93,1
-22.0283,-68.5443,117.636,4.0,3
40.434166666667,-125.215,10.0,2.69,1
34.488333333333,-119.01733333333,10.52,2.79,1
60.5355,-140.0276,5.0,2.6,1
62.346,-148.804,26.9,2.9,1
-17.1006,168.4113,215.635,4.2,3
60.448,-139.857,1.7,2.5,1
53.5945,-166.3976,65.389,3.1,1
-1.5529,-77.7537,181.434,4.1,3
60.5235,-139.9549,5.0,2.5,1
58.731,-152.235,42.1,2.5,1
56.865,-154.676,10.7,2.7,1
37.4097,20.1314,16.436,5.4,2
31.935,-103.392,6.6766,2.5,1
14.17,145.8188,80.0,5.6,2
60.467,-139.7008,6.783,2.7,1
60.5621,-139.9804,5.0,3.3,1
-16.3458,-74.3318,37.824,4.0,3
60.4622,-139.6775,5.0,2.7,1
60.4208,-139.4767,5.0,2.6,1
51.8448,178.3845,112.155,2.6,2
41.02,142.8972,41.31,4.4,2
-6.2417,130.006,159.763,4.3,3
61.729,-147.692,24.9,3.0,1
60.6087,-139.976,6.327,3.7,1
31.939,-103.389,7.1252,3.4,1
43.7751,-105.3799,0.0,3.0,1
25.405,66.512,10.0,4.8,2
-28.3037,62.7506,10.0,5.0,3
51.7312,161.2012,34.0,5.7,2
58.302,-154.214,77.5,2.5,1
51.3409,-176.3602,35.0,3.3,1
58.086,-154.696,80.0,2.6,1
51.383,-176.3758,42.421,4.9,1
36.6555,-106.8086,5.833,3.6,1
51.6416,-176.4803,58.164,3.7,1
17.901833333333,-68.499,20.09,3.32,1
48.527333333333,-121.79833333333,5.67,2.94,1
-18.5726,-69.7518,126.799,4.3,3
43.8555,147.7179,31.247,4.4,2
60.6182,-139.9292,2.9,3.5,1
48.526333333333,-121.80066666667,5.48,2.6,1
-60.7713,-51.9006,10.0,4.7,3
-19.6384,-177.7592,585.953,4.2,0
60.417,-139.503,2.2,2.5,1
60.564,-139.882,16.6,2.5,1
60.4084,-139.5038,5.0,2.5,1
-40.4194,175.8995,38.186,4.0,3
60.352,-139.5884,3.559,2.9,1
56.4829,113.4066,10.0,4.3,2
-46.9301,-13.7452,10.0,4.8,3
40.347666666667,-124.85983333333,16.46,2.83,1
-8.5712,111.0566,117.464,4.1,3
-47.2927,-13.4534,10.0,4.5,3
58.984,-154.407,124.9,2.5,1
51.826,-178.4595,129.334,3.1,1
60.3281,-139.4483,10.0,3.2,1
31.947,-101.463,8.8135,2.7,1
48.8886,154.8832,85.256,4.5,2
36.2039,36.1124,10.0,4.1,2
36.5712,16.9247,10.0,4.2,2
0.2561,98.4728,41.103,4.4,3
18.735666666667,-65.7825,19.99,3.02,1
-30.6442,-71.7215,27.556,4.7,3
60.025,-153.298,135.1,2.7,1
51.8362,160.4527,10.0,5.3,2
-20.673,-178.5956,603.163,4.9,0
6.3466,127.3576,10.0,4.6,3
37.758,-121.939,7.64,2.55,1
-21.7442,-68.9232,96.382,4.2,3
58.618,-154.333,7.6,2.5,1
69.615,-144.662,10.6,2.7,1
-47.2853,97.2931,10.0,4.6,3
-47.3288,97.6416,10.0,4.4,3
60.448,-139.571,2.3,2.6,1
-47.4548,97.5199,10.0,4.6,3
-47.1298,97.264,10.0,4.4,3
-47.2472,97.1715,10.0,4.4,3
60.211,-150.691,46.8,2.5,1
17.9395,-66.905833333333,9.03,2.58,1
6.2254,125.8788,125.466,4.4,3
60.566,-139.924,7.4,2.6,1
51.378,-176.8699,35.0,3.0,1
60.5031,-139.9587,5.0,2.5,1
11.9988,-89.3955,10.0,4.2,3
60.5524,-139.9761,5.0,2.5,1
60.5471,-140.0231,5.0,2.7,1
-1.7712,128.6834,10.0,4.4,3
60.4723,-139.6389,5.0,2.6,1
54.5971,-160.1969,29.913,3.0,1
-39.3222,-75.076,10.0,4.3,3
60.427,-139.506,0.7,2.5,1
-58.7745,-25.6748,71.668,5.3,3
38.379333333333,-122.605,5.67,3.33,1
60.015,-141.443,13.1,2.7,1
43.3059,145.2408,51.87,4.3,2
38.3775,-122.6045,4.64,3.08,1
38.373,-122.604,3.13,4.03,1
-9.4878,110.4116,10.0,4.0,3
-24.1137,-66.7998,198.342,4.3,3
64.913,-148.74,6.4,3.2,1
43.7643,-105.1291,0.0,2.9,1
40.161,142.5495,42.412,4.3,2
31.956,-101.463,7.6904,2.6,1
60.362,-139.513,4.0,2.7,1
-11.9882,167.8248,332.414,4.2,0
19.7774,121.4049,36.623,4.5,2
-1.7675,-78.0415,155.618,4.5,3
31.945,-101.459,8.374,2.8,1
31.5955,-115.58783333333,7.5,3.39,1
37.0518,136.6567,7.591,4.9,2
19.2015,-155.37866666667,29.24,2.68,1
60.472,-139.553,5.0,2.5,1
62.489,-151.207,78.8,2.7,1
41.1977,142.6177,45.719,4.7,2
60.5375,-139.8548,5.4,3.1,1
51.8838,-176.8815,146.46,3.0,1
52.1598,-177.5431,160.04,3.8,1
60.314,-152.344,93.6,2.9,1
50.0273,-174.5562,10.0,3.4,1
-59.3012,-60.2417,10.0,4.8,3
60.559,-139.88,7.5,2.5,1
18.693166666667,-67.088833333333,57.32,3.0,1
40.987,141.9201,61.123,4.3,2
31.936,-103.388,5.8435,2.8,1
37.0702,136.649,10.0,4.8,2
41.4541,142.1713,60.966,4.3,2
60.361,-151.877,76.5,2.6,1
1.9913,126.4277,54.045,5.1,3
-7.1995,125.6981,504.307,4.6,0
63.218,-150.355,107.2,2.5,1
49.5245,155.7098,87.713,4.8,2
-13.0398,166.7778,125.525,4.3,3
29.074,-97.829,6.9835,2.8,1
18.109666666667,-66.3795,6.61,2.9,1
-35.8507,-102.4356,10.0,5.4,3
-6.096,142.6566,10.0,4.4,3
-58.9791,-149.8336,10.0,4.6,3
-43.7903,-16.0949,10.0,4.6,3
-59.9209,-151.1211,10.0,4.8,3
60.5139,-140.0001,5.0,2.6,1
61.171,-151.057,51.0,3.0,1
40.7657,141.9948,57.69,4.1,2
-59.2854,-24.9625,10.0,4.2,3
39.8072,143.6256,10.0,5.0,2
31.715,-104.525,4.2542,2.5,1
60.413,-139.501,5.6,2.5,1
28.605,84.1716,10.0,4.3,2
-4.8068,134.1588,10.0,4.5,3
27.945,140.802,10.0,4.7,2
76.8813,17.7424,10.0,4.0,2
-43.0653,-82.4902,10.0,4.6,3
19.5368,-65.3655,68.0,3.66,1
53.128,-167.2106,53.339,3.0,1
52.7948,-167.5829,35.0,2.8,1
60.4308,-139.8808,5.0,2.5,1
-21.0632,-68.3817,141.939,4.1,3
60.4166,-139.4644,5.0,3.7,1
20.0407,121.4317,35.0,4.4,2
59.885,-152.506,72.8,2.7,1
60.3451,-139.3363,5.0,3.3,1
60.5366,-139.9898,5.0,4.2,1
34.486333333333,-119.01816666667,11.12,3.63,1
-3.2368,101.3683,58.687,5.2,3
1.5998,127.3177,122.004,4.4,3
60.5979,-140.0375,5.0,2.7,1
51.167,-179.592,35.0,3.1,1
49.717,158.4175,10.0,4.4,2
40.4899,143.6278,28.747,4.2,2
37.183,141.0446,60.182,4.4,2
-7.3932,128.8747,168.354,4.1,3
43.6254,-105.3842,0.0,3.1,1
40.5846,143.6757,31.769,4.5,2
37.761166666667,-121.9415,8.26,2.59,1
34.3825,-119.25816666667,7.28,2.73,1
13.2092,-91.2553,10.0,4.7,3
31.665,-104.349,6.4331,2.5,1
-17.1914,-174.0296,126.222,4.0,3
0.1486,121.9721,199.306,4.7,3
22.4946,144.2377,40.329,4.3,2
16.6492,119.729,10.0,4.6,2
60.4465,-139.5815,4.19,3.6,1
-12.5365,167.0174,201.186,4.7,3
-10.4067,124.4798,10.0,4.4,3
24.146,121.9376,33.827,4.1,2
55.8041,-160.1674,11.961,3.6,1
40.411666666667,-125.08183333333,10.0,2.75,1
18.1285,-66.351833333333,13.62,2.5,1
18.8319,146.0976,116.375,4.2,2
-3.9733,140.7437,63.278,4.1,3
5.6678,126.4752,99.491,4.5,3
30.4466,69.518,37.479,4.4,2
-24.0778,179.7929,535.224,4.1,0
-23.9419,-66.6591,206.061,4.3,3
57.3297,-32.9584,10.0,4.5,2
-59.0011,-25.6684,72.555,5.0,3
60.5981,-139.994,5.0,3.1,1
6.4483,94.1726,78.481,4.3,3
30.0753,69.7393,10.0,4.4,2
-17.3385,-178.7291,560.43,4.2,0
62.04,-149.314,2.5,3.0,1
59.855,-153.961,156.6,3.5,1
60.4956,-139.707,5.0,2.7,1
60.5146,-139.6301,5.0,3.0,1
-20.0198,66.1558,10.0,4.3,3
-21.2293,-68.984,90.292,5.4,3
-17.8062,-178.7594,564.786,4.3,0
2.2496,123.9124,355.442,4.3,0
60.253,-151.072,49.3,2.6,1
-22.581,171.0902,62.341,4.6,3
51.7754,178.2568,116.093,3.4,2
52.1512,178.3529,108.0,5.5,2
60.586,-139.9448,3.622,2.7,1
59.637,-152.931,88.1,2.5,1
-1.7801,-79.0621,10.0,4.0,3
60.5029,-139.8706,5.0,2.5,1
51.3089,-172.7612,10.0,3.3,1
18.530833333333,-66.4025,70.05,2.97,1
31.643,-104.598,4.5874,2.9,1
17.961,-66.358333333333,7.26,2.77,1
63.274,-151.648,6.1,2.9,1
31.656,-104.382,6.0999,2.6,1
10.9166,93.7806,167.634,4.2,3
41.0241,142.1743,66.79,4.6,2
51.2878,-176.0681,23.302,3.6,1
-17.6163,-178.9715,545.413,4.4,0
-20.6232,-177.9692,515.368,4.4,0
51.1956,-178.131,27.84,3.0,1
51.8057,-173.3286,35.0,2.9,1
18.048333333333,-67.060666666667,12.78,2.74,1
6.7996,-46.4776,10.0,4.3,3
51.0318,-178.1337,10.0,3.2,1
38.6364,-97.1226,5.0,2.6,1
60.6862,-139.7528,5.0,2.8,1
51.358,-177.3953,35.0,3.5,1
7.6037,126.9374,35.0,4.4,3
60.5786,-139.7403,5.0,3.7,1
16.3711,-59.5654,10.0,4.3,3
42.5391,-108.38,10.469,3.8,1
60.5043,-139.952,5.0,2.8,1
41.2835,142.4972,48.346,4.3,2
35.5545,-120.79483333333,5.13,3.46,1
31.3103,103.9332,10.0,4.4,2
60.5966,-139.9188,1.882,3.1,1
8.2613,127.4213,10.0,4.9,3
54.6485,-162.618,67.486,3.1,1
32.3881,137.523,367.01,5.3,0
60.5586,-140.0081,5.279,2.6,1
60.5397,-140.0802,4.554,2.5,1
51.2466,-178.4712,29.824,2.9,1
52.0654,-169.3422,13.442,4.8,1
60.5247,-139.8641,5.0,2.8,1
54.2539,-162.5487,28.052,2.7,1
50.8904,156.8617,78.899,5.2,2
-0.8814,132.2985,39.418,4.0,3
50.1114,179.9086,10.0,3.9,2
34.5682,32.4728,10.0,4.2,2
44.404,33.2724,9.359,4.1,2
60.6064,-140.0927,5.0,4.2,1
60.4581,-139.7769,5.0,2.9,1
-31.4451,78.9003,10.0,5.0,3
49.7307,155.9237,68.412,4.3,2
55.155,-158.779,1.7,2.7,1
-3.0501,130.262,26.245,4.6,3
60.5867,-139.9766,5.0,2.7,1
37.642,77.8563,10.0,4.4,2
-5.0344,101.7423,10.0,4.4,3
40.957,143.0467,44.77,4.0,2
-59.6091,-26.2882,104.606,5.1,3
60.3532,-139.4132,5.0,2.5,1
43.3609,-127.254,10.0,3.2,1
18.8795,-65.262,22.28,3.13,1
18.878666666667,-65.271666666667,32.22,3.07,1
41.1082,142.9076,57.545,4.1,2
-23.5484,179.9739,525.631,4.2,0
61.935,-150.181,33.8,2.7,1
41.3078,142.4867,47.618,4.2,2
4.9649,126.051,76.493,4.3,3
60.4195,-139.5132,5.0,2.8,1
64.709,-49.3021,10.0,4.4,2
41.04,142.8684,44.744,4.3,2
-26.7074,-175.8669,10.0,4.9,3
-26.6535,-175.638,10.0,4.5,3
36.1736,140.0399,62.92,4.8,2
-27.0006,-176.2579,35.0,4.4,3
60.137,-141.391,5.6,2.7,1
60.568,-139.875,5.0,2.6,1
60.5273,-139.7572,5.0,2.8,1
-23.8747,-179.8676,503.624,4.3,0
-26.9572,-176.4619,42.53,4.5,3
54.9499,161.8599,55.204,4.3,2
41.1488,142.516,60.68,4.6,2
60.5624,-139.9195,5.0,3.0,1
41.0802,142.8917,54.877,4.2,2
19.179166666667,-155.51783333333,31.76,2.69,1
60.4315,-139.5004,5.0,2.6,1
5.9979,126.7703,95.212,4.4,3
19.108333333333,-64.607166666667,18.9,3.24,1
49.4872,156.3144,35.049,4.1,2
54.9089,-163.3854,176.888,2.5,1
40.9861,142.7521,42.016,4.2,2
40.8435,142.9824,35.0,4.6,2
38.4647,-116.4924,7.1145,3.11,1
0.2625,122.0601,180.452,4.8,3
27.5908,56.1931,10.0,4.1,2
53.1484,161.3976,10.0,4.2,2
40.944,143.0009,38.881,4.7,2
60.553,-139.86,8.2,2.8,1
40.997,142.937,32.637,5.3,2
60.613,-140.168,1.4,2.6,1
-17.8596,-178.6221,607.156,4.3,0
40.9483,142.877,35.0,4.6,2
42.5481,88.1162,10.0,4.5,2
60.605,-139.732,2.3,2.8,1
22.8936,143.7755,40.888,4.6,2
40.8899,142.8131,19.0,6.7,2
63.108,-150.527,103.4,2.9,1
60.5366,-139.8713,5.0,3.1,1
36.771833333333,-121.4995,6.76,3.11,1
-16.3051,-73.8752,24.142,4.5,3
40.3695,143.8063,10.0,4.1,2
12.7869,-89.8868,10.0,4.3,3
48.4112,157.2249,10.0,5.0,2
40.401,-125.23016666667,10.0,2.8,1
40.8351,143.0935,35.339,4.1,2
19.067,-68.1595,37.88,3.21,1
60.3787,-139.4075,3.349,2.5,1
60.418,-139.447,5.0,2.6,1
39.4366,73.9333,10.0,4.3,2
60.4959,-140.1136,5.0,2.7,1
41.1264,142.8124,28.976,5.0,2
-18.1107,-178.2408,575.904,5.1,0
60.393,-139.373,5.0,2.5,1
60.454,-139.757,4.5,2.5,1
41.0014,143.0109,47.677,4.3,2
-17.758,-176.8844,385.124,4.1,0
-6.9338,148.4706,27.434,4.9,3
31.556666666667,-115.67433333333,9.4,2.94,1
67.372,-156.497,8.3,3.0,1
-34.803,-109.2545,10.0,4.7,3
37.6452,72.2002,187.375,4.2,2
60.5383,-139.9131,5.867,4.3,1
60.3,-139.852,4.1,2.6,1
43.5473,-105.2065,0.0,3.1,1
60.355,-147.77,13.7,2.8,1
-0.3219,132.261,10.0,4.3,3
34.483,-119.016,10.68,2.66,1
34.485833333333,-119.03116666667,8.33,2.59,1
34.487833333333,-119.01783333333,10.59,3.12,1
34.483666666667,-119.01483333333,10.13,2.56,1
41.2718,142.6321,43.073,4.8,2
60.5666,-139.9442,9.053,3.1,1
28.2195,103.9971,10.0,4.7,2
12.794,-89.9743,10.0,4.8,3
41.3422,142.9552,49.785,4.4,2
67.036,-164.941,7.9,2.9,1
59.099,-152.708,60.2,2.7,1
52.7348,-168.3029,35.0,4.4,1
32.0329,-93.3453,5.0,2.7,1
60.5472,-139.9128,5.0,2.6,1
23.1211,120.6357,11.516,4.3,2
18.0655,-68.320666666667,10.81,3.41,1
23.1373,120.5369,7.035,4.5,2
47.7371,152.4835,138.606,4.4,2
-5.9523,122.5618,10.0,4.4,3
60.4331,-139.4962,5.0,2.7,1
19.1395,-155.37133333333,29.55,3.55,1
40.9175,-123.97233333333,22.0,3.21,1
60.4282,-139.5742,5.0,2.5,1
58.498,-156.359,185.1,3.1,1
32.9472,88.6555,10.0,5.1,2
60.4996,-139.6841,5.0,2.8,1
35.2157,-34.7911,10.0,4.6,2
-61.2388,-36.4468,10.0,4.9,3
60.358,-139.394,10.7,2.5,1
-20.1512,-174.1952,17.325,4.9,3
60.4472,-139.5345,5.0,3.7,1
41.7642,142.9023,61.935,4.0,2
55.125,-158.826,9.5,3.6,1
59.294,-153.181,81.1,2.5,1
60.5646,-139.8474,5.0,2.6,1
9.126,126.8851,10.0,4.4,3
60.452,-139.481,5.0,2.5,1
54.5035,-160.0233,10.0,2.8,1
56.9362,-138.5747,10.0,3.4,1
60.4822,-139.5054,5.0,2.8,1
60.4939,-139.5024,3.045,3.3,1
39.2885,28.3186,10.0,4.5,2
58.107,-153.637,53.0,2.6,1
60.4796,-139.6568,5.818,2.9,1
19.8145,121.392,67.151,4.0,2
60.5117,-139.5128,5.0,3.1,1
60.553,-139.737,10.2,2.6,1
70.0319,-15.6885,10.0,4.3,2
31.612,-103.998,8.2147,2.8,1
60.5555,-139.8802,5.0,2.5,1
60.7601,-139.976,5.0,2.7,1
59.96,-152.587,94.3,2.8,1
60.3993,-139.5059,5.0,2.7,1
-32.3033,-71.1697,81.874,4.1,3
48.8521,-129.174,10.0,4.1,1
42.6009,-108.4044,9.819,2.5,1
41.197,142.5052,49.256,4.0,2
60.5852,-139.7024,5.0,3.0,1
60.4764,-139.5599,5.0,2.7,1
40.8561,143.057,42.754,4.5,2
31.496,-115.6455,5.196,2.6,1
40.361,-124.88066666667,13.25,3.18,1
60.4293,-139.5455,5.0,2.9,1
60.46,-139.454,5.0,2.7,1
51.5117,-176.0123,35.0,2.6,1
59.914,-153.439,145.6,2.5,1
60.3744,-139.4616,2.808,2.6,1
60.4961,-139.5781,5.0,2.5,1
51.4313,-177.8026,32.119,2.5,1
51.8088,-175.2676,66.706,3.2,1
-16.0175,-177.2411,429.605,4.4,0
-11.3425,163.0711,10.0,4.2,3
60.588,-139.977,5.0,2.5,1
60.6147,-139.9709,5.0,2.5,1
19.1805,-65.968666666667,26.61,2.8,1
68.308,-156.462,0.5,4.2,1
40.5955,-109.4887,0.0,3.2,1
37.971833333333,-112.53,8.8,2.56,1
67.481,-166.765,10.1,2.8,1
55.794,-161.4027,161.085,3.0,1
60.4633,-139.4859,5.0,2.8,1
60.5575,-139.9028,5.0,2.9,1
52.8485,-168.5671,75.936,2.8,1
36.6426,115.6142,10.0,4.5,2
29.6455,141.9378,30.674,4.0,2
-36.9195,-74.1943,10.0,4.0,3
52.4168,-169.9929,35.0,2.9,1
60.5563,-140.0099,4.224,2.5,1
60.626,-139.938,5.0,2.5,1
59.11,-137.84,5.1,2.6,1
60.5336,-139.9074,5.0,2.5,1
52.9956,-164.5307,10.0,3.0,1
51.2293,-178.7796,30.91,3.1,1
60.548,-139.897,5.0,2.5,1
60.6327,-139.9295,5.0,3.0,1
60.5982,-140.0488,6.2,2.5,1
52.6355,-166.8455,20.005,2.9,1
60.5545,-140.0002,5.0,2.5,1
19.1285,-65.9935,37.01,3.05,1
18.8835,-66.090833333333,6.96,3.0,1
-31.8201,-71.4676,43.266,4.4,3
59.894,-152.945,97.5,2.6,1
60.4532,-139.6305,5.0,3.3,1
54.422,-158.0824,10.0,2.5,1
-27.6633,-177.8685,192.961,4.5,3
40.9018,142.6725,33.0,5.7,2
48.968,158.2315,10.0,4.3,2
-1.1916,147.5797,10.0,4.4,3
60.625,-139.935,5.0,2.5,1
60.5545,-139.7244,4.559,3.1,1
6.0139,127.5901,10.0,4.5,3
60.6074,-139.9077,5.0,3.1,1
41.219,142.4005,50.834,4.5,2
60.6591,-139.9846,5.0,2.6,1
60.4944,-139.7982,5.0,2.6,1
-56.9272,-26.5621,96.912,4.4,3
-6.3904,154.8914,87.791,5.1,3
60.428,-139.505,5.0,3.1,1
60.6287,-139.944,5.0,3.2,1
60.4529,-139.5502,1.716,2.6,1
60.6249,-139.9973,5.942,4.7,1
-16.2769,-177.683,10.0,4.3,3
60.5303,-139.9804,5.0,2.9,1
60.6272,-139.9301,1.416,4.0,1
39.3511,143.602,10.0,4.7,2
52.7516,-167.7368,35.0,3.7,1
60.572,-139.763,11.3,2.5,1
60.4413,-139.4656,9.135,2.6,1
60.5945,-139.9977,5.0,4.3,1
60.6043,-139.8219,5.0,3.7,1
22.5952,96.0249,10.0,4.7,2
48.9237,153.6849,161.796,4.4,2
60.4007,-139.5179,5.0,2.7,1
61.555,-149.987,47.7,3.1,1
6.7742,-73.0156,164.124,5.5,3
-5.0624,149.6006,393.853,4.4,0
5.3113,94.4019,42.621,4.9,3
8.4837,125.9407,10.0,4.5,3
-59.4211,-25.4353,10.0,4.3,3
54.5604,-161.8295,43.123,3.4,1
60.4008,-139.7729,5.0,2.9,1
51.8878,177.9583,138.584,3.0,2
60.5841,-139.9366,5.0,2.5,1
-28.8423,-71.3853,44.747,5.2,3
60.5552,-139.8755,5.0,3.3,1
60.4919,-139.6243,5.0,2.7,1
41.0148,142.6678,51.628,4.5,2
60.605,-139.977,5.0,2.5,1
61.766,-150.027,4.0,2.9,1
19.115666666667,-66.8795,25.49,3.32,1
23.2217,143.6223,42.436,4.8,2
57.0582,-138.3172,10.0,2.6,1
-20.634,-176.4927,257.819,4.2,3
17.9705,-66.820333333333,11.58,3.02,1
60.5738,-139.9469,5.0,2.8,1
54.4197,-160.0689,13.352,2.5,1
-20.3002,-177.8617,523.293,4.2,0
60.3687,-139.4889,5.0,2.6,1
60.429,-152.382,92.0,2.6,1
60.5776,-139.9179,5.0,3.1,1
60.596,-139.72,5.0,2.5,1
36.076831817627,-119.84950256348,17.010000228882,2.61,1
60.621,-139.9408,5.0,2.5,1
60.4275,-139.542,5.0,2.6,1
-7.2997,129.7215,127.354,4.3,3
-32.6436,-177.9727,10.0,4.4,3
60.386,-139.395,5.0,2.5,1
60.5553,-140.0226,5.0,2.6,1
60.388,-139.468,1.8,2.6,1
60.5419,-139.9663,5.681,2.7,1
-28.6596,-67.9831,10.0,4.3,3
52.1851,-170.7369,35.0,2.9,1
60.4998,-139.8383,5.0,2.5,1
50.3691,157.1711,49.468,4.5,2
59.752,-152.33,66.8,2.6,1
41.2729,142.3925,53.775,4.6,2
60.448,-139.512,5.0,2.5,1
60.46,-139.576,5.0,2.5,1
60.604,-139.751,0.7,2.5,1
40.9028,142.9449,35.0,4.1,2
40.9883,142.7584,49.285,4.5,2
41.2056,142.5948,62.522,4.3,2
-9.1708,123.6698,35.0,4.1,3
60.6184,-139.9087,5.0,3.2,1
50.9066,158.972,10.0,4.3,2
55.8897,-151.9307,10.0,2.5,1
35.576,-101.132,12.8174,2.5,1
-26.7021,-176.5252,26.267,5.3,3
60.384,-139.392,7.2,2.6,1
60.442,-139.508,5.0,2.5,1
-26.7347,-176.0959,10.0,5.0,3
60.529,-139.8948,5.0,3.8,1
-0.9033,100.8527,10.0,4.9,3
38.507666666667,-112.91333333333,2.91,2.65,1
50.472,159.9345,10.0,4.9,2
60.6104,-139.9319,5.0,3.3,1
60.4867,-139.9246,5.0,3.1,1
60.607,-140.095,0.6,2.9,1
60.561,-140.045,5.0,2.5,1
57.829,-153.51,9.4,2.7,1
43.7441,-105.2884,0.0,3.1,1
-24.308,-67.1961,187.741,4.2,3
60.5687,-139.9971,2.562,3.0,1
46.6877,-112.6895,12.117,3.2,1
60.512,-139.8579,7.535,3.1,1
1.6191,126.4763,44.813,4.7,3
-22.8036,-66.1865,250.22,4.5,3
60.5548,-139.8474,6.191,2.7,1
60.386,-139.439,3.1,2.6,1
60.477,-139.646,5.0,2.6,1
60.6277,-140.0448,1.048,2.8,1
34.3203,45.5786,10.0,4.5,2
51.4018,-177.8187,48.144,2.6,1
60.5635,-139.8744,1.811,2.9,1
-5.4514,106.309,158.531,4.0,3
60.5463,-139.8378,1.93,2.8,1
44.1945,149.7805,10.0,4.0,2
60.5356,-139.8886,5.0,3.5,1
60.5808,-140.0699,5.42,2.5,1
60.635,-140.036,5.0,2.5,1
30.4765,81.1429,19.232,4.2,2
60.449,-139.572,0.8,2.5,1
60.5612,-140.0775,5.0,2.6,1
31.002,-103.613,3.1262,2.9,1
0.3533,122.348,129.767,4.1,3
44.4079,-129.4365,10.0,4.0,1
60.4716,-139.5852,5.0,2.8,1
60.3092,-139.4812,5.0,2.6,1
60.393,-139.5511,5.248,2.6,1
-17.5689,166.9762,10.0,4.1,3
60.4079,-139.6219,5.0,3.0,1
63.036,-150.753,108.9,2.7,1
60.5162,-139.9268,5.0,2.6,1
60.3866,-139.532,5.0,2.8,1
-33.1068,-179.1803,43.184,4.5,3
60.5825,-139.9361,3.893,2.7,1
54.5367,-160.1214,25.749,2.7,1
-22.119,-68.7234,117.133,4.3,3
60.6088,-139.9413,5.0,2.7,1
39.5831,39.7579,10.0,4.4,2
-34.802,-108.325,10.0,4.7,3
51.0774,-179.6711,10.0,2.6,1
23.151,121.6227,34.496,4.4,2
60.309,-139.302,10.1,2.5,1
60.4328,-139.508,5.0,2.7,1
60.548,-140.066,6.0,2.5,1
-12.5471,166.4468,67.116,4.7,3
-26.6917,-176.0101,10.0,4.9,3
9.1991,126.085,102.632,4.4,3
52.9309,160.621,35.0,4.6,2
50.6548,87.3988,10.0,4.4,2
60.4947,-139.6104,5.0,2.9,1
62.0873,-26.5302,10.0,5.0,2
41.0404,142.932,43.061,4.3,2
60.367,-139.5,2.3,2.5,1
60.383,-139.429,11.4,2.5,1
41.1731,142.9607,43.493,4.5,2
41.3127,142.2857,60.104,5.0,2
60.3987,-139.5295,5.0,3.0,1
-22.8496,-70.9449,19.159,4.3,3
60.535,-139.908,9.8,2.6,1
-22.901,-68.5169,107.97,4.0,3
60.5563,-139.9301,5.0,2.8,1
54.5247,-160.2217,10.0,2.5,1
60.3794,-139.464,5.0,4.0,1
33.235333333333,-116.407,1.88,3.17,1
34.6827,70.6043,65.43,4.3,2
60.521,-142.278,2.0,2.7,1
60.3586,-139.4116,5.0,2.8,1
2.5584,96.0033,36.198,4.3,3
2.5932,96.0351,10.0,5.2,3
-27.4856,-177.2562,404.6,4.5,0
60.4488,-139.5864,5.0,3.3,1
60.4691,-139.5905,5.0,2.7,1
31.685,-104.451,6.0999,2.6,1
27.6348,55.1537,10.0,4.1,2
48.3865,153.5989,98.514,4.0,2
40.769,143.1019,39.877,4.1,2
-23.9907,-71.108,10.0,4.4,3
-11.0904,165.9177,35.0,4.5,3
41.3365,142.8344,52.931,4.6,2
41.575833333333,-109.88583333333,-3.26,3.04,1
60.566,-140.045,13.0,2.6,1
60.375,-139.485,5.0,2.6,1
41.2148,142.4853,51.763,4.4,2
-16.1945,-75.1677,10.0,4.1,3
51.1565,178.5551,18.812,4.7,2
60.4468,-139.6011,4.574,3.4,1
60.576,-139.8719,5.0,2.8,1
60.344,-139.443,6.1,2.8,1
54.4335,-160.6033,11.207,2.6,1
38.6332,-97.5008,11.361,3.7,1
60.4836,-139.8422,5.0,2.5,1
-6.2552,147.2248,64.997,4.6,3
60.3805,-139.4261,2.331,3.1,1
60.9554,-138.6899,10.091,2.7,1
-32.6071,-177.5916,10.0,5.2,3
60.5007,-139.7305,5.0,2.6,1
60.393,-139.526,3.4,2.5,1
58.869,-150.987,18.5,2.9,1
60.4892,-139.7942,5.0,3.1,1
60.5798,-139.889,5.0,2.8,1
60.3709,-139.4714,5.0,3.3,1
-31.8934,-70.7405,93.273,4.1,3
60.525,-139.847,11.8,2.5,1
60.5024,-139.97,5.0,2.7,1
37.2237,53.1893,10.0,4.1,2
60.4748,-139.5387,8.75,2.5,1
-27.0266,-176.063,10.0,5.3,3
41.2096,142.1449,54.88,4.9,2
60.4446,-139.5603,5.0,4.1,1
60.5307,-139.9208,5.0,2.8,1
40.9216,143.11,47.498,4.4,2
40.8255,142.7591,47.786,5.6,2
60.5709,-139.8344,5.0,2.5,1
40.8201,143.3748,35.0,4.3,2
60.5127,-140.1958,5.0,2.8,1
60.5335,-140.0988,6.689,3.4,1
-26.6899,-176.2602,35.0,4.6,3
60.5985,-140.0238,11.516,2.6,1
37.823165893555,-122.21216583252,4.5599999427795,2.86,1
60.5263,-139.6783,5.0,3.0,1
60.5247,-139.836,4.192,4.3,1
41.1518,142.5761,42.478,4.4,2
40.7407,142.9837,35.0,4.4,2
60.623,-139.9419,2.31,2.7,1
60.5501,-140.0451,1.069,2.5,1
61.809,-150.585,54.4,2.5,1
41.117,143.0169,49.582,5.0,2
60.4928,-139.6139,5.718,2.7,1
37.754333496094,-121.94416809082,8.079999923706,2.56,1
61.805,-150.583,53.1,2.5,1
40.9761,143.1504,19.0,6.6,2
37.76233291626,-121.94149780273,9.039999961853,2.89,1
60.5578,-140.0317,5.0,2.7,1
60.3797,-139.5589,5.0,2.5,1
23.9524,122.6959,20.209,4.4,2
40.9969,143.2197,48.902,4.6,2
60.564,-139.9418,8.79,2.5,1
39.5886,144.0274,10.0,4.4,2
-23.5326,-179.6245,554.242,4.4,0
-14.7622,166.8638,10.0,4.6,3
58.586,-156.007,163.4,3.0,1
60.5372,-139.9005,5.0,3.5,1
-7.1004,129.3514,147.947,4.5,3
60.4377,-139.5807,5.0,3.6,1
11.1719,138.5544,10.0,5.0,2
60.499,-139.621,5.0,2.5,1
60.4153,-139.7255,5.0,2.6,1
60.5541,-139.8829,5.0,3.6,1
40.8805,143.1576,42.571,4.4,2
60.3984,-139.5291,2.128,2.5,1
19.299833333333,-155.2095,7.2,3.04,1
60.5216,-140.049,6.206,2.5,1
60.4655,-140.0522,10.0,2.5,1
57.546844482422,-155.75312805176,5.0,2.6943898242677,1
-58.9813,-24.917,10.0,4.4,3
40.9719,142.9348,47.888,4.3,2
40.902,143.2141,31.27,5.1,2
60.4152,-139.5307,5.0,3.5,1
40.9878,143.1226,22.788,6.0,2
-58.8007,-25.4875,29.994,5.5,3
60.4377,-139.5183,5.0,2.8,1
60.5,-139.716,5.0,2.5,1
37.761833190918,-121.93983459473,8.25,2.88,1
41.0271,143.0895,44.935,4.8,2
60.5438,-140.1009,7.366,4.5,1
60.399,-139.398,5.0,2.5,1
-1.3244,101.6844,223.538,4.2,3
60.4542,-139.6254,5.349,2.7,1
12.0137,143.6238,10.0,4.4,2
41.008,142.7964,41.46,4.2,2
37.757666666667,-121.94466666667,9.62,3.6,1
37.758499145508,-121.93900299072,8.2299995422363,2.55,1
60.5367,-140.0334,4.482,3.1,1
60.4814,-139.804,4.494,2.9,1
60.4507,-139.8442,5.0,2.5,1
41.0304,143.2638,33.371,4.3,2
41.2535,142.6957,42.963,4.4,2
60.527,-139.783,1.1,2.5,1
60.558,-139.982,8.3,2.5,1
40.9678,142.0518,54.603,4.3,2
60.5091,-139.6971,2.762,3.1,1
55.256,-159.492,5.7,2.7,1
60.473,-139.573,10.1,2.5,1
40.9443,143.0631,39.127,5.0,2
61.0366,-60.3505,10.0,4.2,2
60.4782,-139.6591,5.0,3.1,1
60.403,-139.421,5.0,2.6,1
60.49,-139.618,0.7,2.6,1
60.5623,-139.854,5.0,2.5,1
60.508,-139.786,0.8,2.5,1
60.374,-139.388,3.6,2.6,1
60.544,-139.939,7.9,2.6,1
60.611,-140.225,3.7,2.6,1
60.5038,-139.9016,5.0,3.2,1
60.5921,-139.8623,5.0,2.9,1
60.536,-139.962,7.3,2.8,1
41.0416,142.4748,51.926,4.2,2
41.2599,142.4695,33.122,4.1,2
41.1559,142.7514,53.76,4.3,2
60.446,-139.547,2.5,2.9,1
60.526,-139.89,14.6,2.8,1
60.416,-139.445,5.0,3.0,1
60.507,-139.655,2.2,2.8,1
60.4539,-139.4979,5.0,2.7,1
60.6066,-139.9665,5.0,3.6,1
60.5255,-139.824,7.023,3.3,1
11.5238,144.0401,10.0,4.5,2
60.5116,-139.9792,5.0,2.6,1
61.609,-146.499,12.5,3.2,1
60.487,-139.822,14.9,3.0,1
40.8889,142.4766,35.0,5.5,2
60.5018,-139.6078,2.735,3.3,1
40.9984,142.1836,40.72,7.6,2
60.5656,-140.0439,7.333,2.7,1
60.453,-139.54,0.7,2.6,1
37.751499176025,-121.9426651001,8.3599996566772,2.69,1
37.752166666667,-121.94583333333,8.9,2.86,1
60.482,-139.553,5.1,2.5,1
-24.0769,69.4561,10.0,5.0,3
40.391666666667,-125.04216666667,6.21,2.9,1
36.066166666667,-119.851,9.93,2.53,1
60.5194,-140.1952,5.0,2.7,1
68.087,-157.618,19.5,3.0,1
-2.7764,28.6988,10.0,4.7,3
-7.9926,126.6309,10.0,4.5,3
60.5309,-139.9308,5.0,2.6,1
60.584,-139.941,8.5,2.5,1
53.5228,-165.257,35.0,2.9,1
60.5665,-139.8229,5.0,2.6,1
13.3226,121.0611,10.0,4.6,2
-15.7059,-177.5942,432.635,4.0,0
57.094,-157.552,6.3,2.6,1
23.8315,121.7444,10.0,5.2,2
60.527,-139.59,1.5,2.5,1
60.4425,-139.5475,4.691,3.4,1
60.5786,-139.846,5.0,3.1,1
60.4681,-139.6128,5.0,3.9,1
60.516,-140.037,6.4,2.5,1
60.5671,-140.0095,5.293,2.8,1
60.56,-139.839,6.8,2.5,1
54.6143,-160.3891,5.0,3.1,1
60.5991,-140.0323,2.681,2.8,1
-7.3832,123.8029,559.942,4.1,0
37.752666666667,-121.9475,8.98,2.98,1
37.1026,30.7856,113.694,5.1,2
54.5092,-160.2203,35.0,3.2,1
60.5807,-139.9715,5.0,3.0,1
35.291,70.5468,106.502,4.1,2
36.6359,30.7699,104.803,4.4,2
13.2819,95.8494,20.36,4.3,2
51.8854,-173.9291,50.772,3.7,1
60.5227,-139.8657,4.316,3.7,1
54.5046,-159.845,35.0,2.8,1
60.424,-139.492,0.4,2.5,1
60.397,-139.458,5.0,2.6,1
60.4966,-139.9624,5.0,3.2,1
60.4948,-139.7271,5.0,2.8,1
60.632,-139.963,5.9,2.5,1
-24.4339,179.8881,531.868,4.4,0
60.5359,-139.8048,5.0,2.8,1
60.639,-139.8609,5.0,2.7,1
-26.2598,-175.913,10.0,4.9,3
60.4177,-139.4894,5.0,2.5,1
60.561,-139.96,3.3,2.6,1
40.386333333333,-125.04366666667,7.62,2.61,1
60.474,-139.539,4.1,2.6,1
60.605,-139.976,9.4,2.5,1
60.426,-139.506,0.7,2.5,1
60.5898,-140.0458,5.0,3.0,1
60.455,-139.516,0.2,2.5,1
60.582,-139.926,4.4,2.5,1
57.122,-155.617,75.3,2.7,1
60.418,-139.606,8.1,2.5,1
52.811,-168.9557,68.477,3.3,1
57.378,-155.351,74.2,2.9,1
62.569,-151.28,91.0,2.5,1
60.5249,-140.0276,3.088,3.3,1
60.565,-140.003,5.0,2.5,1
60.4597,-139.5306,5.0,3.3,1
60.5702,-139.9361,5.0,2.8,1
55.8902,-162.1495,177.242,3.5,1
60.403,-139.453,5.0,2.5,1
51.5368,16.0467,5.0,4.1,2
-2.9844,130.4213,10.0,4.4,3
60.498,-139.603,5.0,2.6,1
60.4539,-139.5019,5.105,2.5,1
47.1643,146.8176,359.923,4.4,0
60.608,-140.268,0.9,2.5,1
60.5013,-139.8363,5.0,3.5,1
23.0944,94.8608,94.964,4.2,2
60.5497,-139.9412,5.0,2.6,1
60.5944,-139.9669,5.0,2.7,1
60.4895,-139.6588,4.401,3.0,1
60.6643,-139.8926,5.0,3.1,1
60.5194,-139.945,5.0,2.7,1
18.836333333333,-67.226333333333,17.48,2.91,1
60.463,-139.572,3.1,2.5,1
60.4161,-139.5006,4.932,2.8,1
60.6146,-140.0191,5.0,2.7,1
60.464,-139.572,1.0,2.5,1
60.4264,-139.5342,5.0,3.2,1
60.3898,-139.5237,5.0,2.9,1
60.5153,-140.0029,6.168,3.7,1
57.061,-154.026,1.8,2.5,1
60.5251,-139.9012,5.0,2.6,1
60.3796,-139.4815,5.029,2.6,1
60.41,-139.396,0.9,2.6,1
60.42,-139.47,1.0,2.5,1
60.5781,-139.9703,1.497,2.9,1
60.566,-139.8183,1.839,2.9,1
60.5354,-139.8747,5.0,3.2,1
12.0222,-69.6299,10.0,4.5,3
60.42,-139.5379,5.0,2.9,1
60.586,-139.771,4.8,2.5,1
60.542,-139.856,5.0,2.6,1
60.3857,-139.434,5.0,3.2,1
60.5086,-139.6203,5.0,2.7,1
60.5566,-139.9183,5.0,2.6,1
60.4304,-139.5617,4.114,2.6,1
60.411,-139.4301,5.0,2.8,1
60.554,-139.737,5.0,2.5,1
60.4207,-139.5231,3.546,3.3,1
60.407,-139.489,0.5,2.7,1
60.642,-139.895,1.4,2.5,1
60.5726,-139.8141,5.0,2.7,1
60.431,-139.479,5.0,2.8,1
60.3863,-139.3772,5.0,2.7,1
60.38,-139.441,5.0,2.9,1
51.485,159.2599,35.0,5.0,2
60.5019,-139.9582,5.0,2.6,1
60.635,-140.123,1.2,2.5,1
60.4356,-139.5505,2.821,3.7,1
60.3906,-139.4337,5.0,2.6,1
60.3852,-139.4683,4.359,2.7,1
60.3894,-139.471,8.613,3.2,1
60.44,-139.462,0.4,2.8,1
60.438,-139.515,0.6,2.8,1
61.103,-152.196,125.6,2.9,1
36.2867,-106.7828,8.622,2.9,1
60.4415,-139.4632,5.0,2.9,1
60.3454,-139.6253,10.0,5.8,2
60.5455,-139.9576,2.869,2.6,1
60.5361,-139.8841,5.504,2.8,1
60.5636,-139.8733,6.057,2.5,1
60.5522,-139.8624,5.0,3.1,1
36.7393,30.4636,10.0,4.6,2
60.5391,-139.9654,5.0,3.4,1
60.4267,-139.9255,5.0,3.2,1
60.514,-139.9641,4.233,3.1,1
19.016,-67.3105,21.85,3.03,1
60.521,-139.646,2.3,2.7,1
60.5016,-140.0275,5.0,2.8,1
19.9139,146.6582,10.0,4.3,2
60.5187,-139.9359,5.0,4.8,2
60.5259,-139.9162,5.0,5.1,2
-17.4292,-70.3691,119.172,4.2,3
60.452,-139.463,1.1,2.5,1
60.548,-139.9679,5.0,2.5,1
60.579,-139.79,1.7,2.5,1
60.4348,-139.6556,5.0,2.8,1
60.4781,-139.9669,5.0,2.8,1
-17.7869,-70.015,109.604,4.9,3
42.8074,-2.8772,10.0,4.0,2
60.64,-139.858,7.0,2.6,1
52.4699,160.4484,10.0,4.4,2
60.5575,-139.7778,7.391,3.5,1
60.5367,-139.7637,5.0,2.6,1
13.3825,-89.8144,47.769,4.4,3
53.9761,-164.0196,35.0,3.0,1
60.4572,-139.941,5.0,3.3,1
51.583,-176.1992,42.941,2.9,1
54.47,-160.1113,35.0,4.6,1
60.468,-139.499,7.8,2.5,1
60.606,-140.098,0.7,2.5,1
60.4965,-139.9208,5.0,3.2,1
60.471,-139.579,1.1,2.5,1
60.392,-139.421,1.9,2.6,1
-7.3233,129.2753,123.984,4.2,3
60.4831,-140.2545,5.0,2.7,1
-18.2836,-63.0463,10.0,4.0,3
-12.5965,-14.8284,10.0,4.5,3
60.407,-139.522,0.8,2.5,1
60.472,-139.538,3.0,2.5,1
24.8882,141.467,506.127,4.3,0
60.488,-139.623,4.2,2.5,1
60.579,-140.039,6.9,2.5,1
33.385,-117.61433333333,13.44,3.1,1
60.4372,-139.649,8.35,2.7,1
60.566,-140.022,2.4,2.6,1
60.5554,-140.0022,5.8,3.1,1
60.567,-139.834,2.3,2.5,1
60.409,-139.4419,3.904,2.6,1
58.318,-156.114,141.0,2.5,1
53.0294,160.8521,28.898,4.3,2
60.5551,-140.0705,6.641,3.6,1
55.739,-159.511,4.5,2.9,1
60.384,-139.382,2.7,2.6,1
62.634,-148.939,54.9,3.4,1
60.5911,-139.8884,5.0,2.7,1
60.508,-139.598,0.5,2.5,1
38.6912,43.5715,18.284,4.4,2
60.523,-139.892,4.6,2.5,1
36.015,-120.57466666667,4.0,2.52,1
36.568833333333,-121.21233333333,2.39,2.64,1
60.3651,-139.4311,10.289,3.8,1
60.4448,-139.5883,5.0,2.6,1
60.4678,-139.5082,5.717,2.8,1
60.4424,-139.8051,4.036,2.9,1
60.5606,-139.7943,10.0,2.8,1
60.604,-139.893,6.4,2.5,1
60.4892,-139.6537,4.843,3.4,1
60.4925,-139.6223,1.64,2.6,1
60.596,-139.77,6.3,2.5,1
60.509,-139.7537,7.76,3.1,1
60.4961,-139.641,5.769,4.6,1
60.4964,-139.7494,7.063,2.6,1
60.5944,-139.7728,8.24,2.6,1
60.3929,-139.4894,6.331,4.3,1
60.4262,-139.6028,8.44,4.2,1
60.362,-139.407,8.5,2.7,1
60.383,-139.409,3.4,2.5,1
60.489,-139.849,4.1,2.5,1
60.5634,-140.0139,8.767,3.4,1
50.2794,156.7642,68.468,4.5,2
18.044833333333,-68.529166666667,66.49,3.15,1
60.433,-139.542,1.4,2.5,1
60.3601,-139.4332,5.0,3.5,1
60.6149,-139.9245,5.0,2.7,1
20.062166666667,-155.461,37.42,2.62,1
-3.1328,130.8965,10.0,4.5,3
60.5888,-139.938,5.0,4.6,1
60.4231,-139.5798,5.0,3.3,1
60.5768,-140.1017,5.0,2.6,1
60.5143,-139.5695,5.0,2.6,1
60.3636,-139.3777,5.0,2.8,1
60.4442,-139.5986,5.0,3.2,1
52.3932,160.147,55.118,4.9,2
60.4713,-139.7758,5.0,2.5,1
50.239,156.8911,59.342,5.6,2
60.4198,-139.3908,5.0,2.9,1
60.346,-139.384,11.0,2.6,1
60.454,-139.565,1.0,2.5,1
60.4265,-139.4435,5.0,2.5,1
60.5651,-139.5797,5.0,2.5,1
52.1684,179.5168,171.368,4.3,2
60.4521,-139.5518,5.0,2.5,1
60.5172,-139.7066,5.0,2.5,1
60.5523,-139.8282,5.0,3.5,1
60.5899,-139.9579,5.0,2.9,1
60.352,-139.374,9.4,2.5,1
60.3182,-139.3077,5.0,3.0,1
60.396,-139.477,1.6,2.5,1
60.4255,-139.4406,5.0,2.5,1
60.435,-139.474,1.7,2.6,1
60.6066,-140.0197,5.0,2.7,1
60.4937,-140.1206,5.0,3.5,1
60.5607,-139.8036,5.0,2.7,1
60.592,-139.646,2.2,2.5,1
59.232,-151.872,51.8,2.5,1
60.396,-139.548,2.5,2.7,1
53.9638,-162.5963,10.0,2.8,1
60.464,-139.618,1.9,2.5,1
60.4456,-139.958,5.0,2.5,1
60.5417,-139.7919,5.0,3.0,1
13.5319,-91.8787,35.0,4.3,3
60.51,-139.591,0.5,2.6,1
-14.6748,166.828,10.0,4.4,3
8.8276,-83.937,10.0,4.4,3
60.5144,-140.1116,5.0,2.6,1
60.5055,-139.7704,5.0,2.5,1
60.6017,-139.7426,5.0,2.7,1
60.5342,-139.6625,5.0,3.1,1
60.5338,-139.745,5.0,2.5,1
60.5655,-139.8871,5.0,3.9,1
60.39,-139.524,1.2,2.5,1
60.5907,-139.6028,5.0,2.8,1
60.539,-139.9908,5.0,2.5,1
60.394,-139.391,3.9,2.5,1
-14.9266,166.7213,33.262,4.9,3
60.592,-140.068,2.5,2.5,1
60.428,-139.473,5.0,2.6,1
60.6006,-139.8562,5.0,2.5,1
60.439,-139.504,5.0,2.9,1
-26.3858,-177.7972,196.517,4.4,3
60.4511,-139.4828,5.0,2.6,1
60.4372,-139.5457,5.0,4.2,1
60.544,-139.762,11.0,2.5,1
60.489,-140.3149,5.0,3.0,1
60.3649,-139.5408,5.0,3.3,1
60.4674,-139.5977,5.0,3.1,1
60.514,-139.631,1.2,2.5,1
60.6116,-139.8259,5.0,3.7,1
60.57,-139.856,1.3,2.5,1
60.385,-139.414,4.3,2.5,1
-14.7201,166.8297,10.0,4.4,3
-16.4962,-177.4278,10.0,4.8,3
60.4235,-139.5571,5.0,3.2,1
54.888530731201,-156.37062072754,25.377956390381,3.8556255491618,1
60.5585,-140.0212,5.0,3.5,1
60.4918,-139.7371,5.0,2.7,1
-14.6843,166.6769,10.0,5.5,3
-14.675,166.6608,10.0,5.2,3
60.418,-139.477,1.1,2.6,1
60.4448,-139.5557,5.0,2.9,1
54.5265,-160.2238,9.553,2.7,1
60.4294,-139.764,5.0,3.4,1
60.5727,-139.5712,4.17,2.6,1
60.4451,-139.6363,5.0,2.8,1
60.575,-139.957,5.0,2.6,1
60.5597,-139.7702,5.0,3.2,1
-22.1436,-179.7559,606.114,4.4,0
60.5857,-139.9153,5.0,2.5,1
60.351,-139.5316,5.0,3.2,1
-23.6241,179.7862,531.391,4.3,0
60.5274,-139.7253,8.78,2.6,1
60.5093,-139.6254,5.0,3.2,1
60.4851,-139.6127,5.0,3.4,1
53.3407,-164.0401,35.0,4.7,1
60.4874,-140.0904,5.0,2.7,1
60.571,-140.03,5.0,2.6,1
19.151666666667,-155.37433333333,29.61,2.83,1
60.5009,-140.0624,5.0,2.7,1
60.4497,-139.4723,3.794,2.5,1
60.5316,-140.0132,5.0,2.9,1
60.4978,-140.0803,5.0,2.7,1
60.5034,-139.8952,5.0,2.8,1
60.5908,-139.8039,5.0,4.1,1
-55.7026,-27.6201,88.876,4.7,3
60.4347,-139.4614,5.0,3.2,1
60.5211,-140.059,5.0,3.6,1
60.3878,-139.449,5.0,3.1,1
60.5566,-139.9766,5.0,3.9,1
60.5691,-139.7271,5.0,3.2,1
60.6103,-140.1293,5.0,3.0,1
60.456,-139.5453,6.117,2.8,1
60.5787,-139.9551,5.0,2.6,1
60.5618,-139.9722,5.0,2.8,1
60.5155,-140.0725,7.623,2.7,1
60.5462,-139.9158,5.0,4.4,1
60.591,-139.852,2.5,2.6,1
32.0967,140.2388,95.775,4.7,2
60.5516,-139.67,5.0,2.6,1
-34.6811,-73.8003,10.0,4.4,3
60.442,-139.546,1.6,2.6,1
60.421,-139.6179,5.0,3.0,1
60.5861,-140.0126,5.0,2.7,1
60.474,-139.506,1.1,2.6,1
60.4975,-140.1135,5.0,4.5,1
60.5344,-140.0104,5.232,4.1,1
60.5185,-139.7683,5.0,2.8,1
-14.9634,166.5495,10.0,4.5,3
60.5484,-140.0387,5.0,2.7,1
60.5512,-139.9633,3.345,3.9,1
-6.652,131.1086,54.233,4.3,3
60.3913,-139.5125,5.0,3.8,1
60.5122,-139.9334,5.0,2.8,1
60.564,-139.93,5.8,2.5,1
60.5549,-139.7915,5.0,2.6,1
60.611,-139.8496,5.0,2.8,1
60.4743,-139.6735,5.0,3.8,1
60.63,-139.98,5.6,2.5,1
60.5055,-139.5477,7.479,2.8,1
60.5499,-139.7105,5.97,3.0,1
60.5412,-140.0192,5.0,3.6,1
60.5715,-139.9495,5.0,3.4,1
60.383,-139.454,2.0,2.6,1
51.3159,179.5772,52.196,3.2,2
60.5518,-139.6953,5.0,2.8,1
60.436,-139.451,2.6,2.6,1
60.4967,-139.5667,5.0,3.2,1
60.4602,-139.4716,5.0,3.1,1
60.418,-139.5022,5.0,3.4,1
60.560802459717,-139.91986083984,2.1305437088013,2.6473538929434,1
60.5683,-139.6912,5.0,2.5,1
60.5671,-139.9247,5.0,2.7,1
60.416,-139.433,1.6,2.6,1
60.383,-139.4832,6.081,2.6,1
60.5599,-139.7932,5.0,2.6,1
60.6035,-139.9202,3.947,3.9,1
59.312732696533,-153.16435241699,76.810394287109,3.6451285668649,1
60.7699,-140.056,5.0,2.6,1
60.3915,-139.4367,5.0,3.0,1
60.4311,-139.4445,4.426,2.9,1
60.5292,-139.8863,5.0,3.2,1
60.5908,-139.7283,5.0,2.8,1
60.4991,-139.6328,3.922,2.7,1
60.5609,-139.9575,5.0,3.6,1
60.4417,-139.4581,3.09,2.6,1
17.811,-67.416333333333,22.58,3.0,1
60.7889,-139.9999,5.0,3.5,1
60.3678,-139.4312,5.0,3.1,1
60.4639,-139.5133,5.0,2.7,1
60.5185,-139.6372,5.0,2.8,1
60.592,-139.887,9.0,2.5,1
60.4447,-139.56,6.625,3.0,1
60.5927,-139.8279,5.0,3.6,1
60.527599334717,-140.05328369141,7.1819157600403,2.6168190616544,1
60.444,-139.5727,5.0,3.2,1
60.3851,-139.4437,5.0,3.1,1
60.7697,-140.0415,5.0,2.5,1
60.4068,-139.4325,5.0,3.2,1
60.4467,-139.4401,5.0,2.6,1
60.4801,-139.7782,5.0,3.1,1
60.5629,-139.7826,5.0,3.0,1
60.6326,-139.9297,6.462,2.8,1
50.9807,-179.9556,6.016,2.7,1
60.643,-140.078,3.0,2.6,1
60.3761,-139.3491,5.0,2.8,1
51.8412,159.893,35.0,4.6,2
60.5462,-139.7252,1.314,2.9,1
60.5813,-139.8028,5.0,3.2,1
60.4698,-139.5072,5.0,3.0,1
60.659,-139.9129,5.0,4.2,1
60.6495,-139.9848,5.0,3.5,1
60.4555,-139.4856,3.216,2.6,1
60.5194,-139.6514,5.0,3.5,1
60.5922,-139.9212,5.0,3.4,1
60.4629,-139.5654,5.0,3.4,1
60.604,-139.785,3.5,2.5,1
60.587,-139.66,4.8,2.5,1
60.435,-139.655,0.0,2.6,1
60.5789,-139.8544,5.0,2.5,1
60.444,-139.467,5.0,2.5,1
60.544,-139.73,4.2,2.5,1
60.492,-139.601,10.5,2.5,1
60.577,-140.018,5.0,2.5,1
60.4111,-139.4937,5.0,3.3,1
60.482,-139.611,5.8,2.6,1
60.4516,-139.5522,5.0,2.8,1
60.5753,-139.9228,5.0,3.3,1
60.5542,-139.6333,5.0,2.7,1
-6.6294,131.0539,35.0,5.2,3
60.6195,-139.9923,5.0,3.9,1
60.4201,-139.4462,5.0,3.0,1
60.4728,-139.5845,5.0,3.1,1
60.5425,-139.8866,5.0,3.6,1
60.4207,-139.4113,5.0,3.4,1
60.5732,-140.0491,5.0,3.1,1
-23.6383,179.9884,544.334,4.6,0
60.4805,-139.7682,5.0,2.8,1
60.6359,-139.9055,5.0,4.3,1
60.5616,-140.0066,7.321,5.2,2
60.4524,-139.5498,5.0,4.1,1
60.5386,-139.583,5.0,2.8,1
60.3929,-139.3971,5.0,2.7,1
60.5048,-139.5359,5.0,3.0,1
60.5295,-139.9791,5.0,2.8,1
50.1038,155.7078,100.521,4.7,2
60.5647,-140.1427,5.0,2.5,1
60.4387,-139.5426,5.0,2.7,1
60.5466,-139.787,5.0,3.2,1
60.527,-140.0775,5.0,2.7,1
60.5986,-139.9472,5.0,3.1,1
60.4494,-139.5937,5.0,2.6,1
60.6076,-139.8549,5.0,3.1,1
60.4278,-139.4289,5.0,3.2,1
17.5087,-95.2491,138.852,4.3,3
60.6376,-139.9471,5.0,3.2,1
60.6235,-139.7133,5.0,3.4,1
60.558,-139.9851,4.0,4.2,1
60.5886,-139.839,5.0,3.3,1
59.826,-152.964,102.8,3.6,1
60.5431,-140.0848,5.0,3.8,1
60.5253,-140.0797,5.0,3.4,1
60.4467,-139.5643,5.0,4.4,1
60.4366,-139.4846,5.0,2.7,1
60.5636,-139.9352,5.0,3.8,1
60.39,-139.505,5.0,4.2,1
60.45,-139.5454,5.0,2.5,1
60.5445,-140.136,5.0,2.9,1
60.4674,-139.8585,5.0,2.8,1
29.9125,80.9401,35.0,4.5,2
60.4066,-139.4909,5.0,3.2,1
60.5485,-140.0471,5.0,4.2,1
60.5893,-139.912,5.0,3.2,1
60.5538,-139.7216,5.0,3.4,1
60.4046,-139.4929,5.0,3.1,1
60.3654,-139.4401,5.0,3.6,1
60.4282,-139.4868,5.0,3.3,1
60.4252,-139.5248,5.0,3.0,1
-16.7089,-177.4388,10.0,5.1,3
60.5331,-139.8148,5.0,3.6,1
60.6393,-139.9768,5.0,3.0,1
60.4444,-139.612,5.0,4.3,1
60.5029,-139.9277,5.0,2.6,1
60.4596,-139.4686,5.0,2.7,1
50.0786,157.2271,35.0,4.5,2
60.4818,-139.9238,5.0,2.8,1
60.5307,-139.8832,5.0,3.2,1
37.992,22.1357,10.0,4.3,2
60.5504,-139.7071,5.0,3.1,1
60.6207,-139.9209,5.0,2.7,1
60.5165,-139.4867,5.0,2.9,1
60.5398,-139.8645,5.0,4.5,1
60.3614,-139.4156,5.0,2.8,1
60.4186,-140.033,5.0,2.7,1
60.5127,-139.772,5.0,3.1,1
60.5,-139.5988,5.0,2.8,1
60.4702,-139.674,5.0,3.2,1
9.7333,138.4384,10.0,4.5,2
60.4928,-139.5471,5.0,3.1,1
60.4141,-139.495,5.0,3.3,1
60.4091,-139.435,5.0,3.3,1
60.4776,-139.743,5.0,2.9,1
60.5806,-139.8673,5.0,2.5,1
60.5866,-140.0612,5.0,3.2,1
60.5872,-140.0862,5.0,2.5,1
31.6052,132.103,44.002,4.5,2
60.503,-139.533,1.0,2.5,1
60.5547,-139.8845,5.0,3.4,1
60.5311,-139.5859,5.0,3.2,1
60.48,-139.767,5.0,2.5,1
60.5015,-139.8315,5.0,3.2,1
39.5461,143.3292,31.708,4.9,2
60.4782,-139.6172,5.0,4.3,1
60.5855,-139.8929,5.0,2.7,1
60.3964,-139.4762,4.014,3.1,1
60.482,-139.6691,5.0,3.0,1
60.3793,-139.6035,5.0,3.0,1
-41.2745,-86.0338,10.0,4.4,3
60.6176,-140.2404,5.0,3.0,1
60.7142,-139.7805,5.0,2.7,1
60.5001,-139.9196,5.0,2.8,1
60.4611,-139.7662,5.0,3.5,1
60.4589,-139.5176,7.773,3.2,1
60.447,-139.5044,5.0,3.2,1
60.4474,-139.5567,5.0,4.4,1
60.5095,-140.0184,5.0,3.1,1
60.5692,-140.0763,5.0,2.8,1
60.6416,-139.9343,5.0,2.6,1
60.5215,-140.0173,5.0,3.3,1
60.5373,-139.8477,4.969,2.9,1
60.5577,-140.0581,5.0,3.3,1
60.5188,-139.9509,5.0,2.6,1
60.4052,-139.4923,5.0,3.1,1
60.5458,-139.8306,5.0,4.3,1
60.5737,-140.208,5.0,3.4,1
60.508,-140.1026,5.0,3.8,1
60.5446,-139.8936,5.0,4.4,1
60.4566,-139.5299,5.0,3.1,1
60.3994,-139.5222,5.0,3.2,1
60.5688,-139.9167,2.508,3.4,1
60.5077,-139.9452,5.0,4.1,1
60.4931,-139.6118,5.0,3.4,1
23.4513,121.4769,30.693,4.1,2
60.4381,-139.607,5.0,3.9,1
60.4175,-139.6841,5.0,4.5,1
60.3591,-139.4482,5.0,2.9,1
60.5907,-139.7569,5.0,3.1,1
60.6291,-139.9042,9.168,3.1,1
60.5231,-140.0265,7.439,4.6,1
60.5854,-139.9342,5.0,3.3,1
60.5197,-139.9352,5.131,3.0,1
49.7629,159.5459,10.0,4.3,2
60.4782,-140.3461,16.371,2.8,1
60.5005,-139.7065,2.588,3.1,1
60.3955,-139.7324,5.0,2.5,1
60.4142,-139.4529,5.0,3.2,1
60.3922,-139.4409,2.029,3.3,1
60.5473,-139.7717,5.0,3.8,1
60.3844,-139.3957,5.0,2.8,1
60.5223,-140.0198,5.0,2.9,1
60.438,-139.7406,5.0,2.7,1
-17.7769,-69.3728,147.365,4.2,3
60.6046,-139.7527,4.841,3.7,1
60.4935,-139.6544,2.443,3.9,1
60.497,-139.543,3.849,2.5,1
60.4197,-139.5617,5.0,3.8,1
43.7879,-105.3435,0.0,3.4,1
60.366,-139.4708,5.0,3.5,1
60.5876,-139.9127,10.0,3.0,1
60.4123,-139.5293,5.0,3.3,1
60.5245,-140.0216,5.0,3.2,1
60.4098,-139.8449,5.0,3.3,1
60.4742,-139.5264,10.0,2.9,1
60.3676,-139.433,5.0,3.0,1
60.4342,-139.8161,10.0,2.7,1
60.3682,-139.4038,5.683,3.1,1
60.3863,-139.4007,5.0,3.8,1
31.96,-103.133,6.0999,2.5,1
60.4388,-139.8522,10.0,4.2,1
60.5885,-139.7984,5.0,3.4,1
60.4152,-139.5725,5.0,3.3,1
60.4521,-139.4964,5.0,2.9,1
60.5691,-139.9918,4.124,2.8,1
60.478,-139.4669,5.0,2.6,1
60.4586,-139.4411,5.0,2.5,1
60.5017,-139.768,5.0,3.9,1
60.3945,-139.5724,10.0,4.1,1
60.6124,-139.9152,5.0,2.5,1
60.4719,-139.4975,4.122,3.4,1
60.5153,-140.0386,5.0,3.3,1
60.32,-139.216,3.5,2.9,1
60.527,-139.5274,5.0,3.4,1
60.4057,-139.5724,5.0,3.7,1
60.5039,-139.7688,5.0,3.6,1
60.6108,-139.7746,5.0,2.9,1
60.422103881836,-139.54859924316,14.77686882019,3.2091146796061,1
60.4515,-139.9584,10.0,2.9,1
60.5066,-139.5131,6.898,2.8,1
60.5353,-138.9173,12.73,3.3,1
60.3635,-139.457,5.0,3.3,1
60.3983,-139.4708,5.0,3.2,1
60.5117,-139.5069,5.0,3.4,1
60.6142,-139.9177,7.41,3.2,1
60.441,-139.3925,5.0,3.6,1
60.3778,-139.6504,5.0,3.8,1
60.4616,-139.9685,10.0,3.3,1
60.5374,-139.9895,7.832,3.9,1
60.6754,-139.7492,9.286,3.3,1
60.5891,-139.9201,4.978,3.4,1
60.6464,-139.8737,5.0,3.5,1
60.5373,-140.0348,5.0,4.4,1
60.962482452393,-150.97157287598,51.387969970703,3.7513676831786,1
60.5674,-140.1995,5.0,4.2,1
60.3727,-139.3832,8.723,4.3,1
64.683,-147.676,13.8,2.7,1
60.493,-139.8571,5.0,4.4,1
60.5582,-139.752,5.0,3.6,1
60.4454,-139.5373,5.0,4.1,1
60.4297,-139.4208,5.0,4.0,1
60.5489,-139.9651,5.0,4.4,1
60.3639,-139.4748,5.0,4.1,1
60.5594,-139.7419,5.0,4.1,1
60.4092,-139.5694,5.0,4.9,2
60.6113,-139.793,5.0,4.0,1
60.318885803223,-139.35723876953,10.758799552917,5.0876669931811,2
60.3517,-139.4116,5.0,4.3,1
38.0628,22.0416,15.92,4.8,2
60.4099,-139.3825,1.467,4.4,1
60.2873,-139.3857,5.0,4.8,2
60.3673,-139.4012,5.0,5.2,2
60.3127,-139.5412,10.317,7.0,2
-20.5563,-68.8995,94.341,4.4,3
-8.799,120.5048,120.656,4.2,3
-8.7344,147.8776,30.385,4.4,3
-21.5935,170.3771,103.078,4.4,3
34.1626,73.6281,10.0,4.4,2
62.954,-147.95,62.9,2.8,1
59.587,-153.308,102.8,2.6,1
53.3085,159.6693,71.816,4.5,2
-15.7458,-174.5699,139.523,4.4,3
58.68,-152.501,46.0,2.7,1
-31.8604,-72.2391,21.935,4.2,3
51.4262,-176.5077,35.0,2.7,1
40.2045,-124.13616666667,11.94,2.51,1
52.6479,161.0718,10.0,4.3,2
37.0417,58.3061,10.0,4.5,2
13.1434,121.2556,10.0,4.1,2
-55.1495,-126.6904,10.0,5.1,3
37.550166666667,-121.68133333333,3.59,2.59,1
52.2605,-164.9793,10.0,2.9,1
-60.1547,-61.7811,10.0,4.8,3
37.1388,68.2923,10.0,4.6,2
52.8085,160.9717,28.604,4.1,2
52.8181,161.0695,10.0,4.6,2
16.8976,-94.9574,100.912,4.3,3
30.038,-103.264,0.9521,2.8,1
51.2234,159.5467,10.0,4.1,2
52.7715,161.0444,10.0,4.8,2
52.5265,160.8204,31.483,4.6,2
61.086,-150.262,36.3,2.8,1
31.2753,131.465,52.787,4.3,2
60.036,-153.446,154.1,2.8,1
56.1501,-149.3053,10.0,3.3,1
61.539,-151.113,63.2,2.5,1
54.1846,-163.265,65.901,3.0,1
15.1323,-94.5367,33.637,4.0,3
52.5202,162.3847,10.0,4.2,2
-29.7112,-177.0683,10.0,4.7,3
31.9535,-117.3255,10.34,2.71,1
15.1922,-94.5793,10.0,4.5,3
35.7896,21.752,32.234,4.6,2
-7.5002,127.8101,165.544,4.3,3
18.640166666667,-67.336333333333,28.61,3.12,1
36.7425,70.7593,156.418,4.2,2
52.5956,160.8653,13.146,5.1,2
56.1343,-149.3009,10.0,3.2,1
13.1747,144.567,75.892,4.5,2
1.6522,127.2482,113.578,5.1,3
40.549333333333,-124.1925,12.48,2.99,1
-44.136,-82.1174,10.0,4.6,3
49.3278,155.3228,64.897,4.6,2
18.7013,-68.2091,167.0,3.69,1
40.8949,70.7398,19.215,4.3,2
-10.5681,119.2705,16.04,5.1,3
53.943,-164.948,60.9,2.8,1
43.6482,-105.31,0.0,3.3,1
7.0273,-46.2267,10.0,4.9,3
18.0289,120.8263,10.0,4.5,2
19.232,-66.639666666667,21.34,3.07,1
18.6143,-106.7426,10.0,5.5,3
19.2611,-67.3546,38.0,4.0,3
32.356,-102.104,7.8369,2.6,1
-60.161,-62.1152,10.0,4.7,3
60.998,-148.257,10.3,2.5,1
-18.0508,-178.2073,623.734,4.2,0
-60.0779,-62.4141,10.0,4.5,3
32.8569,76.0845,18.813,4.0,2
-15.5916,-7.1765,10.0,4.4,3
18.9015,-106.5316,10.0,4.3,3
-11.9095,165.8452,10.0,4.5,3
35.5092,22.589,56.728,4.4,2
54.44,-160.605,9.1,2.6,1
51.082,-177.805,16.4,2.8,1
-26.7508,-176.2161,10.0,4.6,3
52.798,-168.103,39.9,2.9,1
19.194,-66.643,31.58,3.39,1
52.9643,160.9211,10.0,4.8,2
19.055333333333,-155.4685,36.78,2.72,1
6.9005,-46.3014,10.0,4.9,3
39.3411,93.4557,10.0,4.5,2
-7.8828,115.5396,215.017,4.4,3
-60.1833,-62.065,10.0,5.2,3
18.2318,-68.4658,88.0,3.78,1
36.5232,-4.5893,58.514,4.4,2
18.596,-68.9405,124.0,3.84,3
56.781,-155.631,7.9,2.6,1
54.449,-160.197,21.9,2.7,1
-23.1259,-68.5298,113.005,4.1,3
51.3679,159.5568,10.0,4.4,2
54.495,-160.286,2.6,2.5,1
62.946,-150.013,79.5,2.5,1
-7.2367,129.594,126.655,4.3,3
-6.1134,151.271,10.0,4.5,3
31.67,-104.191,7.2662,2.5,1
53.7772,160.4941,58.333,4.3,2
31.666,-104.193,6.5485,2.7,1
-4.879,145.3954,156.556,4.6,3
-29.6084,137.5315,10.0,4.1,3
32.0822,-93.4687,5.0,2.6,1
18.678,-65.156166666667,61.9,3.09,1
51.3606,-178.7091,59.03,2.6,1
18.7596,-68.382,53.0,3.55,1
32.885333333333,-118.011,3.81,2.54,1
54.3851,-161.7223,35.0,3.1,1
26.7568,129.6439,10.0,4.4,2
49.8062,155.7417,72.97,4.5,2
18.875833333333,-64.651,13.47,3.35,1
43.7617,-105.2998,0.0,3.0,1
54.861,-157.009,3.8,3.5,1
18.365333333333,-66.6905,19.14,2.65,1
17.389333333333,-64.8265,46.8,3.35,1
62.691,-152.213,6.2,2.6,1
17.416333333333,-64.847166666667,50.24,3.11,1
18.333666666667,-64.0675,33.16,3.13,1
18.0774,-64.254,9.539,2.6,1
38.87,-98.519,9.005,2.8,1
51.359,159.4329,35.0,4.7,2
61.255,-150.07,34.3,3.1,1
19.0415,-65.374333333333,47.35,3.27,1
-27.495,-176.1569,10.0,5.3,3
63.142,-150.87,123.4,2.6,1
19.1088,-65.398,32.0,3.67,1
52.1637,159.0157,61.099,4.1,2
62.385,-148.253,9.6,2.6,1
-55.7918,-26.7357,10.0,4.3,3
-11.7572,116.8905,10.0,4.5,3
65.066,-141.46,2.5,3.9,1
-55.379,-24.7252,10.0,4.7,3
19.001166666667,-65.393833333333,59.01,3.13,1
53.9961,-163.653,35.0,2.6,1
-4.7912,114.7513,10.0,4.2,3
18.745,-64.6826,117.0,3.83,3
59.386,-147.352,21.3,2.8,1
35.819,-121.09283333333,5.58,2.65,1
0.7895,123.8201,252.173,4.5,3
18.995833333333,-65.378833333333,58.53,3.34,1
54.5783,-160.4067,13.855,3.8,1
53.0506,159.4767,70.87,4.8,2
40.412,-126.0128,10.0,2.6,1
-19.9635,-12.372,10.0,5.1,3
-21.1435,-11.4638,10.0,4.6,3
-5.4173,154.1918,130.321,4.6,3
19.080333333333,-65.4025,31.86,3.38,1
-22.9693,170.5406,10.0,4.3,3
29.1109,87.0043,10.0,4.1,2
38.4567,-116.5091,10.5586,2.52,1
-20.1441,-177.7104,531.004,4.2,0
-2.3586,139.0398,34.73,4.1,3
41.0913,78.5546,10.0,4.2,2
63.663,-152.783,1.7,2.8,1
31.618,-103.997,8.548,3.1,1
41.0099,78.4441,9.0,5.8,2
54.2946,-159.5823,10.0,2.6,1
-22.7353,-68.5873,123.317,4.4,3
18.5195,-67.404166666667,11.68,2.73,1
42.4042,-126.5892,10.0,2.7,1
2.7818,128.5872,222.675,4.3,3
38.4685,-116.4919,0.0,2.77,1
2.5657,95.7595,24.561,4.4,3
65.323,-143.889,4.5,2.9,1
18.2905,146.2495,87.63,4.8,2
-21.4912,-179.2237,599.274,5.2,0
-0.3169,125.646,76.161,5.0,3
18.874666666667,-67.276166666667,46.2,3.18,1
15.9145,-95.6215,34.753,5.2,3
1.4567,128.2043,106.214,4.6,3
-54.9048,-129.2594,10.0,5.1,3
-55.3824,-128.1034,10.0,5.5,3
50.1159,-129.7307,10.0,4.1,1
51.2104,159.0646,10.0,4.3,2
17.952833333333,-68.483833333333,59.55,3.41,1
56.279,-157.365,32.3,3.3,1
35.2286,76.6052,10.0,4.2,2
23.7187,90.427,10.0,4.1,2
54.1302,-2.7654,10.0,3.4,1
-40.583,176.3945,25.903,4.2,3
-40.5048,176.2241,19.726,4.5,3
54.4973,-159.6785,28.46,2.9,1
36.135333333333,-118.44016666667,6.29,2.6,1
51.2005,157.2175,87.431,4.1,2
37.4632,56.4799,10.0,4.1,2
-20.2032,-178.1048,560.186,4.1,0
50.4878,156.7733,86.299,4.3,2
53.0324,-166.6997,35.677,3.2,1
19.4878,-68.2108,76.0,3.51,1
-4.4978,154.2852,10.0,4.7,3
54.6067,-164.8354,153.688,2.9,1
34.287,-97.5805,10.09,2.51,1
-31.5476,-178.4085,10.0,5.0,3
29.4748,141.4531,78.012,4.5,2
37.4285,-118.851,6.56,2.79,1
36.4155,74.3137,47.367,4.3,2
38.3161,142.0482,57.554,4.4,2
19.2441,-104.3128,10.0,4.3,3
51.2728,159.4839,23.645,4.3,2
-15.1264,172.3477,636.785,4.5,0
54.1577,-159.8127,26.147,3.0,1
-20.3768,-67.9493,156.159,4.1,3
36.138,-118.44,6.89,3.2,1
56.071,-157.317,9.1,4.4,1
30.8874,142.5736,10.0,4.4,2
-5.7806,130.9141,118.123,4.4,3
14.6744,-93.3167,35.0,4.7,3
36.0605,-89.8175,8.95,2.59,1
50.9596,-179.1076,12.722,4.2,1
-28.8637,-71.4331,38.444,4.0,3
51.8962,158.5115,70.037,4.2,2
61.637,-150.709,57.2,2.9,1
-20.4167,-177.6757,528.864,4.2,0
-9.8236,109.6451,35.0,4.5,3
54.432,-160.1942,23.845,2.9,1
42.3068,144.1851,49.069,4.2,2
60.18,-151.088,54.3,2.9,1
51.8297,-171.8469,49.484,3.7,1
61.576,-141.138,5.0,2.6,1
37.8111,72.1989,187.016,4.2,2
7.2306,-82.3157,10.0,4.3,3
38.398,-122.61616666667,0.46,2.56,1
-24.6527,179.9802,532.511,4.5,0
34.429,-119.297,9.46,2.85,1
60.358,-152.34,82.3,2.5,1
31.1827,49.7002,10.0,4.1,2
-17.7849,-178.7413,552.073,4.6,0
-36.0151,-73.8568,19.688,4.1,3
19.3886,-65.6903,55.0,3.76,1
-36.0772,-73.7967,23.172,4.3,3
-36.2016,-73.7556,18.668,4.2,3
63.13,-150.782,105.2,2.7,1
53.5396,-163.7856,35.0,3.5,1
17.925666666667,-67.133833333333,12.54,2.51,1
54.0862,-162.8165,35.0,2.9,1
-20.8566,-178.9541,620.0,5.6,0
-32.2965,-68.5182,37.463,4.4,3
-12.4465,166.8701,204.123,4.9,3
31.659,-104.382,6.0999,3.2,1
40.6117,-109.4725,0.0,3.3,1
41.2186,71.9375,15.69,4.2,2
-27.6938,179.4477,514.853,4.7,0
49.9351,156.0616,70.767,4.4,2
40.9145,-125.04283333333,10.0,2.76,1
-6.5701,155.7736,175.202,4.3,3
18.5683,-68.9708,113.0,3.67,1
-23.1571,-177.567,220.922,4.3,3
-26.5494,-176.1108,10.0,4.3,3
-16.8994,-172.5286,10.0,4.6,3
-26.6233,-176.0182,10.0,4.3,3
14.3289,120.7398,221.545,4.4,3
18.690166666667,-67.7505,47.8,3.4,1
52.8571,160.5243,41.146,4.1,2
31.844833333333,-114.67233333333,18.91,2.57,1
60.665,-152.035,83.9,2.7,1
28.2462,51.7119,10.0,4.2,2
-2.3276,134.1553,5.054,4.6,3
0.337,98.6405,49.768,5.1,3
14.7856,-91.0593,169.27,4.3,3
-21.363,-67.6842,211.606,4.3,3
-7.4197,128.1947,143.843,4.6,3
50.0701,157.0808,35.0,5.1,2
34.4938,139.4817,10.0,4.4,2
18.9595,-68.2093,56.0,3.65,1
53.3669,-165.3488,31.533,3.0,1
21.9235,95.9869,10.0,4.8,2
31.9102,92.921,10.0,4.8,2
9.452,-40.4419,10.0,4.3,3
42.94,145.4636,52.509,5.0,2
59.545,-152.967,86.3,2.5,1
9.5346,-40.5662,10.0,4.4,3
59.765,-152.436,68.7,3.3,1
-59.1111,-25.0092,24.481,4.5,3
19.374166666667,-156.14816666667,43.64,2.52,1
2.3968,-95.213,10.0,4.3,3
2.1406,-95.5696,10.0,4.1,3
-15.3238,-173.135,10.0,4.5,3
9.545,-40.4776,10.0,4.6,3
51.3829,158.8963,31.504,4.3,2
9.3019,-40.681,10.0,5.2,3
54.193,-162.5601,10.0,2.5,1
18.5918,-68.2988,44.0,3.47,1
9.4392,-40.5327,10.0,4.6,3
50.0607,157.0884,36.54,4.1,2
-26.8248,-176.2178,10.0,5.0,3
53.1999,-164.6343,10.0,2.9,1
54.1894,-162.47,10.0,2.8,1
9.9404,-70.8134,10.0,4.6,3
50.6857,157.0186,64.782,4.3,2
-23.0609,-68.8495,103.357,4.1,3
32.762,-100.644,7.9346,3.3,1
56.385,-156.515,19.6,2.8,1
9.4556,-40.4801,10.0,4.4,3
9.4768,-40.6669,10.0,4.4,3
20.4905,92.3253,10.0,4.1,2
-6.1955,155.0083,158.207,4.9,3
-24.4318,-67.2982,200.54,4.2,3
-56.3082,-25.5974,10.0,4.5,3
51.8742,160.3698,10.0,4.2,2
-23.1952,-179.7067,582.437,4.0,0
51.3831,159.6595,10.0,4.9,2
-10.0596,66.794,10.0,4.6,3
54.8127,-160.6053,43.058,4.2,1
17.811333333333,-67.033333333333,29.37,2.5,1
-9.5429,-75.2302,108.152,4.9,3
-27.3275,-176.8501,35.0,4.5,3
-27.1082,-176.4363,35.0,5.2,3
37.2868,72.0551,108.958,4.2,2
51.648,-173.4586,35.0,5.1,2
32.5027,142.4884,10.0,4.4,2
16.354,-92.8733,208.454,4.4,3
14.7587,119.7692,10.0,4.5,2
-27.1652,-175.9607,10.0,4.6,3
-21.1132,168.5224,10.0,4.9,3
-10.2888,161.4093,104.577,5.1,3
28.1928,51.5983,10.0,4.1,2
18.8286,145.2538,199.55,4.0,2
22.8791,94.4717,99.301,4.8,2
8.9656,126.3025,56.431,4.5,3
-18.0067,-178.3713,596.914,4.1,0
52.1187,-169.286,10.0,2.8,1
55.412,-157.809,1.6,2.6,1
2.7113,128.1721,73.75,4.3,3
7.669,136.9808,10.0,4.6,3
58.6644,126.4766,10.0,4.4,2
52.7494,160.644,34.576,4.8,2
55.497,-157.625,10.1,2.6,1
52.059,179.6384,133.018,3.7,2
62.428,-150.449,50.9,3.1,1
60.917,-146.864,9.6,2.6,1
-21.1594,-68.6237,111.331,4.2,3
28.4389,53.1078,10.0,4.0,2
59.836,-153.588,117.4,3.0,1
-31.4862,179.8098,432.135,4.3,0
18.6035,-66.731833333333,66.0,2.98,1
51.1575,-177.6196,47.552,3.9,1
53.6749,-164.6216,10.0,2.7,1
38.3855,-122.61033333333,1.84,2.93,1
53.6341,159.6268,10.0,4.2,2
-3.6493,142.2499,35.0,4.7,3
38.391,-122.612,4.9,3.1,1
16.3206,-59.6292,10.0,4.5,3
38.387333333333,-122.60816666667,4.77,2.9,1
-19.7558,-177.529,544.161,4.4,0
19.1885,146.2372,91.59,4.5,2
38.385333333333,-122.60633333333,4.76,3.25,1
18.5885,-66.760333333333,78.59,3.22,1
-5.8617,-81.0816,32.602,4.2,3
18.2085,-67.357833333333,11.92,3.3,1
-59.0038,149.5291,10.0,4.2,3
-25.3374,179.8969,499.395,4.2,0
-20.4518,-175.6997,238.9,4.4,3
36.8332,71.0559,205.599,4.2,2
27.585,56.1308,10.0,4.4,2
19.267,-66.622166666667,49.85,3.21,1
-17.9166,-178.544,578.78,4.3,0
5.9851,-77.569,10.0,4.3,3
56.67,-157.222,75.2,2.5,1
57.612,-154.02,7.1,2.8,1
-59.4373,-26.0685,42.938,4.3,3
41.0675,-116.5133,4.2524,3.27,1
-17.829,-174.6388,10.0,4.7,3
-18.2947,-64.8709,10.0,4.2,3
40.5155,-126.2838,10.0,2.7,1
59.138,-150.64,15.2,3.2,1
7.4127,127.0704,35.0,4.6,3
-19.4176,-67.2761,227.844,4.1,3
47.3283,-113.2019,30.159,3.1,1
42.0602,142.5913,57.662,4.6,2
-2.9848,130.1828,10.0,4.9,3
60.653,-150.837,42.0,2.8,1
43.8127,-105.2961,0.0,3.1,1
40.6051,-106.3501,10.624,2.7,1
60.641,-151.771,73.6,2.5,1
40.366666666667,-124.888,15.29,2.8,1
61.003,-150.284,45.1,2.6,1
17.932,-68.464,73.27,3.34,1
38.1966,141.8948,54.948,4.6,2
18.8501,145.7151,201.514,4.7,2
48.802666666667,-119.52333333333,16.43,2.77,1
50.0555,155.9105,89.467,4.2,2
41.2074,-116.6566,9.5471,2.79,1
39.429333333333,-122.13566666667,26.02,2.77,1
59.998,-152.922,104.0,2.7,1
-18.957,-174.975,191.174,4.5,3
-26.879,-176.0819,10.0,4.2,3
51.5151,157.7795,90.253,4.5,2
52.1002,-172.439,72.624,4.4,1
-56.0757,-143.8795,10.0,5.0,3
53.3876,-165.4235,10.0,2.8,1
-2.1892,139.0948,10.0,4.4,3
-26.9787,-176.2688,10.0,5.3,3
66.5665,-140.9123,10.0,2.8,1
43.0378,145.9031,39.606,4.0,2
-25.5645,179.6055,519.439,4.4,0
-1.923,128.9011,10.0,4.7,3
51.2344,-178.2145,37.572,3.4,1
56.7831,-148.5777,10.0,2.8,1
-17.3176,-70.5944,125.69,4.3,3
52.6117,-168.7612,45.919,3.0,1
43.681,-127.735,10.0,3.0,1
-8.4001,112.9424,140.342,4.3,3
18.3755,-66.043666666667,98.58,3.26,1
53.1497,-164.6347,10.0,3.4,1
1.6999,-84.6589,10.0,4.5,3
-17.4164,-173.1133,35.0,4.6,3
30.2518,79.4611,25.331,4.3,2
19.204333333333,-155.49283333333,32.47,3.49,1
-6.8976,127.3696,378.31,4.2,0
18.021166666667,-66.834,16.49,2.99,1
53.1273,-164.5459,35.0,2.8,1
36.661,70.6139,109.922,4.2,2
-28.4498,-68.9984,94.818,4.5,3
-5.3754,151.6848,125.603,4.3,3
52.3768,-167.3965,35.0,2.9,1
32.8435,-118.44833333333,5.75,2.89,1
-30.7111,-71.4192,45.361,4.0,3
54.3532,-159.7291,35.0,3.1,1
37.2672,-97.9533,5.0,2.6,1
52.6529,159.7852,73.655,4.1,2
-27.1631,-176.5717,36.374,5.3,3
51.312,159.5531,10.0,4.3,2
-56.579,146.3353,10.0,4.2,3
40.5884,141.9801,56.25,4.1,2
51.8472,160.1105,30.704,4.5,2
-56.5108,147.4508,10.0,5.8,3
58.186,-138.071,9.5,2.5,1
41.9326,-119.5813,0.7341,2.91,1
39.8246,143.1895,29.917,4.4,2
-21.2008,-178.9084,645.536,4.2,0
54.443,-160.345,5.0,2.9,1
53.323,-165.742,17.4,3.1,1
20.9359,121.0281,10.0,4.9,2
-22.3324,-68.482,109.844,4.3,3
20.9082,120.9745,24.644,4.4,2
54.174,-162.493,8.5,3.2,1
-22.9236,170.9414,10.0,4.2,3
-27.23,-176.2047,10.0,4.8,3
40.054166666667,-122.30716666667,62.15,2.94,1
20.9654,120.9326,10.0,4.2,2
-24.2435,-67.0961,206.6,4.1,3
18.5028,-68.9178,134.0,3.77,3
-20.6499,178.5917,583.949,4.2,0
42.4962,-126.427,10.0,2.6,1
62.271,-154.227,11.4,2.8,1
0.3695,122.0085,182.34,4.6,3
54.486,-160.109,17.1,3.2,1
54.477,-160.283,11.6,2.8,1
19.175,-155.49516666667,33.3,2.76,1
60.112,-151.178,59.1,3.0,1
-13.6113,170.6978,629.972,4.4,0
9.6159,138.2209,10.0,4.6,2
37.4761,140.3752,113.547,4.0,2
-61.1702,-36.4403,10.0,4.7,3
-48.1337,117.5056,10.0,4.3,3
-13.715,166.4729,10.0,5.0,3
56.7477,-148.5361,10.0,2.8,1
-47.808,116.0727,10.0,4.4,3
32.561166666667,-115.2515,16.17,2.51,1
54.1366,-164.522,71.106,3.0,1
-60.7301,-50.4998,10.0,4.4,3
59.65,-153.228,107.7,2.6,1
-52.366,151.8084,10.0,5.9,3
36.847,-121.592,6.7,2.81,1
67.6893,143.0535,10.0,4.4,2
21.5934,143.1209,304.108,4.5,0
13.313,-89.049,84.992,4.9,3
39.6372,-99.1741,5.0,2.9,1
-5.9669,130.9334,121.359,4.5,3
-6.8742,156.2641,154.765,5.1,3
59.67,-152.832,78.3,2.7,1
66.296,-157.208,5.1,2.8,1
6.7524,-72.9558,162.717,4.3,3
-7.9947,-13.4967,10.0,5.1,3
48.9607,156.2413,13.482,5.0,2
-25.2274,-175.3988,10.0,4.7,3
52.0511,-176.9856,122.839,2.8,1
38.8927,-98.5425,5.0,2.6,1
34.2042,26.18,49.351,4.0,2
37.654666666667,-122.476,4.51,3.01,1
-23.9845,-66.6652,197.499,4.7,3
-20.6697,-70.2902,45.664,4.1,3
51.2431,179.7669,54.379,3.7,2
37.1913,96.3388,10.0,4.6,2
-19.9149,-178.0796,414.689,4.0,0
-47.5014,-13.447,10.0,5.3,3
29.1143,131.2005,9.766,4.8,2
-47.5152,-13.5665,10.0,4.9,3
58.683437347412,-137.50445556641,10.0,3.6354549054395,1
49.1254,156.146,33.974,4.6,2
54.3739,-161.3717,35.0,3.1,1
-18.8013,-171.8211,10.0,4.6,3
15.3677,-92.1037,153.161,5.8,3
-6.7507,130.0274,122.601,4.3,3
54.5077,-159.7634,23.038,3.4,1
54.5347,-159.8087,25.221,3.2,1
19.9901,-64.4506,30.0,3.63,1
-20.6685,-178.089,522.112,4.2,0
-37.1842,52.411,10.0,4.8,3
53.2233,159.5924,67.161,4.4,2
-17.4578,-174.5935,103.611,4.6,3
57.593,-155.462,76.2,3.0,1
61.595,-150.717,64.1,3.2,1
59.818,-152.757,88.8,2.6,1
-58.9805,-28.4878,10.0,4.0,3
36.846,-121.595,6.58,3.21,1
5.7796,126.2159,151.062,4.4,3
49.8389,155.8718,74.632,4.4,2
35.358666666667,-117.79066666667,6.21,2.55,1
-14.1982,-14.3764,10.0,5.0,3
60.4202,-141.0086,5.0,2.7,1
-21.5986,-68.3806,145.16,4.4,3
58.912,-153.471,70.7,2.8,1
33.6755,-116.79716666667,17.47,2.58,1
37.431833333333,-118.56016666667,11.88,2.89,1
19.4688,-67.907,56.0,3.57,1
-21.4329,-66.814,212.454,4.5,3
49.7425,158.6707,10.0,4.6,2
16.4124,122.1573,67.848,4.1,2
53.5667,-165.229,35.0,3.0,1
-7.1001,129.7585,140.065,4.8,3
4.4657,-82.747,10.0,4.2,3
55.5635,-161.7158,163.749,3.5,1
52.7123,-168.3325,51.362,2.5,1
-2.8395,128.2946,10.0,4.3,3
49.6399,-119.6791,8.989,3.4,1
-22.7597,-66.771,219.095,4.8,3
51.7623,177.0691,106.159,3.0,2
52.8924,-166.7701,10.0,2.8,1
62.417,-150.29,45.3,3.3,1
-9.0856,-108.9253,10.0,5.3,3
3.9525,126.4004,44.415,4.1,3
-6.1043,127.7211,397.397,4.2,0
-6.1321,105.834,161.069,4.3,3
51.2637,-178.4046,47.643,4.4,1
58.423,-153.008,42.5,2.5,1
-15.3351,-174.8407,263.0,5.6,3
61.448,-151.329,81.3,2.6,1
61.956,-152.077,106.4,3.1,1
33.675833333333,-116.79316666667,17.14,3.48,1
33.675,-116.7965,17.5,3.4961329690395,1
-0.2594,-16.1735,10.0,4.7,3
-52.7572,27.0588,10.0,4.3,3
-7.5437,128.7425,143.323,4.2,3
36.4893,53.2719,10.0,4.0,2
-15.284,-179.1933,431.748,4.3,0
31.789833333333,-116.04666666667,18.96,2.92,1
33.619333333333,-119.03333333333,8.83,3.02,1
61.623,-150.836,52.2,2.6,1
30.1377,51.6974,10.0,4.2,2
39.8676,143.2263,36.699,4.3,2
65.060829162598,-141.41743469238,9.7311658859253,3.8690415126029,1
32.0486,56.3493,10.0,4.6,2
32.1976,56.449,10.0,4.3,2
-32.9948,-72.8305,10.0,4.4,3
36.799,-121.54366666667,8.2,4.04,1
63.728,-149.741,3.0,2.8,1
36.796,-121.53766666667,8.02,3.72,1
39.5266,143.5987,10.0,4.5,2
36.794,-121.5365,8.4,2.69,1
-49.5905,164.4033,18.022,4.3,3
4.2421,126.6452,46.838,4.2,3
61.613063812256,-150.51661682129,47.874378204346,3.2004540598642,1
46.8926,144.711,382.102,4.2,0
61.664764404297,-150.68231201172,65.993156433105,2.6009329744578,1
61.64762878418,-150.82400512695,77.079025268555,2.8884267364351,1
38.784,-122.76766666667,1.17,3.76,1
61.569519042969,-150.75079345703,69.433395385742,6.0,2
63.547,-147.701,0.6,2.9,1
51.3239,-177.0083,35.0,2.8,1
-20.5072,169.7026,97.56,4.3,3
-6.8493,130.5204,105.965,4.8,3
56.707,-156.48,42.5,2.9,1
18.780166666667,-64.4865,58.38,3.35,1
56.6142,-148.7942,10.0,3.2,1
51.1842,-179.6584,10.0,2.9,1
4.0695,126.6845,26.731,4.9,3
57.672,-155.362,9.7,2.5,1
14.6053,145.7293,120.325,4.6,2
38.762833333333,-122.72466666667,1.11,3.71,1
38.7595,-122.72766666667,1.92,3.6,1
52.4437,159.2362,56.901,4.1,2
2.616,95.8441,28.724,4.2,3
57.297,-152.102,23.3,2.7,1
23.9741,90.5388,10.0,4.1,2
1.7442,126.4587,57.575,4.8,3
-20.0215,-178.245,595.681,4.4,0
46.8692,150.7246,185.141,4.1,2
62.175067901611,-153.20062255859,5.4854617118835,3.5275063749293,1
36.9786,71.2215,126.644,4.3,2
51.7243,178.6769,91.794,2.9,2
17.1574,-95.3058,67.199,4.2,3
-11.0719,163.5732,10.0,4.4,3
4.148,126.5326,46.152,4.4,3
51.5008,-175.9278,35.0,2.8,1
-21.702,-68.3037,117.885,4.5,3
53.1484,-162.5899,10.0,2.6,1
2.6102,96.0428,38.295,4.4,3
20.0468,145.7856,89.676,4.5,2
51.5597,-175.9246,35.0,2.6,1
1.2621,96.7469,10.0,4.8,3
2.6829,96.0411,35.0,4.4,3
2.5723,95.9909,35.0,4.4,3
18.337,-68.838,157.0,3.85,3
2.7831,95.8988,10.0,4.4,3
2.7191,95.9543,17.0,6.4,3
5.257,125.8825,106.753,4.5,3
18.3668,120.8975,37.595,4.9,2
18.776333333333,-67.2485,46.49,3.03,1
-58.0537,-25.9073,10.0,4.3,3
-16.1031,67.4002,10.0,4.5,3
40.4665,-116.0248,4.0669,2.57,1
-11.071,163.6473,10.0,4.5,3
17.983333333333,-66.829,15.17,2.84,1
32.33,-101.796,6.5674,3.3,1
35.5645,24.8108,71.12,4.7,2
1.0751,125.0109,122.064,4.7,3
-23.362,-66.787,209.557,4.3,3
4.2042,122.7437,10.0,5.0,3
14.5607,-94.163,10.0,4.2,3
52.9705,-167.9792,50.123,2.5,1
44.0864,-105.4158,0.0,2.9,1
25.6052,124.7524,139.109,4.3,2
53.3141,153.4003,486.822,4.1,0
45.9615,-106.7327,0.0,3.2,1
-17.9457,-178.4226,564.849,4.6,0
52.0657,-171.3232,10.0,3.3,1
0.7377,96.8752,10.0,5.0,3
51.7415,158.6828,63.654,4.1,2
43.9711,-105.3532,0.0,2.8,1
53.4429,160.7084,47.29,4.3,2
52.5183,159.2832,78.18,4.5,2
-22.6098,170.9494,10.0,5.2,3
-17.9541,-178.8655,575.622,4.3,0
-19.6284,-177.6558,420.039,4.0,0
-60.3168,-27.968,10.0,4.4,3
31.706,-101.714,8.4229,3.1,1
57.602401733398,-155.79682922363,6.2609634399414,2.6558398594314,1
42.4544,144.2913,81.265,5.0,2
51.8516,175.7655,26.755,3.2,2
48.741,155.0357,64.043,4.5,2
-22.5694,173.1224,10.0,4.4,3
24.2368,121.8544,44.423,4.2,2
50.899700164795,-179.27220153809,18.387239456177,3.3886278413898,1
7.3667,126.8047,78.369,4.4,3
53.098751068115,-170.95124816895,7.3476748466492,2.8426500828122,1
51.8894,-170.4904,10.0,2.7,1
-19.3171,-177.6071,568.897,4.1,0
52.184,-170.5251,35.0,2.6,1
20.361333333333,-155.57233333333,4.49,3.43,1
36.999333333333,-121.47033333333,3.89,3.63,1
37.001666666667,-121.47116666667,3.6,2.69,1
36.997333333333,-121.47566666667,2.92,3.98,1
-57.8283,157.5009,10.0,4.5,3
-20.6284,-177.8146,486.497,4.2,0
27.0116,125.3424,259.723,4.9,2
52.5615,-168.9567,35.0,3.4,1
-7.1081,129.8647,150.626,4.6,3
-23.8661,-67.9349,117.756,4.5,3
-37.9114,-73.9674,23.102,4.0,3
13.58,-89.1021,141.256,4.3,3
14.2674,-93.5221,10.0,4.2,3
54.576023101807,-160.31163024902,9.2256870269775,2.5159072759009,1
-6.0597,148.6128,63.222,4.1,3
19.336166666667,-155.07533333333,5.84,4.4,3
-9.3565,114.4401,50.95,4.0,3
-19.4447,168.5539,10.0,4.9,3
18.385,-67.082333333333,20.5,3.0,1
5.3272,127.1472,129.531,4.8,3
15.2275,-104.0943,10.0,4.0,3
-21.7616,-68.6791,119.777,4.2,3
-51.012,162.1062,10.0,4.7,3
-19.5346,168.3765,10.0,4.7,3
52.4878,-168.4321,35.0,2.8,1
51.5025,179.4141,62.735,2.7,2
62.560173034668,-151.09078979492,85.848609924316,2.7787587245843,1
51.3823,-177.01,35.0,2.7,1
4.3115,127.6385,124.434,4.1,3
54.6426,-161.6926,35.0,2.5,1
2.3958,98.9189,156.671,4.9,3
51.193023681641,178.45324707031,11.125412940979,3.1398099842811,2
-5.5876,147.4581,186.251,4.1,3
-10.9721,163.8334,10.0,4.1,3
51.4522,179.7242,67.101,2.5,2
-17.1353,-178.6975,532.874,4.2,0
30.3748,138.6788,416.072,4.3,0
35.55533333,-96.74416667,5.65,2.76,1
-15.0495,-173.5311,10.0,5.0,3
51.4368,-179.2241,76.758,2.9,1
52.0119972229,177.54064941406,10.0,3.0550695909979,2
31.688,-104.3,7.3303,2.5,1
58.7809,-142.5538,10.0,2.5,1
-30.1715,-177.5487,35.0,4.3,3
54.471778869629,-160.43609619141,20.090684890747,2.8663561707142,1
-22.94,173.0802,10.0,4.4,3
60.767261505127,-151.72123718262,76.222427368164,2.7300626051741,1
-5.7931,149.2529,125.323,4.8,3
55.4235,160.5198,160.215,4.1,2
60.574,-151.079,55.0,2.7,1
-14.8992,167.4234,115.729,4.3,3
19.2795,-155.84716666667,-0.19,2.67,1
31.712,-104.168,7.3303,2.6,1
-22.988,172.8212,10.0,4.5,3
36.4796,68.9753,65.454,4.4,2
-15.6389,-177.8836,435.013,4.2,0
50.2483,158.8277,10.0,4.6,2
50.3522,159.1485,10.0,4.9,2
0.652,121.5651,80.966,4.5,3
52.8683,-167.8659,35.0,2.8,1
52.8457,-167.8778,33.846,2.5,1
53.8836,-165.231,65.685,2.8,1
34.8982,23.3599,46.752,4.4,2
53.1481,-168.1205,66.444,5.0,2
62.095,-149.438,7.9,2.5,1
-22.9519,173.0049,10.0,4.9,3
54.961,-157.665,34.1,3.4,1
-48.8025,123.843,10.0,4.7,3
53.3368,-164.1309,16.555,4.4,1
-22.9942,173.0749,10.0,4.9,3
-22.8127,173.0743,10.0,4.4,3
-22.907,172.9271,10.0,4.6,3
61.636,-150.436,41.8,2.5,1
-22.0583,-68.6663,114.408,4.0,3
-23.7252,-179.435,532.579,4.1,0
32.9861,131.0674,10.0,4.3,2
2.3697,126.6955,59.068,4.6,3
62.092,-149.457,7.3,3.0,1
59.167,-152.119,44.6,2.5,1
6.3406,126.1995,71.508,5.4,3
40.3146,-127.3455,10.0,2.9,1
59.893,-153.112,118.0,3.0,1
-15.9547,-73.6683,63.994,4.9,3
58.384,-151.17,17.1,2.6,1
53.8176,-163.5754,35.0,3.0,1
33.0317,131.0814,10.0,5.3,2
36.241,142.206,10.0,4.7,2
61.254,-150.165,28.6,2.9,1
-4.7775,104.2855,175.47,4.4,3
-6.3941,130.8422,60.712,4.3,3
7.5157,126.9389,20.631,4.4,3
51.6389,-174.0713,10.0,2.8,1
51.7145,-174.2131,8.418,2.8,1
-7.1648,-73.462,10.0,4.3,3
13.8543,144.7191,155.49,4.5,3
52.2161,159.5367,53.611,5.0,2
52.1975,159.6334,38.797,5.3,2
52.8658,160.7459,35.0,4.2,2
51.8773,-175.2993,56.148,3.7,1
60.762,-146.985,11.4,3.0,1
13.0958,124.9327,35.0,4.4,2
36.8157,-104.7994,3.162,2.6,1
38.6269,141.9194,68.104,4.2,2
-17.7719,167.7389,10.0,4.7,3
8.8225,-84.0746,10.0,4.3,3
-23.0889,-66.7635,197.346,4.5,3
26.1892,127.0127,62.432,4.1,2
52.267,-176.6324,222.591,3.7,1
23.9344,122.3253,10.0,4.4,2
36.185166666667,-120.2345,8.88,2.5,1
54.5853,-159.9711,14.662,2.6,1
52.9083,-167.186,46.438,2.6,1
18.223,-67.282,73.52,2.74,1
-18.6886,-177.825,472.115,4.5,0
17.9587,146.1439,99.693,4.2,2
59.984,-152.624,94.9,2.5,1
-18.7664,-177.679,620.02,4.3,0
-18.7742,-177.5931,622.495,4.7,0
1.2119,128.7123,11.376,4.2,3
-21.9882,-68.5779,122.452,4.2,3
47.5684,154.3117,10.0,4.5,2
59.185,-152.449,51.7,2.6,1
-18.0949,-178.4275,633.755,4.3,0
44.3737,-105.5447,0.0,3.1,1
19.178833333333,-155.498,32.93,2.65,1
19.174833333333,-155.49716666667,32.72,2.94,1
-7.7519,128.312,89.733,4.5,3
4.8731,96.6217,10.0,4.5,3
67.902,-156.718,18.6,2.6,1
59.24,-151.456,24.3,3.0,1
54.5109,-160.0633,34.604,3.2,1
59.239,-151.448,33.4,2.5,1
18.3705,-80.1087,10.0,4.2,3
52.9336,-168.7401,70.137,3.4,1
52.099,-171.166,35.0,3.6,1
-23.558,179.9433,535.308,4.5,0
38.781166666667,-122.76466666667,0.75,2.86,1
38.7855,-122.7625,1.98,3.93,1
12.9104,49.5764,10.0,4.2,3
17.8915,-65.825333333333,42.4,2.84,1
-30.9301,-69.0523,115.172,4.1,3
51.9485,-172.9907,10.0,3.4,1
-3.112,142.9974,10.0,4.5,3
7.0104,126.8277,71.86,4.4,3
-24.1014,-67.1654,196.088,4.5,3
19.642,-66.8626,55.0,3.65,1
19.140833333333,-155.3625,28.78,2.52,1
19.102,145.697,145.203,4.1,2
-2.6593,28.6544,10.0,4.6,3
-8.1285,-73.5609,10.0,4.6,3
53.1913,-161.6793,10.0,2.8,1
63.087,-150.109,81.3,2.7,1
12.8458,144.1042,127.623,4.3,2
38.9256,142.0099,65.723,4.2,2
53.1401,-161.5687,10.0,3.0,1
-32.9642,-178.826,33.61,5.0,3
52.0075,-175.9995,132.41,2.7,1
56.1964,-149.3558,20.673,2.7,1
39.4265,21.7743,10.0,4.5,2
52.2355,160.5271,10.0,4.3,2
54.002,-163.0939,25.92,2.5,1
36.591666666667,-121.20183333333,7.29,3.19,1
61.493,-149.891,28.0,3.0,1
-5.9875,147.4084,10.0,4.6,3
58.521,-153.884,74.1,2.6,1
19.376166666667,-66.2085,22.06,3.4,1
7.0271,127.4559,10.0,4.4,3
61.19,-151.275,64.9,3.3,1
53.622,-166.4578,76.268,3.0,1
7.5142,-37.0622,10.0,5.3,3
-3.4245,68.2539,10.0,4.5,3
19.1501,-64.538,43.0,3.6,1
-43.0243,-76.2962,10.0,4.4,3
-28.6039,-70.371,89.38,4.0,3
19.195166666667,-64.578833333333,36.57,3.31,1
19.1186,-64.582,35.0,2.8,1
2.4909,128.4556,226.675,4.6,3
-3.3365,68.3758,10.0,4.9,3
-22.7921,-65.999,264.991,4.4,3
-19.8008,-177.8295,572.2,4.3,0
41.876,-126.099,10.0,2.9,1
27.4107,54.8309,10.0,4.3,2
34.0875,-117.2155,5.21,2.58,1
19.2421,-64.557,21.0,4.33,3
-7.371,126.2895,432.992,4.3,0
43.5829,-105.148,0.0,2.7,1
34.9571,97.3443,10.0,4.3,2
4.9341,126.4562,51.353,4.4,3
60.094,-151.413,28.0,3.4,1
39.2805,143.3255,10.0,4.2,2
14.9854,-60.2591,50.845,4.4,3
51.9079,158.904,62.834,4.0,2
-9.1074,111.8512,64.643,4.9,3
59.283,-154.471,148.8,4.1,1
52.6899,-161.3922,10.0,3.0,1
52.6118,161.0468,10.0,4.6,2
52.6651,160.8154,47.196,4.1,2
54.4544,-160.035,18.121,2.6,1
59.688,-153.16,100.9,3.0,1
51.382,179.8945,47.304,3.4,2
-21.1246,-68.5008,136.078,4.7,3
42.756,145.8837,48.86,4.2,2
45.075333333333,-123.1575,15.1,3.18,1
1.7192,126.4493,48.937,4.8,3
27.1297,140.146,501.928,4.1,0
23.6902,-44.9762,10.0,4.7,3
59.967,-139.221,12.1,2.6,1
63.223,-149.565,75.9,2.7,1
53.7866,160.2054,69.829,4.4,2
53.6945,160.2765,65.528,4.4,2
13.588,40.672,3.0,5.4,3
56.279,-156.466,31.2,4.3,1
54.4732,-159.6897,18.124,3.5,1
-1.0187,-13.4111,10.0,4.9,3
13.588,40.672,3.0,5.5,3
58.113,-153.69,55.0,2.6,1
-14.2313,167.3094,10.0,4.5,3
65.9909,-37.6514,10.0,4.1,2
51.6123,160.2771,10.0,4.1,2
-49.6431,122.0555,10.0,4.4,3
51.3367,-177.0144,35.397,4.0,1
-7.2885,129.1976,134.863,4.3,3
6.1123,127.574,10.0,4.4,3
35.356666666667,-117.80816666667,7.19,2.52,1
11.2252,124.1322,10.0,4.6,2
32.776666666667,-115.8475,4.64,2.67,1
18.281,-66.223333333333,68.83,3.33,1
-58.3778,-23.6582,10.0,4.8,3
51.2457,-177.0552,35.0,2.7,1
13.7233,40.5146,10.0,4.4,3
60.43,-150.855,47.3,3.1,1
-3.6464,144.1254,10.0,4.4,3
4.5925,125.929,87.44,4.3,3
51.2642,-176.9727,35.0,3.1,1
51.3114,-177.0161,33.0,5.5,2
13.4046,95.7949,10.0,4.2,2
1.3424,128.5157,10.0,4.6,3
53.2526,161.0474,40.583,4.3,2
40.442333333333,-125.24833333333,10.0,2.89,1
-49.249,125.2247,10.0,4.7,3
-24.2092,-67.2988,204.747,4.0,3
52.2661,159.0241,84.976,4.6,2
13.3595,95.8101,10.0,5.3,3
52.8887,-168.4755,35.0,2.7,1
65.9215,-37.4413,10.0,4.3,2
-2.9076,137.0852,42.607,4.3,3
15.2591,147.6616,10.0,4.5,2
1.2954,128.5754,10.0,5.3,3
65.7888,-37.771,10.0,4.8,2
-7.2642,129.088,133.453,4.4,3
53.6539,-163.5755,35.0,2.6,1
54.1589,-162.7528,35.0,2.8,1
19.2575,145.4826,216.289,3.8,2
49.6385,158.3545,10.0,4.1,2
-15.0065,-172.984,10.0,4.7,3
-10.6594,162.4336,77.213,4.5,3
54.9804,164.8223,10.0,4.1,2
-6.0409,154.6935,156.736,4.2,3
-23.1093,-177.0071,170.159,4.8,3
39.1936,28.0382,10.0,4.1,2
54.3624,-160.5075,10.656,2.7,1
-16.1435,167.6355,91.846,4.4,3
43.6479,-105.2594,0.0,3.3,1
14.7688,-92.7012,48.571,4.3,3
-9.3742,150.067,9.184,4.8,3
51.1084,-178.0044,10.0,3.6,1
2.1725,127.7313,186.847,4.2,3
49.0189,154.9365,80.244,4.1,2
8.8416,-84.0883,10.998,5.1,3
-10.2779,161.2594,88.908,4.5,3
52.7736,159.7536,62.569,4.3,2
17.8827,120.8943,10.0,4.6,2
19.9655,-155.94883333333,9.26,2.7,1
-3.7521,146.4766,10.0,4.4,3
-7.5021,127.7856,165.364,4.6,3
34.9228,43.7193,10.0,4.3,2
-9.3665,158.8815,9.522,4.4,3
40.5636,-117.722,6.6672,2.6,1
61.197,-151.268,81.3,4.8,2
5.1687,126.6937,9.873,4.4,3
5.0401,126.6349,9.254,4.4,3
51.0568,-176.2231,13.836,2.6,1
50.7517,-173.1818,10.0,3.8,1
16.5189,-59.498,10.0,4.6,3
57.38,-154.509,53.4,2.8,1
40.334833333333,-124.819,12.65,2.64,1
-4.4179,144.4685,174.214,4.7,3
-6.8582,130.15,111.32,4.4,3
-5.0229,151.5509,142.497,4.6,3
23.7585,90.4588,10.0,4.3,2
5.7142,125.8067,95.208,4.4,3
31.6267,141.7888,10.0,4.2,2
-6.682,132.4613,10.0,4.5,3
4.8375,126.4906,58.92,4.7,3
51.5491,177.5931,35.0,3.4,2
11.0286,-85.1706,218.702,4.5,3
51.805,-179.206,238.7,2.6,1
51.8756,179.2153,119.882,3.1,2
31.705,141.8724,10.0,4.9,2
17.990833333333,-66.841666666667,16.06,2.66,1
19.4591,-64.817,57.0,3.77,1
42.1459,142.7626,69.713,4.1,2
-6.3914,154.5076,10.0,4.4,3
56.988,-157.726,2.7,2.5,1
-23.3053,179.9,595.443,4.5,0
-12.7434,169.7165,656.29,4.3,0
-59.6557,-26.3712,63.514,4.5,3
60.068,-152.783,113.1,2.5,1
-15.1257,-173.7287,126.869,4.2,3
40.461833333333,-124.50816666667,23.78,2.63,1
6.76,-72.9658,165.882,4.1,3
56.267,-155.751,54.6,3.9,1
53.1662,-166.6444,35.0,2.5,1
-17.6329,-178.9422,540.001,4.3,0
37.9341,20.6151,10.0,4.2,2
32.76,-100.653,7.0557,2.5,1
63.633918762207,-150.6711730957,4.4421639442444,3.0839928338686,1
32.76,-100.651,7.9346,2.7,1
62.332099914551,-149.62730407715,42.082649230957,2.7717450569994,1
6.5559,125.4557,213.272,4.6,3
59.995265960693,-151.1845703125,39.882266998291,2.638628484648,1
49.5636,158.3593,10.0,4.3,2
19.079333333333,-66.570166666667,18.27,3.02,1
-9.1482,123.9283,96.853,4.3,3
40.5562,143.4907,36.121,4.3,2
60.152477264404,-140.73101806641,1.4516289234161,2.5410324851923,1
49.6656,158.5579,12.0,5.6,2
52.7204,-161.3684,10.0,4.1,1
51.3892,-176.493,35.0,2.7,1
48.2428,-115.918,0.0,3.1,1
9.2728,-84.1423,45.043,4.5,3
36.494,-108.524,0.0,2.6,1
51.2312,-178.1051,45.578,4.3,1
-6.9643,125.0035,562.786,4.4,0
50.3225,156.9122,54.628,4.4,2
51.1201,157.8945,68.211,4.9,2
-21.8902,-176.2243,196.38,4.2,3
4.7615,126.568,54.349,4.4,3
-23.0244,171.6051,10.0,4.4,3
-15.0823,-178.6716,409.791,4.1,0
50.065,157.7589,19.297,4.3,2
53.3996,-167.3567,10.0,2.7,1
-30.2772,-179.524,299.918,4.2,0
15.8014,146.1953,123.377,4.5,2
35.488833333333,-118.508,3.36,2.67,1
53.6015,-166.5782,75.847,3.7,1
-24.2434,179.8473,515.967,5.6,0
39.6845,143.5003,11.0,5.5,2
1.5122,124.8959,10.0,3.8,3
-5.0265,151.3343,144.05,4.5,3
-21.2037,168.5192,10.0,4.9,3
-17.6692,-69.6126,165.68,4.3,3
50.2425,-175.6653,10.0,2.9,1
32.184,-101.403,6.5674,2.5,1
35.554,-120.78633333333,4.36,2.77,1
2.9164,127.1219,36.612,4.2,3
36.4762,70.2681,200.224,4.0,2
10.6718,57.2026,10.0,4.7,3
-44.0688,172.216,10.0,3.6,3
17.993166666667,-68.025,33.63,3.23,1
34.28383333,-97.5875,9.1,2.61,1
34.3502,23.2366,35.237,4.0,2
-2.2171,100.373,60.533,4.5,3
41.038,-123.3365,37.96,2.61,1
44.6618,149.3501,35.0,4.2,2
40.3974,-126.1636,10.0,2.9,1
23.8578,90.5404,27.0,5.4,2
44.4282,149.1587,35.0,4.4,2
18.9155,-64.2985,10.38,3.24,1
56.169,-151.73,10.0,3.1,1
-32.5658,-66.8056,162.116,4.4,3
57.828506469727,-153.72920227051,47.474475860596,2.6903352050848,1
44.1537,146.5987,102.72,4.4,2
36.2597,69.7281,158.58,4.1,2
60.301944732666,-143.40478515625,3.7968044281006,2.9745929881345,1
-30.7432,-71.5128,48.702,4.0,3
19.862166666667,-155.66683333333,30.04,3.24,1
-24.0294,-66.7098,199.374,4.6,3
48.796833333333,-119.505,16.05,3.31,1
35.353,-117.7935,7.0,2.77,1
35.559166666667,-120.79383333333,4.21,2.75,1
8.8913,-84.0748,10.148,4.4,3
52.3747,-169.5454,35.0,3.7,1
54.6696,-163.8458,111.968,2.7,1
61.479099273682,-149.65077209473,53.011947631836,2.8276836992497,1
25.6304,124.8124,125.124,5.1,2
37.5599,72.4465,191.888,4.2,2
-18.0088,-177.8749,612.944,4.3,0
55.4854,-162.2535,162.89,2.7,1
32.339,-101.075,6.9092,2.8,1
36.2397,71.2672,113.684,4.9,2
2.7886,95.5441,29.868,4.6,3
-6.8229,129.7353,165.067,4.5,3
37.3316,56.3277,10.0,4.1,2
32.338,-101.076,7.0801,3.1,1
15.6626,122.1174,39.471,4.9,2
-31.2384,-68.9387,116.914,4.7,3
23.572,120.6996,19.064,4.2,2
-8.8417,124.1877,98.987,4.4,3
-0.6074,67.3847,10.0,4.5,3
59.19083404541,-154.25358581543,144.24841308594,3.0366156910627,1
19.918833333333,-156.0985,42.02,2.92,1
61.862796783447,-149.47225952148,23.286943435669,2.5440518995316,1
63.27522277832,-151.36846923828,10.438895225525,2.7379931886152,1
-11.4195,164.603,10.0,5.0,3
37.758,-121.94466666667,10.15,3.18,1
-35.4407,-16.0702,10.0,5.3,3
7.5868,-36.6151,10.0,4.4,3
51.3912,178.8032,11.989,2.8,2
54.7265,-160.4339,10.0,3.3,1
-11.6482,-75.8815,109.205,4.5,3
51.7841,178.3658,105.897,3.3,2
-54.1547,-1.9643,9.972,4.6,3
-25.5159,-176.3853,109.129,5.4,3
-57.1783,-26.6615,128.522,4.9,3
-9.7528,150.665,10.0,4.3,3
58.969440460205,-152.22256469727,61.895431518555,2.842287777162,1
-6.0679,150.9753,67.334,4.2,3
51.6325,159.969,25.971,4.5,2
35.2159,46.7802,10.0,4.0,2
52.1651,160.6967,10.0,4.3,2
51.7974,160.0327,10.0,4.5,2
52.1894,160.2939,30.891,4.5,2
37.1887,36.7952,10.0,4.3,2
39.7797,143.3081,37.034,4.2,2
55.1096,165.6247,10.0,4.2,2
13.207,-87.7745,196.976,4.6,3
54.5045,-160.3687,6.194,3.0,1
-3.7152,128.4005,130.856,5.8,3
14.0683,145.0286,125.511,4.6,2
51.123,-179.7382,13.702,2.6,1
51.768,-175.5635,26.674,2.9,1
60.421546936035,-142.96755981445,7.2064371109009,2.5675938683573,1
16.3329,-59.675,10.0,4.4,3
1.5341,127.1321,132.062,5.1,3
50.7794,156.963,87.079,4.3,2
8.9149,-82.9581,10.0,4.4,3
48.8934,154.9143,77.835,4.2,2
13.8189,-91.7786,39.778,4.7,3
54.4381,-162.8182,56.415,2.7,1
16.3022,-59.6409,10.0,4.5,3
0.6359,120.6222,20.408,4.4,3
7.6113,-73.956,102.374,4.3,3
54.3063,-160.182,35.0,2.5,1
59.160087585449,-153.84796142578,113.06771850586,2.5836704829129,1
21.8926,121.3252,10.0,4.4,2
-31.52,-178.7869,101.526,5.1,3
52.8319,174.4631,111.26,3.8,2
0.6186,120.5447,26.093,4.8,3
19.653,-67.7896,12.0,3.78,1
51.2384,178.5262,32.074,3.1,2
43.7076,-105.3659,0.0,2.9,1
-15.7213,167.8704,197.755,4.7,3
56.5352,-149.0481,10.0,3.1,1
44.2416,-115.1759,14.675,2.5,1
51.8149,-169.4577,10.0,4.2,1
-21.2803,-68.7253,118.559,4.0,3
-57.9221,-25.3104,46.851,5.0,3
-29.6361,-71.5313,46.215,4.1,3
13.7451,-90.3911,94.68,4.3,3
54.4593,-161.638,35.0,2.5,1
51.1862,-177.9501,35.0,3.1,1
-56.4211,-26.6734,89.205,4.4,3
52.3897,-169.6139,35.0,3.0,1
31.661,-104.414,5.741,3.4,1
1.9862,126.7697,35.0,4.8,3
63.834819793701,-149.3427734375,119.46253204346,2.6596622110627,1
63.860416412354,-148.52586364746,97.167343139648,2.5043308555223,1
-20.7601,-71.9799,10.0,4.5,3
43.7287,89.0912,10.0,4.5,2
15.6726,122.2526,21.521,4.6,2
51.636,-176.8162,69.304,3.0,1
34.9789,26.0836,10.0,4.1,2
25.9378,128.4631,10.0,4.5,2
-10.3009,161.2431,53.02,4.1,3
51.4787,-177.5609,35.0,2.9,1
60.687488555908,-147.38975524902,12.466472625732,2.9079859760834,1
-22.8019,171.5211,10.0,4.9,3
57.115539550781,-155.75886535645,13.45041179657,3.3311053562904,1
53.9359,-163.858,22.847,2.7,1
63.387817382812,-145.41571044922,5.0065746307373,3.8043822570522,1
32.2655,-115.3235,9.53,2.86,1
4.118,126.796,30.662,4.4,3
18.834833333333,-64.4515,45.43,3.04,1
-30.2358,-178.0292,90.423,4.8,3
51.8363,160.0254,27.55,4.9,2
35.0122,25.9864,10.0,4.4,2
-22.8674,171.6726,10.0,4.4,3
-9.6292,151.2083,10.0,4.6,3
60.286304473877,-152.09638977051,88.325881958008,2.5642288549787,1
48.81,-119.52283333333,15.91,2.85,1
24.0837,121.8314,14.989,4.5,2
24.0622,121.8513,13.298,4.6,2
32.279166666667,-115.35033333333,9.97,3.73,1
60.351837158203,-153.0295715332,126.83381652832,2.6128937917029,1
-23.988,-177.3339,212.569,4.8,3
37.9542,20.9645,66.039,4.2,2
54.3542,-159.7493,30.806,2.8,1
35.557333333333,-120.79116666667,4.93,3.19,1
-36.9648,179.0732,10.0,4.4,3
-18.278,-173.8274,169.964,4.5,3
16.3594,-97.9939,32.37,4.6,3
51.1809,159.7617,10.0,4.4,2
40.406166666667,-125.86016666667,10.0,2.95,1
-37.9342,-75.3162,10.0,5.0,3
-20.8221,-178.7479,588.62,4.4,0
-54.1579,-136.4096,10.0,4.8,3
38.9029,-98.5177,5.0,2.7,1
54.3754,-159.6672,34.853,3.0,1
37.1785,72.0365,92.388,4.2,2
-36.8097,-74.0136,21.718,4.1,3
58.135486602783,-136.83192443848,13.274391174316,3.0376910810085,1
51.4593,-175.9152,35.0,3.2,1
50.9799,159.4363,10.0,4.3,2
54.3621,-159.9376,35.0,2.8,1
55.351421356201,-157.14323425293,19.302719116211,2.7625552741124,1
39.216,143.4481,10.0,5.0,2
4.1883,126.6831,46.327,4.2,3
-52.603,140.0909,10.0,4.4,3
37.286166666667,-121.65566666667,6.76,2.95,1
10.8677,-62.8177,164.958,4.1,3
10.9296,-62.7828,122.292,5.0,3
55.322784423828,-159.21984863281,6.8237676620483,3.1081275675257,1
62.256412506104,-151.02351379395,80.791000366211,3.5836070365976,1
51.5787,-175.2881,35.0,3.1,1
3.9968,125.8645,86.404,4.1,3
8.8279,-84.0117,10.0,5.5,3
68.612014770508,-147.49163818359,5.50523853302,3.08527785369,1
59.892002105713,-152.8204498291,89.053108215332,3.0411544739187,1
-40.3837,-91.5178,10.0,4.7,3
-17.9896,-179.863,573.704,4.1,0
-24.6314,-70.1341,56.42,4.1,3
51.4687,159.8714,10.0,4.3,2
54.5468,-160.3121,11.214,2.5,1
66.063858032227,-142.26943969727,4.7227125167847,2.7544669709622,1
35.552833333333,-120.78783333333,4.92,4.11,1
28.1665,50.0367,10.0,4.4,2
-11.981,65.7464,10.0,5.3,3
9.6343,126.5531,12.436,4.5,3
0.2821,130.1837,20.713,4.3,3
-23.2201,-179.8897,570.435,4.6,0
54.4404,-160.1424,35.0,2.9,1
-60.1288,-62.4106,10.0,4.9,3
-13.0928,168.5147,592.201,4.0,0
-6.3636,150.4086,10.0,4.3,3
51.595,177.7853,48.37,3.5,2
40.7299,13.6049,404.05,4.1,0
-6.0612,129.794,211.964,4.4,3
53.428,-163.7323,35.0,2.9,1
43.4229,-126.7888,10.0,3.9,1
40.4842,-126.3343,10.0,3.2,1
34.0726,24.5371,20.968,4.3,2
-47.8647,116.0413,10.0,4.4,3
54.3324,-160.1568,10.0,2.6,1
40.8514,142.7404,44.206,4.9,2
37.757333333333,-121.94533333333,9.0,2.58,1
54.4062,-160.2659,10.0,2.6,1
-24.0656,-66.9981,183.36,4.9,3
54.4865,-160.0236,32.353,4.5,1
37.7555,-121.95166666667,9.34,3.29,1
3.5889,128.4732,10.0,4.3,3
51.3446,-176.154,35.0,2.5,1
54.8906,-159.8706,35.0,2.9,1
-20.8634,-178.7406,598.757,4.3,0
52.5312,-167.6474,8.418,2.6,1
51.2422,-178.6674,7.792,2.9,1
51.5988,-177.9215,60.59,3.1,1
6.8018,127.1295,31.637,4.3,3
32.4703,84.6414,10.0,4.2,2
17.569333333333,-64.838333333333,120.68,3.44,1
39.1673,142.4458,42.848,4.5,2
62.261318206787,-149.64593505859,50.118762969971,2.6662450268386,1
-30.2266,-177.7746,75.21,4.8,3
54.3139,-160.1475,10.0,3.3,1
-12.4679,167.1554,241.604,4.6,3
31.656,-104.38,6.0999,3.0,1
-24.0849,-67.0551,230.52,4.3,3
-0.8068,-91.5237,10.0,4.4,3
39.183,20.5303,27.76,4.0,2
29.4797,51.3579,10.0,4.1,2
41.9591,142.4791,61.265,4.2,2
41.577333333333,-109.89516666667,-2.39,3.67,1
-1.321,-77.8568,177.305,4.2,3
43.4117,-126.7367,10.0,3.2,1
8.9324,39.9242,10.0,4.5,3
39.6768,143.2987,27.307,4.0,2
39.009,24.2442,10.0,4.5,2
31.651,-104.379,6.0999,2.9,1
31.656,-104.382,5.946,3.4,1
17.9485,-67.4595,10.97,2.76,1
43.536,-105.393,0.0,3.1,1
39.7639,143.2167,17.622,5.2,2
9.0054,-83.9276,25.007,4.7,3
38.0915,-115.9429,6.8629,3.16,1
12.0939,-86.5275,124.311,5.2,3
31.645,-104.404,6.7627,2.7,1
31.683,-104.419,5.6384,2.5,1
0.0862,124.0622,110.485,5.3,3
7.4751,127.2201,10.0,4.3,3
32.3358333,-115.2321667,27.06,3.37,1
52.0083,159.9324,35.0,4.9,2
13.5109,120.8686,186.285,4.6,3
51.3638,159.2868,31.654,4.5,2
-61.132,159.5878,10.0,5.1,3
38.9802,20.5865,48.657,4.2,2
-25.2621,179.197,582.436,4.1,0
18.773166666667,-64.133166666667,45.85,3.43,1
63.7172,-149.1845,7.1,3.5,1
36.682333333333,-121.35366666667,1.06,2.64,1
19.162333333333,-155.47633333333,31.65,2.61,1
-0.3643,-91.5245,10.0,4.7,3
63.7118,-149.1691,0.0,2.9,1
12.977,-88.8024,66.155,4.2,3
31.657333333333,-114.68716666667,9.79,2.82,1
50.8843,-172.3169,10.0,3.7,1
38.804666666667,-122.78933333333,3.3,2.89,1
7.1963,127.0669,42.593,4.3,3
17.4855,-67.531833333333,24.93,2.98,1
53.2364,159.5708,88.527,4.1,2
21.8677,93.6071,61.177,4.1,2
-11.0486,-106.3259,10.0,5.0,3
33.4561667,-116.4508333,3.42,2.98,1
18.022666666667,-66.933,7.85,2.78,1
43.7487,-105.3688,0.0,2.7,1
19.5027,-109.0053,10.0,5.2,3
-22.5156,-175.1089,10.0,5.0,3
51.3607,159.5291,35.0,4.6,2
51.7553,178.5691,96.582,4.3,2
43.8063,-105.2855,0.0,3.1,1
-5.7622,146.629,90.482,4.6,3
31.602333333333,-114.72833333333,9.79,3.09,1
52.2848,152.8366,453.612,4.4,0
19.8324,-71.0005,18.13,4.2,3
35.7267,76.9374,10.0,4.5,2
49.1306,157.8965,10.0,5.1,2
51.3837,-178.1806,37.455,3.0,1
-7.3874,154.4351,10.0,4.9,3
54.5807,-160.0813,35.0,4.0,1
50.5233,156.8009,69.014,4.4,2
-18.1334,-178.3603,519.086,4.4,0
18.555833333333,-67.190166666667,28.12,2.63,1
73.2412,6.5707,10.0,4.4,2
32.341,-101.073,8.0322,2.5,1
39.6749,143.5114,10.0,4.5,2
54.1281,-159.7374,10.0,3.6,1
8.9516,-83.1982,62.114,4.5,3
-14.6926,166.886,67.082,4.9,3
16.4755,-59.5154,10.0,4.2,3
-6.7891,145.1184,10.0,4.3,3
12.8318,143.1697,153.802,4.8,3
2.6561,128.3261,196.285,4.1,3
33.4573333,-116.4531667,2.87,2.52,1
-5.7781,153.7053,17.876,4.3,3
-16.544,-71.6485,91.267,4.3,3
35.31,140.2222,68.858,4.2,2
31.5965,-114.68933333333,9.79,2.69,1
6.4774,126.1084,84.568,4.5,3
18.929666666667,-64.907166666667,25.61,3.14,1
-47.9051,116.1308,10.0,4.5,3
-10.7082,113.9842,10.0,4.5,3
31.651,-104.392,6.0999,2.9,1
79.448,4.4962,10.0,4.2,2
-9.402,110.3623,35.0,4.1,3
31.687,-104.424,5.177,2.5,1
53.1025,159.9097,65.865,4.8,2
39.792,83.0569,10.0,4.2,2
-28.8158,-178.8556,309.828,4.4,0
-18.235,-178.0515,585.429,4.2,0
-14.4657,-73.0216,99.819,4.1,3
18.364333333333,-67.286833333333,17.61,2.92,1
39.4839,143.3279,10.0,4.2,2
-55.3691,-27.4837,22.069,4.9,3
62.8179,-152.4215,4.3,3.0,1
31.656,-104.392,5.946,3.1,1
-11.4509,166.1904,79.012,4.2,3
40.2191,142.6795,38.343,4.3,2
-10.7671,164.4381,10.0,4.4,3
1.8573,122.4646,16.403,4.1,3
32.125,-101.92,6.3232,2.6,1
36.93666667,-100.3173333,2.69,2.67,1
60.2673,-152.1862,93.6,3.2,1
82.1015,-5.4329,10.0,4.5,2
36.1892,136.9978,260.284,4.3,2
39.7127,143.2251,29.58,4.7,2
-24.1632,-67.5235,204.399,4.1,3
-15.9963,-175.9526,10.0,4.5,3
40.418666666667,-125.24533333333,10.0,3.28,1
-30.6456,-71.7212,21.03,4.6,3
-21.1033,-176.7044,253.53,4.8,3
16.3807,-59.5794,10.0,4.9,3
60.1346,-148.2299,19.5,2.8,1
-14.9848,167.6284,121.432,4.2,3
40.4115,-125.2755,10.0,2.87,1
45.5011,150.8203,58.787,4.5,2
52.5725,172.3886,35.549,3.9,2
13.8516,56.5241,10.0,4.3,3
18.558166666667,-66.451666666667,45.12,2.53,1
-9.2994,123.793,102.266,4.5,3
31.657,-104.393,5.9973,3.0,1
13.6213,57.3897,10.0,4.4,3
43.5781,-127.1902,10.0,3.2,1
31.654,-104.392,6.0999,3.1,1
52.5695,-169.4547,10.0,2.5,1
51.5905,-80.3757,10.838,4.1,1
48.814666666667,-119.52416666667,15.35,2.77,1
-20.3233,-178.0497,525.651,4.5,0
-18.3753,-69.6443,119.906,4.2,3
39.2087,28.2723,10.0,4.5,2
52.7023,-169.3333,10.0,3.3,1
39.1655,28.2881,10.0,4.1,2
51.4214,159.4785,35.0,4.2,2
-15.5218,-175.7339,10.0,4.9,3
19.3446,-68.7606,8.0,3.75,1
11.2983,123.9672,10.0,4.9,3
53.156,161.1788,29.544,4.0,2
-52.1179,28.2693,10.0,4.2,3
-23.6271,-66.6297,214.992,4.5,3
31.718,-101.686,8.7646,2.5,1
-28.8239,-71.5282,31.144,5.0,3
18.003333333333,-66.900833333333,10.59,2.56,1
4.0236,126.6366,35.0,5.3,3
19.0868,-65.2878,101.0,3.69,1
18.3533,-67.9145,177.0,3.72,3
36.8634,70.9321,163.091,4.2,2
28.679,-98.935,6.6072,3.5,1
40.6243,-127.2107,10.0,3.2,1
38.6846,-115.9067,1.3356,2.55,1
52.2528,179.0369,200.49,4.3,2
-6.5132,132.4127,10.0,4.5,3
39.2303,28.1113,10.0,4.2,2
24.8526,122.1787,10.0,4.7,2
24.3662,122.205,55.14,4.2,2
18.516666666667,-66.525333333333,92.46,2.94,1
-10.8967,116.7495,10.0,4.2,3
43.5588,-105.379,0.0,3.2,1
11.5957,-87.3782,44.982,4.4,3
27.7431,51.6108,10.0,4.1,2
-14.2592,167.6566,10.029,4.2,3
50.7456,157.8728,62.716,4.2,2
-15.3422,-175.6983,5.177,5.7,3
50.4975,158.0582,24.453,4.8,2
50.6,158.0909,35.252,4.8,2
-5.9483,147.8223,109.755,4.1,3
37.3113,142.1027,31.662,4.6,2
73.2777,6.7656,10.0,4.3,2
73.3425,6.6241,10.0,4.3,2
52.6499,-34.8396,10.0,4.9,2
61.883,-148.7462,29.3,2.8,1
36.9925,141.9665,53.372,4.2,2
-11.3827,-74.1875,101.453,4.3,3
-14.7934,167.8871,10.0,4.8,3
50.5132,157.9178,35.0,4.1,2
50.386,158.3195,10.0,5.1,2
57.9672,-142.5979,10.0,2.6,1
54.1583,-161.3362,35.0,3.3,1
34.5337,26.0526,45.634,4.8,2
65.566,-153.4529,0.0,2.5,1
6.7329,-73.0275,175.46,4.1,3
36.3656,77.0742,10.0,4.3,2
23.9664,94.4815,53.099,4.3,2
51.1541,157.003,93.211,4.5,2
37.457,-118.9445,13.52,2.6,1
43.7834,138.3116,253.814,4.0,2
-5.615,154.3311,181.195,4.0,3
-4.8558,153.3277,52.137,4.3,3
5.3311,124.7375,15.643,4.3,3
16.44,-59.6951,10.0,4.5,3
47.2336,152.3526,120.88,4.0,2
12.0587,125.4691,34.385,4.3,2
12.2665,125.4801,43.118,4.4,2
58.9462,-147.3291,34.5,2.6,1
18.3696,145.55,196.182,4.0,2
-28.0386,-66.7387,157.596,4.5,3
-18.8186,-174.6836,102.878,4.6,3
-5.5097,147.1309,207.269,4.3,3
46.0539,152.9109,10.0,4.2,2
18.153666666667,-67.246833333333,99.09,3.19,1
-56.407,-27.6957,10.0,4.4,3
6.9817,-34.0141,10.0,5.0,3
53.4061,6.6807,5.0,3.8,2
52.0935,160.3531,26.123,4.2,2
62.928844451904,-151.33723449707,106.29280853271,2.5785684001492,1
17.5185,-94.9116,135.395,4.3,3
39.672,141.4176,96.177,4.2,2
51.8995,178.0364,116.414,4.4,2
52.4098,160.5068,29.032,4.3,2
40.2428,24.0215,10.0,4.3,2
-17.5516,-178.8583,525.942,4.4,0
63.208400726318,-150.22218322754,96.286140441895,3.0517656474461,1
-29.9583,-177.1874,10.0,4.5,3
35.5524,140.0125,97.369,4.3,2
40.3877,142.1298,59.993,4.1,2
60.370258331299,-143.36018371582,14.601570129395,2.6126489050495,1
38.081666666667,-122.24733333333,8.95,3.48,1
4.6571,95.3103,63.633,4.5,3
39.3076,143.5312,10.0,5.2,2
52.587,160.5846,32.647,4.3,2
31.656,-104.441,6.0999,2.7,1
12.3665,145.3511,10.0,4.4,2
-16.914,-174.5186,186.623,4.4,3
56.8009,-148.6641,10.0,2.7,1
54.4999,-159.8731,27.44,2.8,1
51.167,-179.1925,35.0,2.8,1
62.152935028076,-152.06547546387,100.77599334717,2.5252222217398,1
54.9651,-153.8472,10.0,2.5,1
-28.2016,-69.3968,89.792,4.2,3
56.364429473877,-156.63172912598,10.507845878601,2.5680820479589,1
67.837753295898,-146.03471374512,6.8165497779846,2.5451359145093,1
13.0056,143.3197,212.328,4.3,3
19.0323,145.9364,145.324,4.3,2
33.8878333,-116.228,8.19,2.62,1
59.369129180908,-153.08967590332,72.277076721191,2.8495155622868,1
51.9103,-167.7474,10.0,2.5,1
54.5594,-160.4443,10.0,2.9,1
53.91,-164.215,10.0,2.5,1
17.5423,-83.2493,10.0,4.2,3
7.7288,127.1648,35.0,4.5,3
51.4627,-175.0678,10.0,2.6,1
-5.1822,151.4686,133.166,4.0,3
16.7087,120.3902,71.961,4.6,2
53.2232,-159.9723,10.0,3.2,1
53.7897,159.3919,106.921,4.7,2
-56.8484,-142.1304,10.0,5.7,3
33.7835,-116.9321667,14.29,2.54,1
34.7095,32.5226,10.0,4.6,2
51.291,-178.4942,35.0,3.7,1
-16.1216,-73.2617,101.436,4.8,3
8.3505,-82.7848,13.425,4.5,3
-23.4295,-66.5844,204.311,4.4,3
58.580024719238,-153.32299804688,55.621231079102,2.6487063652703,1
-15.8408,178.5631,10.0,4.5,3
62.21508026123,-150.79948425293,55.878955841064,3.1137493657503,1
-19.3666,-69.2951,10.0,4.1,3
39.5125,143.5374,10.0,4.3,2
52.2258,-173.2184,91.239,3.1,1
6.8181,-73.0894,160.462,4.1,3
39.6007,143.2615,31.63,4.5,2
60.366,-58.5403,10.0,4.5,2
60.186,-58.3006,10.0,4.8,2
54.2573,-166.7354,126.894,2.6,1
64.508628845215,-146.89758300781,4.1373229026794,3.1393319062159,1
51.2414,-177.0545,35.0,3.6,1
53.909,-161.9836,30.148,2.5,1
-19.3446,-69.0311,10.0,4.3,3
34.9162,32.494,10.0,4.0,2
54.9428,-162.2233,103.877,2.6,1
-18.3895,-178.1832,623.109,4.4,0
4.0476,127.8816,122.899,5.1,3
54.0102,-165.116,68.738,2.6,1
25.1234,124.4404,97.933,4.7,2
39.2423,28.124,10.0,4.4,2
39.2114,28.1052,10.0,4.3,2
39.2616,28.0459,13.41,4.6,2
51.7821,-176.6111,67.437,3.0,1
52.5768,158.8983,91.289,4.2,2
-58.9814,-25.7406,87.293,4.4,3
-1.0583,-13.7121,10.0,4.7,3
43.0011,145.3606,55.608,4.1,2
24.7847,121.6803,55.785,4.1,2
36.0823,141.7035,27.952,4.7,2
41.045333333333,-125.131,10.0,3.28,1
60.04870223999,-153.19432067871,127.73048400879,2.5221953183929,1
59.761005401611,-151.01306152344,3.4826939105988,2.6370534993057,1
51.7676,176.8021,35.0,3.3,2
-20.1587,-177.7123,520.994,4.3,0
13.2924,50.0635,10.0,4.2,3
13.1322,50.1725,10.0,4.4,3
13.238,50.0275,10.0,4.6,3
-2.3082,138.9779,45.4,4.4,3
51.2399,159.3285,35.0,4.2,2
33.6795,-116.0173333,10.83,2.52,1
19.358833333333,-66.015833333333,32.41,3.35,1
67.0657,-155.0678,0.0,2.9,1
39.4911,143.3098,10.0,4.6,2
62.8834,-149.9898,75.8,2.9,1
39.4055,143.8234,10.0,4.3,2
13.1958,49.8329,10.0,4.3,3
20.2107,104.4204,10.0,4.4,2
-27.9812,-177.8106,10.0,4.4,3
13.0523,50.1399,10.0,4.4,3
-45.0047,-77.8715,10.0,4.1,3
34.7431,32.4664,10.0,4.2,2
34.9414,32.4528,10.0,4.3,2
55.5919,-157.3916,29.4,4.4,1
34.7852,32.4193,10.0,4.3,2
35.0254,32.4592,10.0,4.6,2
34.9226,32.5546,10.0,5.3,2
-19.3168,-69.1207,6.982,4.8,3
-19.2736,-69.0855,2.139,4.3,3
-56.6444,-24.0158,10.0,4.8,3
20.9127,121.0522,26.785,5.1,2
-6.3469,148.469,65.598,4.8,3
34.8374,32.4318,10.0,4.4,2
42.4425,-112.43766666667,9.93,2.9,1
34.7251,32.5184,10.0,4.7,2
34.711,32.3738,10.0,4.2,2
34.8976,32.5325,19.682,5.2,2
36.4287,70.5978,203.322,4.1,2
7.2614,126.6133,83.566,4.2,3
43.9746,-128.2335,10.0,4.3,1
-18.2317,-177.9999,577.536,4.2,0
51.3118,159.4683,28.881,4.3,2
-57.7953,-25.8527,103.959,4.4,3
73.1876,6.4773,10.0,5.7,2
18.943666666667,-66.5565,64.44,2.98,1
73.2029,6.4369,10.0,4.1,2
61.0743,-150.7153,4.3,3.7,1
-16.5353,-173.8476,112.204,4.4,3
-41.0183,-91.0404,10.0,4.6,3
-41.214,-91.1994,10.0,4.4,3
-41.246,-91.0587,10.0,4.4,3
-41.1294,-91.2628,10.0,4.8,3
-55.2986,-27.0243,10.0,5.0,3
39.7335,143.5611,10.0,4.9,2
-5.9241,145.6205,106.473,5.1,3
52.0447,160.1242,34.473,4.6,2
39.8001,143.2245,35.0,5.3,2
54.551,-160.1022,35.174,3.5,1
39.3225,143.975,10.0,4.1,2
35.7441667,-117.5598333,7.29,2.5,1
36.27,77.8646,10.0,4.4,2
34.3515,22.1086,35.0,4.3,2
-20.68,-178.7574,607.093,4.2,0
51.2473,-174.7863,10.0,3.8,1
-4.5677,102.7394,62.773,4.2,3
36.441,140.47,68.482,4.2,2
-5.339,133.9041,10.0,5.1,3
43.7335,-105.3825,0.0,3.2,1
41.7665,-108.7302,0.0,3.1,1
-41.2422,-85.6212,10.0,4.5,3
41.1545,71.5545,10.0,4.6,2
43.3843,-127.6203,10.0,3.1,1
51.5644,-177.8847,86.673,3.6,1
-21.3328,-179.0199,519.975,4.3,0
11.937,140.5547,44.764,4.6,2
-25.0461,179.8571,510.671,4.6,0
-24.8468,-63.4487,574.308,4.3,0
31.669,-104.433,5.3821,2.5,1
7.3417,126.9152,40.139,4.5,3
51.5272,177.4469,50.409,4.1,2
-18.3122,-177.8989,582.713,4.2,0
39.6,143.1874,36.537,4.5,2
-13.7132,167.0066,58.966,4.7,3
-19.3783,-69.1574,10.0,4.7,3
-19.3638,-69.1928,10.0,4.5,3
18.3211,145.373,503.917,3.8,0
17.9565,-68.178166666667,68.37,3.3,1
51.2149,157.4583,18.481,4.5,2
-16.3723,-71.208,134.686,4.8,3
16.2529,-59.6978,20.822,4.1,3
17.840333333333,-66.065666666667,10.86,3.06,1
41.2064,-116.6752,10.3438,2.5,1
61.7498,-146.6706,13.5,2.5,1
15.6519,-97.5171,10.0,4.3,3
27.0516,-44.3397,10.0,4.5,2
53.3174,-160.1316,10.0,3.6,1
12.0158,143.2005,30.97,4.9,2
57.2178,-156.4944,14.2,2.5,1
13.7371,-58.4556,10.0,4.9,3
41.858166666667,-112.401,9.4,2.67,1
35.4832,22.9847,42.0,4.9,2
39.215,28.0165,12.851,4.1,2
14.6384,145.9817,127.319,4.5,2
-7.2644,129.4537,151.81,4.2,3
13.7375,145.1242,130.189,4.2,2
-8.6238,127.3137,35.0,4.4,3
-7.53,127.5634,183.306,4.2,3
34.4206,21.9705,35.0,4.2,2
33.0178333,-115.7965,7.3,2.94,1
-10.1177,123.3333,75.872,4.0,3
38.8647,-98.4636,9.541,2.8,1
58.8203,-153.2027,60.6,3.0,1
29.0846,86.7036,10.0,4.5,2
39.5714,143.2128,10.0,4.4,2
16.3751,-59.6718,10.0,4.4,3
39.2313,28.1134,10.0,4.4,2
39.34,143.6528,10.0,4.5,2
8.0905,91.8312,10.0,4.5,3
-15.612,-74.1901,64.55,4.3,3
40.363833333333,-125.00833333333,10.0,2.97,1
-6.3713,130.135,153.574,4.9,3
10.5892,-42.6348,10.0,4.3,3
51.2873,174.8322,10.0,4.5,2
-38.8867,175.1505,234.813,4.6,3
18.3051,146.3914,83.562,4.2,2
26.6277,130.1808,10.0,4.7,2
-20.6644,-173.6545,10.0,4.3,3
39.208,28.0825,10.0,4.8,2
37.756,-121.94516666667,8.21,2.57,1
10.5647,-42.6107,10.0,4.9,3
-56.135,-68.3922,10.0,4.0,3
18.031,-66.819833333333,15.13,2.64,1
-9.3174,124.0143,92.228,4.0,3
73.2858,6.8643,10.0,4.1,2
39.4944,143.4536,30.402,4.1,2
62.4833,-148.2506,35.2,2.6,1
73.2204,6.5925,10.0,4.5,2
-47.7893,116.1423,10.0,4.2,3
39.6107,143.4862,32.536,4.0,2
28.8809,49.8132,10.0,4.1,2
58.7803,-147.2529,0.0,2.8,1
-23.4587,-70.4225,52.408,5.4,3
39.5843,143.2329,13.724,5.1,2
-22.0728,-179.3907,593.306,4.3,0
-6.9807,131.352,10.0,4.3,3
-6.4619,147.5559,35.0,4.5,3
-37.595,-69.999,212.402,4.9,3
39.6435,143.5176,10.0,4.6,2
40.2955,-124.94683333333,10.0,2.53,1
39.5791,143.5643,10.0,4.6,2
39.4634,143.3549,10.0,4.5,2
39.5444,143.5849,31.799,4.7,2
62.1712,-149.6946,39.9,3.8,1
39.5665,143.4526,11.0,6.0,2
39.5838,143.5899,10.0,5.1,2
39.1408,28.2547,10.0,4.5,2
39.2965,143.4035,17.733,4.8,2
-15.1691,167.2741,115.887,4.2,3
23.1183,120.6686,10.0,5.1,2
8.9418,-40.5029,10.0,4.6,3
60.2263,-153.9439,203.4,3.0,1
39.2059,143.0813,10.0,5.4,2
39.2195,28.0363,10.0,4.7,2
39.2466,28.1006,10.0,4.3,2
31.658,-104.427,5.7922,2.6,1
51.9886,-171.3769,41.754,3.5,1
52.3482,-169.5832,43.123,3.9,1
60.0729,-152.7038,105.2,3.7,1
39.7352,143.4931,10.0,4.6,2
31.656,-104.45,6.4587,2.8,1
31.645,-104.457,6.7664,2.5,1
39.2464,143.5133,9.114,5.3,2
39.5267,143.2022,10.0,4.7,2
44.802833333333,-110.84333333333,7.63,3.21,1
8.0041,126.9915,35.0,4.4,3
-25.0496,-68.7605,93.553,4.4,3
1.4151,127.641,173.99,4.5,3
-21.3487,-68.6539,128.742,4.3,3
52.867,160.9443,10.0,4.4,2
13.7161,144.8924,106.009,5.3,3
39.5055,143.6563,10.0,4.4,2
39.6661,143.2604,10.0,4.9,2
41.0148,51.8809,53.722,4.2,2
39.2481,28.1086,8.206,4.4,2
39.3574,143.6209,15.387,5.1,2
39.775,143.3234,10.0,4.4,2
37.757333333333,-121.95783333333,9.18,2.91,1
37.762166666667,-121.95416666667,8.15,2.89,1
37.760333333333,-121.95033333333,9.05,2.98,1
39.5558,143.2703,10.189,4.4,2
37.753666666667,-121.952,5.71,2.95,1
37.755666666667,-121.94283333333,8.5,2.92,1
37.761,-121.945,8.48,3.01,1
37.7575,-121.9525,9.24,3.83,1
51.7672,159.3162,69.789,4.3,2
69.7824,-145.3738,19.7,2.5,1
39.4367,143.4847,10.0,4.3,2
39.3832,143.588,10.0,4.5,2
-18.5146,169.0319,229.411,4.3,3
-24.2567,-66.9839,161.926,4.8,3
39.5763,143.4719,10.0,4.5,2
39.5017,143.3113,10.0,5.0,2
39.5608,143.2213,10.0,4.8,2
48.7866,154.5091,80.415,4.4,2
39.4537,143.482,10.0,4.4,2
-21.1203,-69.2998,86.333,4.1,3
39.6429,143.5386,10.0,4.3,2
-55.4099,-128.4853,10.0,5.6,3
19.217666666667,-66.1935,25.2,2.78,1
39.8236,143.2817,40.083,4.8,2
-18.6281,-177.721,624.188,4.4,0
57.7736,-154.9047,61.0,3.3,1
52.3554,-171.4945,50.41,4.3,1
-21.8007,179.5498,604.428,4.2,0
48.2809,154.4416,81.201,4.1,2
39.4977,143.3376,10.0,4.5,2
-8.5607,-79.5675,41.559,4.8,3
40.4355,-124.71383333333,22.54,2.81,1
-17.3113,-179.4572,566.458,4.1,0
39.3193,143.2721,10.0,4.5,2
39.4343,143.4837,10.0,4.5,2
52.1755,-171.4797,52.053,3.9,1
39.578,143.3881,10.0,4.3,2
51.1478,159.3957,10.0,4.5,2
51.5504,159.5788,27.718,5.3,2
39.3041,143.5875,10.0,5.2,2
39.7066,143.0284,31.236,4.1,2
39.5683,143.4346,10.0,4.2,2
39.5326,143.497,10.0,4.3,2
39.5935,143.3965,10.0,4.6,2
39.4037,143.6854,10.0,4.0,2
39.4338,143.4883,10.0,4.4,2
39.4285,143.3346,10.0,4.2,2
39.4321,143.5073,10.0,4.3,2
39.3819,143.4882,10.0,5.1,2
52.0258,-171.3369,35.0,3.6,1
52.1643,-171.3565,53.824,4.7,1
39.4081,143.4448,10.0,4.6,2
39.612,143.4497,10.0,5.7,2
39.395,143.1701,10.0,4.6,2
39.4297,143.4333,10.0,4.6,2
-2.7944,137.0708,47.324,4.6,3
39.3415,143.3524,10.0,5.0,2
39.6555,143.4472,10.0,4.5,2
39.4919,143.385,10.0,5.4,2
39.4971,143.3097,10.0,6.4,2
39.3052,143.4619,10.0,5.2,2
39.6252,143.3878,10.0,4.2,2
39.4599,143.3924,10.0,5.6,2
39.5622,143.5313,10.0,4.3,2
51.6758,159.1818,42.864,4.6,2
51.3979,159.6205,35.0,4.7,2
61.3901,-147.5152,12.4,2.6,1
39.3485,143.4026,10.0,5.9,2
39.5772,143.2297,10.0,5.5,2
39.6231,143.2121,10.0,4.7,2
39.6279,143.3411,20.53,5.3,2
39.485,143.3782,18.0,6.8,2
51.5883,-175.28,40.995,4.0,1
39.5869,143.2433,37.562,4.4,2
32.414,-102.16,8.8135,2.5,1
34.4241667,-120.0681667,6.27,2.5,1
31.938,-102.001,8.5205,2.8,1
16.9906,-94.3742,118.476,4.5,3
19.718,-65.938666666667,34.83,3.37,1
36.210333333333,-89.437333333333,6.96,2.73,1
12.4989,93.7511,132.652,5.4,3
-4.9105,151.8547,112.283,4.3,3
17.6627,60.213,10.0,4.3,2
-8.9619,-108.8322,10.0,4.9,3
-16.5507,-14.2669,10.0,4.5,3
14.8175,147.1967,10.0,4.3,2
42.0344,142.3408,70.553,4.5,2
39.536,143.4816,34.924,4.3,2
67.6303,-162.9043,10.0,2.8,1
56.3694,-156.6542,13.3,2.5,1
7.4719,94.371,10.0,4.4,3
-20.5334,-178.3095,540.152,4.4,0
39.3807,143.4427,10.0,4.7,2
13.0116,-88.6876,71.643,4.9,3
43.333,-127.001,10.0,3.2,1
32.034,-116.1933333,10.06,2.51,1
16.4847,-59.6373,10.0,4.6,3
51.6277,159.1623,47.227,4.6,2
39.448,143.3326,13.902,5.1,2
19.285333333333,-67.658333333333,31.46,3.28,1
39.5694,143.4222,10.0,4.2,2
47.3687,152.5664,117.466,4.2,2
39.3658,143.4878,39.126,4.3,2
39.2718,143.6802,10.0,4.2,2
39.5413,143.4151,44.709,4.1,2
61.3701,-140.5837,8.093,2.7,1
39.2627,143.8722,35.0,4.9,2
39.4961,143.3033,28.922,5.1,2
39.3911,143.473,10.0,4.8,2
39.4008,143.2437,28.747,4.7,2
39.5022,143.416,16.186,5.6,2
-12.5795,167.6399,10.0,4.8,3
-17.4718,-172.2452,10.0,5.0,3
44.0664,-105.3307,0.0,3.4,1
39.5659,143.0305,34.797,4.1,2
-57.2058,-68.3105,10.0,4.3,3
36.3432,140.0067,84.053,4.4,2
39.6876,143.0464,10.0,4.4,2
39.4294,143.3379,12.152,5.4,2
-18.1459,-178.145,571.372,4.0,0
39.5743,143.2912,30.032,5.2,2
-7.0442,129.6041,128.234,4.3,3
54.5247,-160.1524,38.47,4.1,1
18.042,-68.579,140.47,3.43,1
-59.1008,-25.6874,116.763,4.6,3
-58.9539,-25.7335,96.92,4.9,3
39.6033,143.1196,29.008,4.3,2
-12.8599,167.3238,10.0,4.7,3
43.5096,-127.2274,10.0,3.2,1
-20.8078,-178.6829,587.015,4.3,0
-12.6917,167.4408,10.0,4.7,3
-59.1356,-25.8003,121.82,4.6,3
-12.9889,166.9255,10.0,4.6,3
39.5206,143.2839,28.385,4.2,2
-21.9013,-68.5851,140.742,4.0,3
31.652,-104.456,6.2024,3.2,1
44.796833333333,-110.848,6.92,3.1,1
-27.6839,-179.7928,475.598,4.3,0
27.9568,104.8863,10.0,4.5,2
51.6639,159.0734,58.882,4.1,2
-23.0538,179.0167,613.245,4.3,0
32.409,-102.044,7.2998,3.1,1
51.4349,159.0966,48.261,4.4,2
39.4283,143.3003,43.866,4.5,2
-23.8486,179.9188,533.147,4.2,0
51.5579,159.6469,24.32,4.6,2
38.2645,142.1075,70.56,4.2,2
3.364,117.7784,10.0,4.0,3
35.5143,26.5019,10.0,4.0,2
39.4388,143.2757,43.286,4.5,2
45.0276,149.2607,88.021,4.5,2
18.746,-64.354,38.11,3.02,1
54.7937,164.1397,10.0,4.5,2
-32.1642,-70.1888,102.522,4.2,3
53.3909,159.9742,61.343,4.5,2
53.1411,160.224,62.626,4.6,2
7.6856,-82.2567,10.0,4.6,3
-18.5156,-177.797,496.098,5.6,0
84.1055,108.3515,10.0,4.2,2
51.8158,178.4332,111.145,4.0,2
14.9915,108.0607,10.0,4.3,2
39.4811,143.4805,10.0,4.9,2
39.4846,143.2361,40.066,4.9,2
-8.08,108.943,89.236,4.2,3
39.3443,143.3951,10.0,4.4,2
39.4657,143.38,10.0,4.9,2
2.188,124.5973,238.48,4.5,3
-30.1108,-177.9014,32.307,4.7,3
52.0621,-171.3436,33.823,3.8,1
-17.5274,-16.221,10.0,5.0,3
16.3742,-59.7104,10.0,4.9,3
40.346666666667,-124.67966666667,20.85,2.88,1
30.2993,67.8799,10.0,4.3,2
18.2015,-67.885666666667,6.68,3.26,1
31.652,-104.376,6.0999,2.7,1
38.8115,-122.78383333333,2.72,2.55,1
-5.9877,150.798,35.0,4.1,3
-8.4152,121.4124,185.872,4.4,3
39.3974,143.4498,10.0,4.4,2
53.2655,160.1198,59.522,4.4,2
52.0628,160.4337,35.0,4.3,2
66.3342,-157.2234,11.1,2.5,1
54.781,162.2474,44.143,4.3,2
27.9119,-111.9133,10.0,4.0,1
52.5041,158.7499,92.733,4.4,2
-23.2881,-179.5441,510.492,4.3,0
-23.3698,-179.9872,548.69,4.5,0
-17.9963,-178.3069,529.956,4.5,0
43.9036,147.5989,59.817,4.1,2
21.658,143.1069,353.902,3.8,0
29.2651,143.456,10.0,4.6,2
-21.2697,171.4801,10.0,4.9,3
-18.9716,167.4547,10.0,4.7,3
-6.0555,151.7754,10.0,4.7,3
60.3032,-153.417,170.0,3.0,1
16.2029,107.3158,10.0,4.3,2
-1.046,-13.0171,10.0,4.9,3
50.6123,157.1581,51.563,4.4,2
6.8682,140.4478,10.0,4.4,3
27.9008,-111.921,10.0,4.7,3
53.2136,161.3712,10.0,4.5,2
36.147,36.1147,39.618,3.6,2
27.8871,-111.887,10.0,4.9,3
27.9293,-111.8864,10.0,5.6,3
40.3302,142.4798,58.501,4.5,2
30.48,141.2892,38.204,4.4,2
30.6025,141.6522,10.0,4.4,2
11.2212,124.4023,10.0,4.6,2
17.6794,122.9543,10.0,4.5,2
52.4388,160.9549,10.0,4.5,2
60.08,-153.4826,139.5,2.5,1
-21.1079,-174.2828,22.138,4.7,3
55.4605,-158.5095,13.7,2.8,1
34.6529,25.7842,10.0,4.2,2
-21.3026,-67.7526,171.479,4.2,3
51.6024,160.128,10.0,4.1,2
52.0683,160.5011,20.156,5.1,2
60.0008,-139.2037,5.4,2.6,1
52.2207,160.1556,39.277,4.2,2
64.3477,-164.0361,10.0,2.6,1
11.1509,124.2865,10.047,4.4,2
13.8852,145.2884,120.493,4.1,2
-17.6307,-69.4268,151.89,4.2,3
15.9993,119.9288,55.586,4.5,2
-17.9405,-178.3767,606.503,4.4,0
6.0141,126.0262,150.76,4.2,3
39.162,28.1825,10.0,4.4,2
52.2214,158.6541,73.695,4.8,2
30.6526,141.6528,11.469,4.9,2
27.8532,-111.8803,10.0,4.4,3
43.6398,-105.3417,0.0,2.8,1
23.7742,123.5196,38.659,4.1,2
-1.2716,-77.6039,186.918,4.5,3
-4.979,153.1751,59.418,4.4,3
38.454,-116.5041,8.7385,2.6,1
38.4509,-116.4956,5.798,2.62,1
27.5898,53.0266,10.0,4.3,2
52.9588,160.564,46.047,4.2,2
31.5051667,-115.625,2.41,3.33,1
18.5271,145.5497,216.699,4.0,2
58.3024,-157.4563,201.9,2.9,1
43.5145,-105.3645,0.0,3.2,1
57.3463,-151.1371,18.6,3.5,1
31.8975,131.843,42.271,4.5,2
58.8662,-152.9965,69.8,2.7,1
27.9155,-111.9365,10.0,4.8,3
32.0697,131.9259,47.528,4.9,2
39.2365,28.1235,10.0,4.3,2
18.673333333333,-66.398666666667,59.16,3.24,1
41.9114,144.5307,33.632,4.8,2
-0.1615,-18.186,10.0,4.3,3
27.9976,-111.9574,10.0,4.7,3
52.1495,160.2971,49.391,4.3,2
2.4651,126.7563,48.141,4.5,3
14.0308,-91.8454,41.85,4.7,3
17.3336,-94.2491,170.032,4.7,3
-9.0454,123.9238,84.782,4.3,3
14.8497,145.62,137.181,4.4,2
61.0208,-150.9481,19.9,3.2,1
51.3747,142.6435,10.0,4.9,2
27.8552,-111.8102,10.0,4.4,3
-19.1644,-177.4381,571.812,4.3,0
64.4908,-146.8419,10.0,3.2,1
3.304,-83.0598,10.0,4.6,3
59.9167,-153.6541,169.4,2.7,1
3.3758,-82.9263,10.0,4.8,3
42.221666666667,-120.449,2.51,2.83,1
34.6195,24.1625,59.814,4.4,2
-41.2904,174.59,43.327,4.5,3
7.3684,126.6791,70.245,4.9,3
59.8874,-153.5585,135.1,2.5,1
19.180166666667,-155.49766666667,32.65,2.56,1
13.09,-88.6169,78.191,4.6,3
18.8315,-64.4215,13.0,3.57,1
39.9137,143.4343,10.0,4.4,2
-5.6401,152.468,10.0,4.3,3
39.3493,-99.3171,10.685,2.8,1
38.2452,75.6079,112.706,4.7,2
62.3633,-149.1706,0.1,2.5,1
34.5689,70.7024,10.0,4.2,2
-57.9633,-25.2205,23.0,5.6,3
51.6854,160.0497,34.907,4.6,2
45.87,-106.8029,0.0,3.0,1
52.9267,-168.3886,55.764,4.0,1
58.5226,-154.8706,119.572,2.6,1
37.5165,71.8936,158.217,4.1,2
-37.1699,-16.9678,10.0,4.5,3
52.2037,160.7029,10.0,4.4,2
10.2097,125.9317,10.0,4.5,3
43.795,-105.3202,0.0,3.3,1
60.3443,-143.225,6.9,2.6,1
-11.5254,166.2545,72.631,4.7,3
52.9327,160.4591,63.578,4.3,2
-16.6739,-172.9189,10.0,4.6,3
69.1125,-144.7112,0.1,3.2,1
31.666,-104.327,6.0999,2.6,1
5.0021,125.1803,10.0,4.7,3
49.9132,155.8791,83.59,4.4,2
27.982,139.8043,426.619,4.4,0
52.3063,160.2059,56.385,4.5,2
36.839833333333,-121.57116666667,5.12,2.98,1
52.1002,160.4401,21.997,4.5,2
-6.2884,130.3473,113.112,4.6,3
50.84,156.4149,123.572,4.1,2
27.5281,52.8561,10.0,4.3,2
27.6675,53.0396,10.0,4.0,2
3.224,117.7059,10.0,4.8,3
57.0611,-150.4586,35.2,3.0,1
52.3057,160.4866,34.72,4.0,2
31.4948,-115.6241,5.0,2.7,1
51.4336,159.3761,51.113,4.4,2
-0.1931,125.2772,49.367,4.7,3
27.6063,143.1595,10.0,4.8,2
52.2871,160.1785,55.989,4.3,2
18.737,-64.417333333333,19.08,2.87,1
41.1906,24.7815,10.0,4.2,2
0.9867,125.647,78.407,4.0,3
46.0522,150.9692,109.304,4.3,2
40.1561,69.0474,10.0,4.3,2
44.5777,-112.2242,10.186,2.6,1
52.2588,160.5209,24.102,4.1,2
52.2336,160.0326,52.276,4.3,2
18.7745,-66.5745,29.85,2.83,1
18.6165,-66.955666666667,14.33,2.76,1
52.2012,160.3465,10.0,4.3,2
43.4404,-126.8241,10.0,4.1,1
13.5684,144.8388,111.825,4.8,2
33.429,-119.0758333,8.34,2.5,1
19.714333333333,-154.97166666667,41.44,2.9,1
19.282833333333,-155.38583333333,30.95,2.53,1
-54.6475,158.6203,10.0,4.6,3
-35.3807,-105.7786,10.0,5.0,3
12.8114,-89.2547,35.0,4.4,3
51.9832,160.3132,10.0,4.4,2
52.779,159.558,80.64,4.0,2
32.106,-101.915,8.3008,3.2,1
-35.243,-105.9731,10.0,5.1,3
51.764,160.4337,10.0,4.4,2
50.6544,157.3392,60.903,4.3,2
63.1017,-149.3155,73.8,2.8,1
49.7248,155.8574,71.01,5.7,2
52.3084,160.3714,31.272,4.9,2
-0.1246,123.0647,114.629,5.9,3
52.1115,160.1897,28.0,6.0,2
-19.9832,-177.9319,558.673,4.4,0
15.0307,-94.0122,35.0,4.3,3
51.487,159.3122,35.0,4.5,2
49.3741,155.5437,59.187,4.5,2
34.7242,140.9772,35.0,4.7,2
53.5708,160.0185,75.701,4.0,2
-2.1326,139.0342,35.0,5.0,3
39.3799,143.5504,10.0,4.5,2
-23.4037,-179.9567,548.13,4.1,0
43.5971,-105.3889,0.0,2.6,1
49.8014,155.6968,70.762,4.5,2
14.0178,145.0371,171.817,4.0,2
67.653,142.772,10.0,4.9,2
40.941666666667,-123.54166666667,26.82,2.81,1
54.638,-159.8861,35.648,3.4,1
36.551833333333,-121.17766666667,6.04,2.53,1
52.1142,160.4031,39.866,4.3,2
31.575,-104.026,7.42,2.5,1
52.119,160.5188,26.651,4.0,2
1.8189,126.9332,65.997,5.2,3
38.4615,-116.4987,6.956,2.74,1
52.2876,160.2673,38.913,4.4,2
52.1873,160.5086,35.0,4.1,2
52.2451,160.4508,27.795,4.5,2
62.531,-148.8686,21.0,2.6,1
-49.154,127.3387,10.0,4.6,3
50.9977,157.1853,79.916,4.0,2
45.6362,150.0882,103.994,4.3,2
-36.939,-73.7837,20.99,4.4,3
52.2017,-170.0001,35.0,3.3,1
25.5434,56.1875,11.485,4.3,2
49.7972,156.1874,46.985,4.6,2
52.2212,160.3199,41.363,4.1,2
52.2912,159.9371,59.125,4.2,2
-2.1389,139.5936,40.498,4.7,3
52.201,160.6464,10.0,4.2,2
5.1217,125.5639,10.0,4.3,3
51.4133,159.6257,10.0,4.3,2
-0.5362,119.6582,10.0,4.2,3
52.3103,160.586,10.0,4.8,2
52.0782,160.1514,10.0,4.2,2
12.3924,143.1427,65.0,6.0,3
-4.0796,-76.5241,121.567,4.2,3
52.215,160.4139,10.0,5.4,2
66.5334,-162.5975,15.4,4.0,1
51.6928,160.4683,10.0,4.7,2
51.7951,160.6424,10.0,4.6,2
52.2876,160.4641,10.0,5.0,2
51.2481,159.4835,10.0,4.6,2
51.5253,160.2937,10.0,4.4,2
51.858,160.4303,10.0,4.6,2
51.5601,160.2217,10.0,5.0,2
-5.8087,148.8839,123.391,5.0,3
52.0731,160.433,10.0,4.5,2
51.9548,160.3943,33.606,4.4,2
36.0959,139.9355,83.632,4.2,2
52.4248,160.4688,35.0,4.9,2
52.7891,159.0738,104.367,5.1,2
52.3774,160.2958,10.0,5.5,2
-15.8171,-176.8504,414.209,4.3,0
52.23,159.9968,55.281,4.6,2
52.3085,159.9557,61.245,4.8,2
52.2723,160.2989,23.026,4.8,2
37.4873,142.0501,45.246,4.4,2
52.2472,160.2458,35.0,5.3,2
52.1484,160.2623,35.0,4.7,2
52.1744,160.4064,20.0,5.9,2
52.0881,161.0854,10.0,4.7,2
52.3281,160.2938,17.499,5.1,2
51.7865,160.554,10.0,4.4,2
-55.7465,-26.7427,18.704,5.1,3
-21.5882,-66.818,228.303,4.1,3
-15.191,167.372,164.589,4.2,3
52.3431,160.354,28.122,4.4,2
44.543,145.6776,189.34,4.1,2
52.3536,159.8729,35.0,4.8,2
67.4774,-148.8759,0.1,2.6,1
49.4935,157.1299,10.0,4.2,2
52.9,158.9675,99.322,4.2,2
-38.1828,176.317,176.613,4.4,3
53.3142,160.5301,35.0,4.4,2
51.9804,160.4872,35.0,4.7,2
51.5301,160.3694,10.0,4.9,2
-52.5538,28.2409,10.0,4.5,3
-2.1736,139.1162,35.0,4.8,3
52.1915,160.2069,10.0,4.3,2
-22.0936,-68.617,121.752,4.0,3
28.5267,87.3673,10.0,4.7,2
51.7565,158.237,68.205,5.3,2
31.655,-104.453,6.1511,2.5,1
-23.5215,-179.9453,537.775,4.6,0
39.353,143.6134,10.0,5.2,2
39.414,143.4827,10.0,4.3,2
49.9757,155.9408,69.915,4.8,2
-16.5223,-177.2358,421.006,4.6,0
-29.7682,-71.3894,68.03,4.3,3
-52.8748,28.1561,10.0,4.3,3
40.433666666667,-125.19,10.0,2.78,1
-8.1453,118.2472,14.491,4.5,3
52.0906,160.7429,35.0,5.1,2
52.2673,160.1483,35.0,4.4,2
51.5799,160.3171,10.0,4.4,2
-27.4251,-71.4617,24.772,5.5,3
18.329333333333,-66.991666666667,11.86,2.51,1
52.9969,159.7477,78.138,4.4,2
51.9101,159.9668,35.0,4.5,2
52.2323,160.3528,41.044,4.4,2
18.1371,-68.3431,81.0,3.69,1
52.1376,161.1123,10.0,4.1,2
52.3106,160.543,10.0,4.3,2
52.1854,160.6773,10.0,4.4,2
51.971,160.9009,10.0,4.2,2
39.1744,28.4156,10.0,5.0,2
52.0519,160.2866,10.0,4.5,2
52.0635,160.5052,10.0,4.4,2
52.2525,160.6754,10.0,4.7,2
51.5995,160.094,10.0,4.4,2
52.3333,160.5665,31.584,4.8,2
52.4467,160.5389,10.0,4.8,2
52.1812,160.5773,10.0,4.6,2
52.2507,160.6214,10.0,5.1,2
52.365,160.3621,10.0,5.0,2
51.295,160.0075,10.0,4.3,2
52.0807,160.3525,10.0,4.8,2
52.1855,160.4443,23.316,4.4,2
-18.1331,-177.961,566.77,4.4,0
39.9544,143.5608,10.0,4.9,2
-34.9999,179.4743,132.368,4.7,3
52.12,160.419,35.0,4.8,2
19.191,-155.49533333333,31.16,2.6,1
36.677,-106.8572,5.0,3.2,1
-10.2623,161.4872,74.127,4.4,3
-24.8232,179.6377,550.834,4.3,0
52.3111,159.6624,35.0,4.5,2
52.3209,160.1882,32.502,4.6,2
52.8869,159.7404,76.92,4.0,2
51.5178,160.2287,10.0,4.9,2
52.2143,160.2108,29.0,6.1,2
-2.8652,147.8944,10.0,4.1,3
-2.7983,147.9022,10.0,4.4,3
52.3318,160.5016,35.0,4.6,2
52.4138,160.1102,51.517,4.2,2
52.3978,160.2656,33.181,4.1,2
51.7431,160.2115,10.0,4.4,2
52.0285,160.4338,11.523,4.8,2
-2.8637,147.6772,10.0,4.3,3
52.1422,160.324,35.0,4.6,2
52.1467,160.2915,24.199,4.6,2
52.1862,160.3937,35.0,4.8,2
52.2495,160.422,25.376,4.3,2
52.3665,160.578,35.0,4.3,2
52.4822,160.2399,49.312,4.7,2
52.1303,160.2121,35.0,5.7,2
43.6884,-125.5515,10.0,2.8,1
52.2583,160.0415,22.0,5.9,2
5.0679,125.1958,10.0,4.8,3
4.7746,125.0585,10.0,4.6,3
43.5668,-28.4232,10.0,4.6,2
63.3565,-149.59,97.8,2.5,1
39.991,143.6448,10.0,4.5,2
5.11,125.2351,10.0,5.1,3
4.8116,125.3874,26.7,5.3,3
4.9609,125.3608,25.018,4.8,3
19.538166666667,-155.60916666667,8.08,3.64,1
49.8704,155.7956,77.137,5.2,2
38.819666666667,-122.762,2.35,2.73,1
52.4359,159.9524,74.601,4.6,2
12.3507,141.8589,10.0,4.7,2
52.4306,159.9097,72.843,4.9,2
25.0088,95.3102,117.957,4.6,2
18.807833333333,-67.236666666667,23.67,3.12,1
52.5349,161.0073,10.0,4.4,2
17.7821,-94.1975,188.331,5.0,3
-8.073,128.7784,35.0,4.5,3
63.0687,-151.4594,0.1,3.0,1
-19.75,169.6761,241.798,5.0,3
48.9991,155.5059,35.0,4.4,2
50.3463,156.9091,54.086,4.2,2
36.5461,67.3886,28.0,6.2,2
-59.4712,-61.572,10.0,4.6,3
-59.3722,-61.7089,10.0,4.4,3
51.2138,178.3018,42.317,4.5,2
56.9805,-155.846,0.0,2.5,1
59.9704,-151.7575,36.1,2.5,1
9.6799,122.7895,114.908,5.5,3
-36.947,-74.1043,11.984,4.6,3
-19.9271,-71.0536,12.402,4.5,3
-40.9692,-91.9921,10.0,5.3,3
55.175,-163.2969,189.104,3.8,1
41.0949,43.8586,13.666,4.4,2
-60.7117,-62.1998,10.0,4.4,3
-19.0071,-69.9601,80.994,4.6,3
17.943833333333,-66.813166666667,9.88,2.52,1
-16.5539,-70.9301,116.429,4.9,3
-15.8881,-72.0288,10.0,4.3,3
39.1954,28.2157,10.0,4.8,2
4.5081,125.5362,146.401,4.2,3
19.308166666667,-155.217,0.16,2.59,1
1.6371,123.0396,10.0,4.6,3
-2.1884,139.0169,35.0,4.8,3
6.7319,-72.9212,156.469,4.1,3
40.0254,143.5212,10.0,4.6,2
40.0203,143.5318,10.0,4.9,2
6.3591,127.1905,10.0,4.0,3
63.1057,-151.442,0.0,2.5,1
-23.9222,-176.2425,66.826,4.9,3
19.0599,121.301,10.0,4.2,2
33.426,-119.075,8.29,3.23,1
60.1412,-139.6612,3.7,3.0,1
3.5107,126.9742,42.802,4.3,3
-7.4895,130.0447,79.197,4.3,3
-6.1939,131.5375,27.083,4.6,3
-7.6961,127.6235,174.724,4.1,3
-7.5821,127.6454,148.845,5.2,3
17.9635,-66.906,7.3,2.78,1
-24.2017,-67.3635,180.855,4.2,3
-29.2033,-69.7012,133.436,4.1,3
25.2082,-109.508,10.0,4.1,1
-60.0526,-61.9887,10.0,5.0,3
-22.3336,-179.5994,575.055,4.4,0
52.886,-164.2333,10.0,3.9,1
50.5114,156.3963,93.002,4.3,2
51.0486,159.0881,35.0,4.1,2
19.186833333333,-66.8585,25.05,3.13,1
62.0793,-149.408,3.1,2.7,1
3.9256,95.869,55.638,4.9,3
3.8376,-76.5812,136.419,4.3,3
43.7872,-105.1761,0.0,2.9,1
34.2903333,-116.845,6.92,2.79,1
38.4407,-116.5197,6.7258,2.64,1
38.4519,-116.5078,2.2932,3.67,1
37.3274,70.006,10.0,5.0,2
-18.7103,-69.2268,127.514,4.0,3
38.4477,-116.5119,6.2276,2.62,1
-55.4726,-26.1917,10.0,4.2,3
42.6622,-111.9027,7.464,2.8,1
16.8258,-93.795,165.948,4.5,3
-2.5272,28.9942,10.0,4.4,3
-20.3247,-178.2265,550.634,4.4,0
-22.7943,68.3326,10.0,4.4,3
42.6961,141.5657,138.104,4.4,2
-24.8265,179.8495,529.804,4.2,0
36.911,-90.192166666667,3.78,2.6,1
19.111,-66.817833333333,20.48,3.06,1
53.4343,159.9781,75.887,4.5,2
67.8907,130.122,10.0,4.2,2
-9.8142,118.9271,24.538,4.5,3
19.116833333333,-66.832,38.15,3.05,1
51.2338,159.7726,10.0,4.2,2
39.1259,142.1222,69.898,4.5,2
32.3382,56.224,10.0,4.1,2
-35.1947,-179.3481,10.0,4.2,3
36.3495,75.9757,10.0,4.3,2
34.2735,45.488,10.0,4.6,2
59.5592,-152.308,64.8,2.8,1
-4.6896,153.3977,106.6,4.0,3
13.6577,39.7972,10.0,4.4,3
-3.8638,151.4279,10.0,5.0,3
-14.9639,-177.4117,361.049,4.5,0
-7.1861,128.9031,152.02,4.3,3
59.6412,-150.3491,22.6,2.7,1
20.1284,122.17,153.872,4.9,2
59.6779,-150.3491,22.8,2.5,1
19.011,-67.331833333333,44.27,3.29,1
39.1389,28.171,10.0,4.1,2
-2.1435,139.3604,52.887,4.8,3
-55.7112,-26.8681,35.0,4.4,3
-45.3527,97.3138,10.0,4.4,3
6.3054,127.2913,10.0,4.3,3
-31.7004,-69.6064,123.228,4.2,3
-55.5579,-26.6984,10.0,5.2,3
18.636333333333,-65.573166666667,68.63,3.35,1
-55.6133,-26.8773,10.0,5.0,3
49.957,154.5424,140.466,4.1,2
7.5369,126.8287,60.744,4.2,3
-42.7116,172.0928,18.856,4.1,3
64.5987,-146.9883,10.1,2.7,1
1.3077,98.8548,105.636,4.1,3
31.614,-104.241,7.4329,2.5,1
-4.4101,134.0062,10.0,4.7,3
21.0608,121.0254,12.698,4.4,2
61.08,-152.0296,119.7,2.5,1
36.532,70.3696,194.836,4.0,2
55.9698,163.9536,38.997,4.2,2
6.2575,127.4141,10.0,4.4,3
6.1045,126.9706,83.176,4.5,3
6.4087,127.3969,10.0,4.1,3
7.0627,127.1014,10.0,5.1,3
6.1102,127.2399,35.0,5.0,3
19.3856,-68.7891,30.0,3.58,1
-7.2976,129.3387,149.435,4.3,3
-45.2902,96.8417,8.0,5.9,3
6.2029,126.8673,81.185,4.3,3
6.2701,127.3451,10.0,4.9,3
6.2295,127.0704,35.0,4.6,3
-20.1223,-178.8738,623.355,4.1,0
-59.5973,-26.3589,109.83,5.2,3
-10.457,-78.8393,28.861,4.3,3
31.3774,-115.5894,10.0,2.9,1
-52.9705,-45.2026,10.0,4.4,3
36.478500366211,-120.73816680908,20.530000686646,2.86,1
59.6551,-150.3206,21.2,3.2,1
19.133,-66.867333333333,31.74,3.15,1
-23.433,179.9604,529.356,5.4,0
-17.904,-177.4621,640.916,3.9,0
48.8687,155.8315,40.029,4.3,2
-6.26,133.2311,10.0,4.7,3
19.0688,-66.8466,42.0,3.45,1
53.1014,159.7165,74.396,4.7,2
50.685,158.1874,54.949,4.2,2
-30.6584,-71.8081,25.517,4.2,3
18.875,-66.727833333333,55.51,2.82,1
51.8344,-175.1966,60.492,3.6,1
-37.99,78.3647,10.0,4.3,3
63.4096,-151.9478,11.3,2.6,1
7.1025,-82.283,10.0,4.8,3
34.6965,-108.0696,5.565,2.7,1
-28.5401,-177.9259,180.46,4.0,3
51.9486,160.3827,10.0,4.2,2
52.2837,160.7069,35.0,4.4,2
52.5461,160.8637,10.0,4.5,2
38.785833333333,-122.76466666667,3.41,3.13,1
57.8038,-153.8773,35.5,2.6,1
-3.5888,125.9205,10.0,4.5,3
-52.3732,-71.8054,10.0,4.2,3
59.659,-150.3871,20.6,3.1,1
38.8588,-98.4625,9.887,2.5,1
51.5432,159.5876,30.162,4.9,2
12.214,125.5886,10.0,4.7,2
18.9243,145.5233,174.649,4.5,2
-18.9241,169.2973,237.812,4.6,3
9.7865,-70.7547,10.0,4.1,3
-59.7034,-26.0818,35.0,4.6,3
39.1968,28.1279,10.0,4.4,2
4.9352,126.1089,97.282,4.3,3
-16.5178,-173.8145,53.864,4.4,3
19.042833333333,-155.4095,37.23,2.61,1
-17.6985,-175.1059,226.129,4.2,3
10.9868,141.8298,10.0,4.5,2
51.5784,178.4737,76.757,4.0,2
18.3515,-66.219166666667,125.54,3.28,1
23.1609,123.4658,10.0,4.4,2
60.8448,-146.9474,16.3,2.7,1
9.8844,-77.8018,10.0,4.4,3
23.2606,123.0482,10.0,4.6,2
40.280666351318,-124.49783325195,18.219999313354,2.62,1
38.8765,-98.4583,6.211,3.1,1
41.2003,-116.678,10.1737,2.93,1
-34.7273,-71.7914,49.446,4.2,3
48.8898,156.9026,10.0,4.2,2
39.1407,28.2789,12.166,4.1,2
23.4679,125.3959,10.0,4.3,2
2.5068,125.8306,128.173,4.2,3
59.6483,-150.3284,33.732,2.6,1
59.6308,-150.2328,23.6,5.4,2
36.6715,71.2243,119.632,4.4,2
16.5002,-59.5129,10.0,4.6,3
51.9253,158.2265,78.742,4.4,2
40.9025,83.7133,10.0,4.2,2
-31.6342,-69.3297,123.671,4.4,3
36.6712,-116.3563,5.4479,2.83,1
16.5525,-59.4467,10.0,4.2,3
-55.6902,-26.2571,10.0,4.5,3
38.4515,-116.5107,9.0046,3.08,1
-7.1183,104.881,37.684,4.2,3
18.702,-65.727833333333,17.02,2.84,1
37.976833343506,-122.03616333008,16.219999313354,2.61,1
51.4883,159.7399,25.11,4.9,2
-10.1947,161.1338,51.588,4.4,3
32.4003333,-115.2113333,11.02,2.95,1
-55.6926,-26.2859,10.0,4.7,3
-27.447,-178.3345,288.531,5.5,0
-2.1534,139.0528,35.0,4.9,3
35.759334564209,-121.27866363525,5.539999961853,3.2,1
-2.842,139.3141,38.481,5.0,3
37.2862,141.1785,25.551,4.6,2
37.2072,141.1066,51.068,4.4,2
19.046666666667,-156.24333333333,39.98,3.33,1
-55.7247,-26.3445,10.0,5.0,3
16.4242,-59.6297,10.0,4.4,3
33.3483333,-116.3741667,13.91,2.72,1
51.2488,159.2394,18.01,4.5,2
50.9895,159.1153,10.0,4.6,2
31.098,-64.7443,10.0,4.0,1
44.3467,-115.1705,10.0,3.2,1
-59.8205,-62.1822,10.0,4.7,3
-36.9459,-73.8111,35.0,4.3,3
-16.0679,-171.4995,10.0,4.4,3
-36.8604,-74.4156,10.0,4.4,3
27.1149,52.9585,10.0,4.0,2
-6.2207,154.8856,135.416,4.0,3
51.3111,-169.0059,10.0,4.2,1
-12.0976,166.8112,341.269,4.2,0
50.9723,159.3056,10.0,4.4,2
36.5109,-2.8188,10.0,4.3,2
13.21,50.9393,10.0,4.1,3
43.7991,-105.3441,0.0,3.2,1
57.3254,-153.6282,28.9,3.6,1
54.4463,-159.9997,10.0,4.0,1
3.9946,124.0914,425.338,4.8,0
63.7807,-148.0607,4.9,3.3,1
44.9615,149.5849,35.0,4.2,2
37.167667388916,-119.74633026123,18.989999771118,2.55,1
-19.0745,-179.0467,669.556,4.8,0
64.6209,-17.2809,10.0,5.4,2
2.9239,128.3278,61.183,4.6,3
16.5778,-59.56,10.0,4.8,3
16.4815,-59.454,10.0,4.6,3
53.2957,159.8974,73.63,4.1,2
24.998,122.8429,10.0,4.2,2
37.3133,69.7399,17.654,4.5,2
44.381,-129.6821,10.0,5.4,2
44.6049,-129.8321,10.0,4.8,2
-58.7537,-25.1169,35.0,4.8,3
42.971,18.711,10.0,4.1,2
-6.2966,131.3162,66.161,4.3,3
16.4971,-59.6557,10.0,4.4,3
25.4653,-45.3445,10.0,4.2,3
65.2666,-144.6632,1.3,2.5,1
58.2537,-142.3926,10.0,2.8,1
2.7456,128.4849,221.602,4.4,3
37.2247,69.6706,10.0,4.5,2
18.7621,-64.6863,30.0,3.81,1
-18.5151,-70.6429,41.784,4.1,3
16.4525,-59.6036,10.0,4.7,3
16.4618,-59.737,10.0,4.2,3
-47.0843,164.6587,10.0,4.7,3
51.5399,159.8402,10.0,5.1,2
-47.2049,-12.216,10.0,5.5,3
60.3087,-151.3926,34.0,2.6,1
21.9867,93.6089,47.028,4.6,2
31.8018333,-116.067,16.13,3.61,1
42.1361,80.6653,10.0,4.5,2
-29.8344,-178.0029,106.906,4.5,3
38.8692,-98.489,8.336,3.2,1
-23.4158,170.6464,10.0,4.4,3
31.5059,-115.6201,10.0,2.8,1
-12.8907,143.2963,11.304,4.1,3
38.8567,-98.5095,7.532,2.7,1
38.8937,-98.5357,5.0,3.4,1
31.4796,-115.6219,10.0,3.6,1
31.736,-104.119,7.8815,2.5,1
-23.2561,-179.7899,545.564,4.6,0
52.2801,160.3252,43.371,4.7,2
31.656,-104.405,5.741,2.8,1
-9.4642,155.6151,10.0,4.3,3
5.764,123.9188,529.228,4.2,0
19.165333333333,-66.441166666667,20.71,3.18,1
32.6188,47.9026,10.0,4.1,2
9.0158,126.4141,55.135,4.5,3
49.405,158.1951,10.0,4.3,2
-19.594,-175.5821,197.786,4.6,3
12.3767,-87.8466,41.257,4.4,3
-2.6825,139.7299,35.62,4.5,3
44.0713,-105.2779,0.0,2.8,1
-17.8471,-178.1231,505.502,4.2,0
52.9139,159.0329,83.763,4.1,2
-30.9493,-69.4723,108.987,4.7,3
-3.3915,145.9476,10.0,4.6,3
-15.2287,-173.1909,10.0,4.3,3
43.7796,-105.3689,0.0,3.2,1
63.2645,-151.0773,0.0,3.0,1
53.413,159.4168,77.024,4.2,2
72.4889,3.0994,10.0,4.4,2
44.794833333333,-110.84616666667,5.22,2.51,1
-6.7001,129.9887,142.0,6.4,3
58.9128,-142.7,14.432,2.8,1
-7.5424,105.3797,20.53,4.5,3
44.802,-110.84533333333,7.16,3.7,1
36.581665039062,-121.20149993897,6.3600001335144,2.6,1
49.8296,155.7817,87.635,4.4,2
44.799,-110.8455,7.08,2.67,1
39.1701,28.1493,10.0,4.2,2
-23.0756,-68.5025,107.649,4.1,3
32.2706667,-115.346,6.1,2.51,1
39.1461,28.1491,10.0,4.5,2
-24.1493,-179.7945,514.138,4.3,0
63.3807,-151.298,14.3,2.5,1
41.5328,141.9543,67.208,4.3,2
-4.4077,153.5025,123.265,4.2,3
-6.6097,154.7994,25.472,5.0,3
-31.5078,-66.328,147.125,4.9,3
16.4882,-59.5936,10.0,4.6,3
19.3236,-68.2739,35.0,2.5,1
31.4965,-115.5985,10.0,3.3,1
-23.3662,-68.5651,99.459,4.6,3
39.2592,28.3214,10.0,4.9,2
50.3541,157.2101,35.0,4.4,2
39.218,28.2551,10.0,4.9,2
50.2426,157.3965,31.0,5.6,2
7.4455,127.2613,10.0,4.3,3
-16.1351,178.5482,10.0,4.6,3
39.1811,28.2136,10.0,4.4,2
49.6954,156.2581,54.764,4.5,2
59.1376,-154.1805,125.9,2.6,1
48.9933,154.8595,61.429,4.4,2
57.3442,-155.5932,34.5,2.5,1
39.2068,28.171,10.0,4.0,2
16.4546,-59.8077,10.0,4.5,3
16.5187,-59.7045,10.0,4.6,3
52.0713,-170.7175,41.31,3.8,1
2.2866,96.2234,23.205,4.2,3
-36.253,52.4992,10.0,4.5,3
1.2494,121.784,26.445,5.1,3
39.1039,28.1816,10.0,4.4,2
39.1979,28.2599,10.0,4.4,2
1.2189,126.3279,42.081,4.7,3
0.4907,67.2876,10.0,4.4,3
16.5243,-59.6954,10.0,4.6,3
54.5195,-160.086,35.0,4.4,1
-6.0832,102.9046,10.0,4.5,3
4.9458,95.9794,10.0,5.1,3
39.1738,28.2562,10.0,4.1,2
16.5297,-59.6704,10.0,4.2,3
62.494,-151.0904,82.7,2.9,1
51.2786,159.6037,10.0,4.3,2
33.8145,25.72,35.0,4.0,2
61.7462,-148.0195,21.7,2.6,1
53.2139,160.1316,58.5,4.8,2
39.2223,28.048,10.0,4.2,2
16.5418,-59.5537,10.0,4.2,3
16.5462,-59.5533,10.0,4.5,3
-21.0419,175.4969,600.764,4.4,0
39.1805,-76.8331,8.472,2.5,1
39.1821,28.2514,10.0,4.2,2
39.1937,28.2425,8.0,6.0,2
1.9802,126.5247,54.48,4.3,3
-29.4368,60.7178,10.0,4.3,3
16.501,-59.5122,10.0,4.9,3
16.6079,-59.4498,10.0,4.2,3
16.5347,-59.5172,10.0,4.5,3
40.300498962402,-124.50382995606,10.529999732971,2.56,1
-6.2163,151.8029,10.0,5.3,3
-30.6357,-71.8316,26.997,4.2,3
16.5841,-59.6942,10.0,4.6,3
16.5098,-59.6184,10.0,5.4,3
16.5156,-59.5269,10.0,5.7,3
16.4789,-59.5812,10.0,5.2,3
16.5419,-59.5574,9.0,6.5,3
40.390998840332,-124.85500335693,0.37000000476837,3.45,1
-18.1439,-179.3826,647.752,4.6,0
40.3246,-125.1443,10.0,2.5,1
-21.6349,-68.4385,120.808,4.3,3
33.635,-117.999,14.78,2.56,1
-12.7832,143.2158,10.0,4.5,3
-11.3764,113.0062,10.0,4.6,3
38.8568,-97.0588,5.487,2.7,1
50.6319,159.9877,10.0,4.7,2
18.768166666667,-154.78816666667,34.83,2.58,1
37.403,75.7878,10.0,4.5,2
48.3624,154.7331,50.021,4.3,2
6.4695,93.6271,47.953,4.1,3
41.7454,88.5827,10.0,4.9,2
-7.9854,108.8452,100.223,4.3,3
39.4433,26.0125,10.0,4.4,2
53.5339,159.9458,72.524,4.0,2
-19.0127,169.8267,250.631,4.1,3
36.1705,34.1984,10.0,4.2,2
51.156,159.7907,10.0,4.4,2
-58.0146,-23.2715,10.0,4.4,3
50.3618,156.9324,78.939,4.4,2
42.6813,-111.3503,5.0,2.5,1
18.173666666667,-66.130833333333,17.91,2.91,1
-49.2564,125.0308,10.0,4.4,3
9.0584,126.4287,46.855,4.5,3
66.2676,-157.2307,0.0,2.6,1
32.6056667,-115.7051667,5.09,3.05,1
35.0562,27.4227,36.739,4.2,2
-36.9573,-96.0045,10.0,5.1,3
34.9601,27.1226,41.412,4.1,2
34.4091667,-119.0751667,14.69,2.65,1
19.162666666667,-64.8515,30.84,3.4,1
48.2169,154.44,49.918,4.1,2
-4.5374,153.2974,11.332,4.4,3
-29.6391,-177.4915,35.0,4.1,3
40.023,-123.6535,7.22,3.42,1
-33.8803,-70.4707,107.73,4.5,3
53.5766,-163.4498,35.0,3.9,1
4.9429,127.4143,134.928,4.4,3
35.354,-117.7938333,4.8,3.07,1
-8.9813,123.9429,89.944,4.6,3
-8.8524,123.9887,75.0,6.2,3
51.364,-178.6347,9.735,2.7,1
51.9306,158.996,73.984,4.6,2
-6.7723,121.8347,10.0,4.7,3
34.0534,48.1937,10.0,4.3,2
-16.403,66.7785,10.0,4.4,3
52.2464,160.6859,37.754,4.0,2
31.613,-103.976,7.0355,2.5,1
57.8264,-154.299,54.7,3.1,1
29.2614,99.6697,25.117,4.9,2
36.135334014893,-120.09266662598,9.9300003051758,2.73,1
37.94,-122.16483333333,14.82,2.92,1
5.74,126.9419,103.651,4.7,3
-21.1656,-70.7395,20.585,4.2,3
35.7618,140.0357,85.358,4.6,2
14.9056,-93.3302,75.536,4.5,3
-4.6174,153.6788,99.665,4.4,3
3.9122,125.921,143.154,4.4,3
-39.6342,176.9433,35.0,4.2,3
2.0495,126.6924,61.506,4.1,3
38.6003,40.2583,10.0,4.2,2
-18.8558,169.376,257.339,4.2,3
65.9425,-37.3012,10.0,4.4,2
65.3093,-148.95,2.9,2.6,1
-31.7665,-69.0077,106.276,4.5,3
18.502333333333,-66.277333333333,103.08,3.01,1
-4.0009,143.1389,10.0,4.5,3
43.8615,83.4336,10.0,4.6,2
43.9745,83.5142,10.0,4.5,2
-23.9387,179.9727,510.307,4.3,0
19.428333333333,-65.151166666667,56.47,3.43,1
31.3978333,-115.3095,4.72,3.63,1
-19.0961,169.2714,248.046,4.2,3
51.2401,-178.0482,30.987,3.8,1
46.5893,152.6585,51.935,4.2,2
9.6107,39.7979,10.0,4.9,3
57.65,-154.4039,35.5,2.5,1
-59.3645,-25.6066,35.0,4.7,3
41.7769,88.5098,10.0,4.5,2
53.7075,-165.244,72.331,3.6,1
36.6074,139.3644,12.413,4.6,2
23.9828,122.4187,39.0,4.3,2
13.4568,-87.9805,230.595,4.2,3
35.834331512451,-121.42849731445,3.5599999427795,2.75,1
63.3383,-151.8408,3.1,2.6,1
-8.1755,108.5767,104.695,4.1,3
17.979666666667,-66.709833333333,12.35,2.7,1
7.0726,126.8975,68.326,5.0,3
45.2191,147.2981,10.0,4.3,2
8.898,-82.9689,10.0,4.3,3
-12.3757,166.4018,34.0,6.0,3
32.3875,140.0058,104.545,4.5,2
36.1482,22.7754,64.031,4.3,2
20.042,-155.80933333333,24.26,2.53,1
-18.3721,-71.3946,34.616,4.6,3
-25.9286,-178.7886,351.602,4.4,0
52.5359,159.3513,41.561,4.3,2
40.9578,14.7014,10.0,4.4,2
63.554,-149.5934,0.1,2.6,1
-7.6963,127.6784,148.708,4.3,3
-4.9949,133.5001,10.0,4.3,3
-17.903,-175.044,182.146,4.3,3
71.537,-132.2016,10.0,2.8,1
41.5572,81.4829,10.0,4.5,2
-55.7298,-27.1808,79.904,5.1,3
18.6075,-65.605833333333,20.36,2.76,1
-11.9507,166.1349,60.32,4.5,3
-45.6919,-77.5614,10.0,5.2,3
14.4467,-91.1473,98.851,4.2,3
-45.2564,96.7593,10.0,5.3,3
19.136,-64.718,27.82,3.41,1
-34.8108,-108.6124,10.0,4.9,3
-25.5691,-179.1711,356.99,4.1,0
-9.7669,160.6953,116.724,4.5,3
65.2671,-145.5482,9.9,2.7,1
37.9349,-117.1548,10.5265,3.88,1
38.808498382568,-122.78033447266,2.2400000095367,3.09,1
65.2406,-144.6112,0.0,2.7,1
43.0876,130.9954,561.251,5.2,0
49.9754,156.0133,60.22,5.3,2
-20.7731,-174.2402,10.0,4.6,3
-6.1749,127.4623,411.927,4.5,0
-13.1848,167.1172,239.261,4.4,3
51.5796,-176.1333,56.533,4.9,1
41.1871,-116.7382,6.7889,2.68,1
-20.4833,-178.0259,529.987,4.7,0
51.1744,159.7163,20.71,4.3,2
41.1574,-116.7167,10.9242,2.63,1
63.1531,-150.4406,116.2,3.2,1
-14.6636,167.3723,239.041,4.8,3
31.675,-104.35,3.6902,2.6,1
12.935,121.5079,10.0,4.8,2
71.6491,-131.7601,10.0,5.3,2
19.890166666667,-155.5665,23.16,2.75,1
46.7905,151.6907,97.242,4.4,2
36.574165344238,-121.21817016602,5.3200001716614,3.15,1
36.4131,-107.1039,8.602,2.9,1
4.412,96.5767,10.0,4.6,3
-28.1766,-70.8944,48.042,4.2,3
35.3543333,-117.7881667,5.79,2.6,1
35.3521667,-117.789,6.58,2.88,1
-33.7505,-179.3787,35.0,4.2,3
-2.1266,120.6903,10.0,4.2,3
-35.5189,-178.9917,10.0,4.2,3
-58.8794,-25.1343,35.0,4.4,3
59.9252,-152.6938,94.4,2.7,1
45.7091,26.5334,127.609,4.2,2
47.149333333333,-121.99866666667,17.66,2.53,1
19.266666666667,-155.45183333333,1.19,2.54,1
10.8149,-61.9692,79.064,4.8,3
-6.6114,129.9699,67.947,4.2,3
-47.8048,116.0397,10.0,4.4,3
14.6323,-93.4552,41.496,4.2,3
11.8019,143.3141,10.0,4.9,2
40.3125,-124.86766815185,22.190000534058,2.93,1
11.3798,-71.8215,96.556,4.7,3
7.0882,127.5859,10.0,4.0,3
-24.5383,-115.9846,10.0,4.6,3
28.1494,142.832,10.0,4.5,2
51.4935,159.882,32.936,4.3,2
61.8836,-151.2428,66.5,4.6,1
-29.8167,-71.7071,15.937,4.3,3
-7.5953,127.6016,163.157,4.3,3
58.363,-153.764,72.1,3.0,1
12.2984,144.111,10.0,4.9,2
-3.9109,131.4925,34.826,4.6,3
19.8467,144.611,414.877,4.1,0
38.2689,134.2584,408.78,4.0,0
36.7989,71.0557,223.427,4.0,2
43.6381,-105.3648,0.0,3.5,1
55.2758,109.8148,10.0,4.1,2
42.9716,145.7509,34.0,5.7,2
51.4574,160.5679,10.0,4.4,2
7.9787,126.6291,65.066,5.0,3
53.5914,160.2386,57.417,4.3,2
7.0563,127.4777,10.0,4.2,3
54.4977,-159.8529,35.0,4.7,1
-35.5682,-179.2947,10.0,4.3,3
10.926,124.133,10.0,4.9,3
41.0269,14.8167,10.0,4.0,2
55.2584,110.3102,10.0,4.3,2
41.8774,87.9952,10.0,4.5,2
55.2446,162.0878,43.148,4.4,2
-21.8724,179.7395,599.507,4.5,0
19.3811,145.2434,185.986,4.1,2
60.0215,-153.3412,123.8,2.8,1
-35.7158,-179.4478,10.0,5.0,3
-16.1755,-173.0853,10.0,4.2,3
63.1438,-149.7425,78.2,3.0,1
57.9252,-153.81,28.6,2.5,1
52.8627,159.4762,58.953,4.0,2
7.3283,126.698,69.104,4.5,3
7.1332,127.5707,10.0,4.1,3
52.4563,159.1021,63.052,4.3,2
54.4191,-160.1152,35.0,3.7,1
35.6952,140.036,76.733,4.6,2
-6.3406,154.3283,76.796,4.9,3
17.886333333333,-66.850166666667,12.68,3.31,1
2.3659,126.7741,65.091,4.4,3
-17.5898,-171.6865,10.0,4.1,3
-8.8044,123.7428,109.792,5.1,3
7.3797,126.8108,67.176,4.6,3
7.5714,127.3594,10.0,4.6,3
-57.7079,-25.8527,85.363,4.5,3
25.545,122.1869,281.609,4.3,2
49.4373,158.4165,10.0,4.4,2
34.1108333,-116.9835,13.42,3.08,1
6.0455,127.1669,89.782,4.7,3
60.7219,-150.4333,36.0,2.5,1
52.0455,159.0606,52.131,4.5,2
-55.9421,-27.8538,106.301,5.1,3
51.1787,157.9073,62.749,4.4,2
18.196,-66.787,11.02,2.62,1
36.4351,70.9622,121.312,4.3,2
38.2353,141.89,68.806,4.3,2
37.427333831787,-122.2448348999,5.1900000572205,2.61,1
51.9682,161.5235,10.0,4.7,2
37.945667266846,-122.15766906738,14.140000343323,2.77,1
5.8722,127.1529,30.258,4.7,3
-31.2417,-68.2875,109.632,4.5,3
37.4154,141.9798,46.881,4.7,2
7.4678,127.198,9.23,4.2,3
19.337833333333,-155.0205,6.93,2.62,1
64.6975,-155.0264,0.0,2.6,1
43.6047,-105.2647,0.0,3.3,1
-20.871,-177.9501,475.294,4.4,0
43.0153,-110.9288,5.0,2.6,1
54.6425,-160.304,35.0,4.6,1
-54.0502,-58.1972,10.0,5.0,3
56.1881,-149.3788,14.114,3.5,1
-18.4243,-173.7855,49.919,4.2,3
-6.6663,126.6796,466.147,4.1,0
23.8859,120.7391,30.085,4.2,2
-6.2493,130.9239,85.0,5.6,3
-4.5589,102.77,65.855,4.8,3
51.3017,159.834,10.0,4.5,2
-10.9716,165.9331,71.837,4.6,3
37.2983,-104.4818,5.0,2.9,1
51.906,160.1529,32.298,4.6,2
-10.2765,161.1285,71.424,5.2,3
-13.9891,-74.3402,109.417,4.2,3
17.867333333333,-66.855166666667,12.63,2.93,1
-6.6341,148.3083,61.786,5.2,3
-31.7938,-177.9239,10.0,4.4,3
9.1369,-83.7868,50.232,4.3,3
51.2241,159.1106,43.286,4.2,2
-30.0116,-177.4892,35.0,4.4,3
51.0012,159.3973,10.0,4.7,2
51.3084,159.5687,10.0,4.3,2
51.1478,159.3769,10.0,4.7,2
51.4164,159.4696,16.0,5.6,2
18.2225,-64.270166666667,8.67,3.06,1
17.873666666667,-66.856,14.88,2.77,1
33.1008333,-115.614,11.64,3.08,1
43.8312,-105.358,0.0,3.1,1
48.062166666667,-123.50716666667,-0.47,2.85,1
60.0266,-153.5296,165.4,2.5,1
32.341,-101.08,7.7393,2.7,1
34.1175,-117.4758333,6.93,2.65,1
14.3348,-91.8126,85.517,4.7,3
26.8866,55.2525,10.0,4.1,2
-2.0568,138.9706,35.0,4.2,3
5.2907,94.8423,75.831,4.9,3
25.9177,104.4729,10.0,4.1,2
-31.3288,-70.8823,96.919,4.3,3
-59.4011,-23.6726,10.0,4.5,3
-5.6843,128.8249,294.906,4.1,0
47.0319,-70.9095,31.955,2.7,1
-24.32,-67.3769,176.819,4.6,3
51.3786,159.4343,27.846,4.5,2
34.4073333,-119.07,15.03,3.24,1
-24.7352,179.6374,528.13,4.3,0
-24.3338,-67.2404,157.946,4.1,3
-7.2499,120.2784,577.946,4.6,0
42.9793,145.3836,58.831,4.9,2
-3.97,126.3719,10.0,5.0,3
62.8001,-149.0568,50.0,3.6,1
17.844166666667,-66.846333333333,10.57,2.53,1
-20.457,-178.0553,531.75,4.4,0
55.5808,-158.8634,34.3,3.1,1
3.4593,125.6907,89.265,4.2,3
38.4714,-116.4964,6.9297,2.6,1
35.353,-117.7916667,6.85,2.52,1
40.232166290283,-124.64016723633,2.789999961853,2.57,1
-29.1133,-178.5798,240.851,4.9,3
9.2522,-84.2408,20.0,5.9,3
-31.7485,-66.5592,146.008,4.4,3
52.1162,159.7255,65.246,4.3,2
63.2667,-151.5487,6.8,2.8,1
-33.6203,-71.1431,70.839,4.0,3
36.5874,28.4694,50.875,4.4,2
-3.6137,-79.8408,77.13,5.5,3
57.6479,-155.3926,0.0,3.5,1
52.6073,159.095,67.966,5.1,2
14.4479,-90.4307,177.934,4.7,3
-15.7533,-72.6556,10.0,4.4,3
46.8285,20.1452,13.94,4.1,2
17.818666666667,-68.566,80.05,3.36,1
-20.9232,-179.0811,637.794,4.4,0
46.0549,-106.6434,0.0,3.2,1
60.4091,-152.4078,87.8,2.5,1
-33.6674,-178.5047,10.0,5.1,3
38.783500671387,-122.73466491699,1.5199999809265,2.78,1
57.2793,-154.8053,54.706,2.6,1
56.3326,-154.1442,56.7,3.1,1
51.5818,159.0347,58.331,4.6,2
69.5269,-144.0249,0.0,2.6,1
-4.6036,104.5146,170.303,4.6,3
37.5486,142.2691,35.0,4.4,2
36.6073,71.1564,237.514,5.1,2
-59.1087,-25.5829,84.863,5.2,3
50.0735,156.3061,56.934,4.4,2
50.4405,156.5578,55.409,4.2,2
13.162,126.5517,10.0,4.3,2
22.468,94.3264,88.314,4.2,2
-37.7097,176.1683,286.641,4.4,3
-25.3265,-175.7686,10.0,4.3,3
51.5921,16.148,5.0,4.5,2
-3.4221,140.2569,10.0,4.2,3
29.0245,85.3683,10.0,4.1,2
39.7655,-107.6037,9.293,2.5,1
32.5125,-103.4328,7.129,2.5,1
-32.3756,-69.7362,118.266,4.8,3
18.969,-68.856166666667,26.78,3.39,1
35.3044,25.4609,53.856,4.2,2
64.3996,-146.5256,3.6,2.6,1
-21.6699,-179.4793,611.548,4.0,0
18.9935,-68.8531,7.0,3.68,1
1.7217,127.2828,113.135,4.4,3
48.7651,-123.3709,11.824,2.7,1
38.752498626709,-122.72216796875,2.7200000286102,2.57,1
50.4151,157.2643,53.85,4.2,2
4.032,122.8975,556.158,4.5,0
-10.4725,123.827,10.0,4.1,3
1.4483,127.1465,110.645,4.3,3
49.3538,98.1702,10.0,4.2,2
-56.2113,-27.0024,95.712,4.8,3
19.655833333333,-156.51016666667,29.99,2.6,1
11.2989,124.4745,10.0,4.5,2
-5.8843,131.3178,23.781,4.4,3
-17.4809,-178.7358,544.84,4.2,0
61.7157,-147.4872,14.4,2.8,1
30.1914,51.8503,10.0,4.9,2
31.4314,-115.6288,10.0,3.1,1
18.8275,-65.2176,73.0,4.0,3
12.2142,-64.7835,10.0,4.5,3
-9.5135,120.05,84.061,4.1,3
36.7754,72.9519,10.0,4.9,2
51.4697,159.677,10.0,4.2,2
-8.639,-76.1226,10.0,4.7,3
-5.2595,152.1862,60.841,5.0,3
17.8208,-61.5209,26.46,4.3,3
-2.3293,139.1544,40.0,4.4,3
-22.2024,-179.5728,590.176,4.3,0
37.2945,36.9665,10.0,4.1,2
40.291332244873,-124.43216705322,9.9300003051758,2.71,1
-30.3407,-72.0983,13.175,4.2,3
-60.1407,-62.1748,10.0,4.5,3
38.79999923706,-122.76899719238,1.289999961853,2.54,1
53.2956,159.9478,60.943,4.3,2
19.71,145.0356,192.863,4.2,2
51.2027,158.4178,35.0,4.3,2
53.588,-156.2966,10.0,3.9,1
53.1063,159.8667,60.628,4.9,2
-6.9147,125.7048,509.074,4.6,0
46.2204,153.1124,10.0,5.0,2
-24.4102,-176.7303,100.485,4.6,3
19.4279,38.9931,10.0,4.1,2
36.9739,72.7259,10.0,4.2,2
13.5916,124.9483,10.0,4.4,2
18.6375,-70.6249,10.0,4.7,3
35.458,135.4764,360.075,5.1,0
53.1238,161.6525,10.0,4.5,2
-2.1261,138.9499,35.0,4.7,3
51.2964,-177.0718,37.265,4.9,1
30.2167,51.95,10.0,4.5,2
56.5393,-4.3366,10.0,3.9,2
-19.0745,-67.225,237.87,4.0,3
14.0398,39.9114,10.0,4.4,3
14.0118,39.7718,10.0,4.5,3
-7.2376,122.4153,535.316,5.1,0
-2.0333,138.9557,35.0,4.9,3
13.8303,145.1054,129.93,3.8,2
6.9321,127.2205,19.781,4.4,3
64.5491,-146.9941,3.7,3.1,1
32.34,-101.074,8.6914,2.5,1
62.097,-151.2552,81.9,2.5,1
36.6558,54.8533,10.0,4.5,2
34.3744,16.3847,10.0,4.5,2
6.9992,127.3725,10.0,5.8,3
-5.0493,131.0181,42.308,4.3,3
39.932,77.2645,10.0,4.4,2
-19.6884,-177.7917,407.626,4.4,0
-52.1341,-61.695,10.0,4.7,3
61.2575,-146.8311,12.6,2.7,1
-9.2487,119.8291,52.805,4.8,3
30.0981,70.1192,10.0,4.7,2
53.4482,161.5765,10.0,4.9,2
31.674,-104.403,6.0999,2.6,1
18.0282,119.8266,10.0,4.9,2
51.1417,159.6181,10.0,4.4,2
1.7856,127.0794,74.992,4.6,3
36.5231,70.6484,197.741,4.0,2
53.1578,159.7994,62.349,4.3,2
46.4624,-81.1642,9.831,3.0,1
-5.669,-11.5504,10.0,4.6,3
12.6595,143.1289,125.891,4.5,3
-2.949,129.4134,10.0,5.0,3
52.6613,161.6762,10.0,4.3,2
40.5052,19.8876,10.0,4.3,2
54.3524,58.9495,10.0,3.7,2
36.2997,69.5334,129.301,4.2,2
-7.4882,130.6,10.0,4.9,3
-5.7436,153.0613,10.0,4.7,3
32.341,-101.077,8.5205,2.5,1
37.0238,72.7686,79.311,4.4,2
49.4633,155.2257,80.982,4.3,2
32.339,-101.071,6.6162,3.2,1
65.7749,-37.3545,10.0,4.4,2
51.4089,159.303,10.0,4.5,2
38.1133,-116.6014,16.0,2.56,1
20.8395,-154.7816,9.904,2.7,1
-17.5506,-174.9229,241.073,4.3,3
51.5101,159.3461,31.838,4.7,2
19.844333333333,-156.0925,43.46,4.15,1
52.0733,-169.3973,10.0,4.4,1
-10.5108,161.5359,92.268,5.3,3
51.4763,159.8618,41.581,4.3,2
62.6709,-151.1793,77.6,2.8,1
57.2416,-153.5309,22.4,2.5,1
31.66,-104.376,7.0483,2.5,1
1.2937,125.8387,64.581,4.7,3
8.8684,126.7666,46.24,4.5,3
35.4394,6.4989,10.0,4.5,2
36.8602,72.8741,10.0,5.0,2
27.4383,126.6717,171.94,4.6,2
19.252666666667,-65.1275,71.44,3.37,1
19.0733,145.477,204.514,4.3,2
37.7871,36.1678,12.785,4.3,2
18.6918,-68.2928,72.0,3.53,1
-20.5834,-177.8937,487.173,4.2,0
31.672,-104.364,6.0999,2.5,1
-15.8003,67.2244,10.0,4.7,3
31.661,-104.369,6.8433,3.4,1
-2.1019,138.9885,35.0,4.6,3
43.4997,147.4291,35.0,4.4,2
-7.8045,123.329,10.0,4.9,3
-7.0653,155.6407,51.82,5.0,3
12.9162,143.2532,201.838,4.4,3
31.67,-104.37,6.1511,3.0,1
-2.2776,138.9354,37.56,4.3,3
8.4317,126.0015,10.0,4.5,3
6.4896,126.7054,194.346,5.0,3
52.357,160.9628,10.0,5.0,2
-8.1559,108.9349,75.908,4.5,3
51.5331,159.9652,10.0,4.5,2
14.1221,145.3268,108.641,4.1,2
-56.4636,-27.1634,104.503,4.3,3
36.9062,72.866,10.0,4.3,2
12.387,126.0699,10.0,4.4,2
31.666,-104.361,6.4075,3.3,1
19.221166666667,-67.390833333333,22.75,3.27,1
-21.9346,-68.5946,122.66,4.2,3
60.4713,-152.2581,85.9,2.6,1
-2.1181,139.0391,35.0,4.8,3
52.4685,160.8317,10.0,4.3,2
31.939,-103.394,6.4587,2.6,1
6.9889,127.2611,10.0,5.1,3
-24.2743,-67.2303,168.914,4.2,3
-17.9336,-178.4451,502.955,4.2,0
-17.2422,-172.731,10.0,4.5,3
-0.1151,122.9046,98.149,4.2,3
-17.3978,-70.5794,10.0,4.5,3
51.2006,159.1127,35.228,4.4,2
37.0652,72.3774,10.0,4.4,2
61.9511,-149.8671,12.0,2.8,1
32.8796,24.4403,10.0,4.5,2
29.1041,49.7402,10.0,4.1,2
-17.4145,167.7529,10.0,4.1,3
32.2506,-103.2754,6.964,2.5,1
33.263,-116.4313333,5.83,2.69,1
-5.7213,111.3007,511.07,4.1,0
-39.682,-16.4236,10.0,4.4,3
7.4752,126.9216,10.344,4.6,3
43.7395,-105.3494,0.0,3.4,1
51.3021,158.7695,50.95,4.2,2
51.5809,160.1036,10.0,4.4,2
53.3782,161.6857,24.607,5.1,2
29.3264,131.8035,10.0,4.6,2
-31.2441,-69.0682,115.025,4.1,3
54.5574,-160.0239,35.0,4.0,1
45.3442,151.0134,64.766,4.5,2
49.7091,-175.6609,10.0,3.1,1
-7.8505,114.7684,197.719,4.4,3
17.9725,-68.426,62.03,2.92,1
53.582,161.5442,35.0,4.4,2
53.4523,161.6778,26.164,4.5,2
19.4718,-65.1276,32.0,3.56,1
51.4867,16.0497,5.0,4.5,2
-34.2319,-178.5567,10.0,4.5,3
53.7254,-162.1543,10.0,2.6,1
-20.6463,-69.019,101.767,4.4,3
50.8184,-172.9466,10.0,3.8,1
-7.2627,129.6257,117.014,4.1,3
53.4214,170.5529,35.0,4.3,2
8.883,126.4567,55.726,5.4,3
44.3923,-115.8511,11.713,2.8,1
36.7419,73.0538,10.0,4.5,2
18.6747,120.637,28.121,4.7,2
7.4211,126.6735,72.946,4.2,3
55.7836,-159.0349,61.9,2.5,1
-1.2033,127.155,10.0,4.8,3
17.9785,-68.4508,59.0,3.57,1
-34.0135,-178.3875,10.0,4.2,3
-0.337,99.2406,69.648,4.1,3
37.346332550049,-121.70833587647,7.539999961853,2.8,1
50.1406,155.9698,91.91,4.1,2
23.3832,121.5782,35.111,4.3,2
52.9591,-166.4729,35.0,2.8,1
-34.0737,-178.5277,10.0,4.4,3
53.1223,159.6289,64.147,4.2,2
51.3518,-176.0015,35.0,2.6,1
6.7107,126.8745,85.27,4.7,3
10.9219,124.1097,10.0,4.3,2
51.7021,-179.6144,95.524,2.8,1
28.987,-98.175,7.8492,3.0,1
-57.9449,-25.0351,42.871,4.5,3
24.2501,122.121,39.966,4.8,2
49.1481,157.5807,10.0,4.5,2
52.4631,160.594,35.0,4.5,2
-31.6474,-177.8278,10.0,4.7,3
51.1986,-178.0256,35.0,2.6,1
19.3265,-67.0645,29.0,3.6,1
56.3482,-156.5895,34.7,2.9,1
-43.54,-82.1448,10.0,4.4,3
-15.1824,-177.3107,371.641,4.3,0
-5.2184,129.7433,236.861,4.1,3
29.8278,139.0592,425.906,4.6,0
62.9765,-150.3306,104.6,3.4,1
18.6223,120.4538,23.166,4.4,2
50.0643,155.9152,88.217,4.2,2
39.1097,-104.6634,7.227,3.0,1
53.4484,160.0918,66.229,4.4,2
60.9444,-149.2027,19.2,2.9,1
-19.8854,-178.0543,477.91,4.2,0
17.0079,96.1659,10.0,3.9,2
53.688,-165.8432,85.097,5.1,2
-20.4286,-68.8136,105.865,4.0,3
36.9316,72.806,10.0,4.5,2
67.6048,-156.9614,0.0,2.5,1
-5.1711,152.7504,35.0,4.6,3
55.3756,166.5158,10.0,4.7,2
16.3541,-98.8313,10.0,4.5,3
36.7572,72.8064,8.0,5.5,2
-41.2714,-91.1289,10.0,4.5,3
49.6153,155.5725,80.832,4.2,2
-33.1772,-179.8303,96.279,4.6,3
53.2921,159.9945,49.698,4.2,2
-25.7952,-176.9375,101.106,4.8,3
12.1824,-86.8128,123.057,4.4,3
18.6262,120.5265,33.849,4.2,2
19.324333333333,-67.358,67.24,3.39,1
7.1737,127.2136,10.0,4.7,3
-3.7996,118.683,10.0,4.2,3
18.657333333333,-66.742833333333,9.38,2.54,1
-6.4839,147.3433,35.0,4.2,3
50.1048,157.3272,44.54,4.9,2
1.857,127.3892,127.143,4.6,3
18.6114,120.5524,14.144,4.9,2
18.6615,120.6453,10.0,5.1,2
57.7341,-154.6679,35.0,2.8,1
51.622,-179.8132,10.0,2.8,1
53.2112,159.6603,64.082,4.6,2
-19.9094,-69.1006,106.178,4.2,3
13.9164,40.0215,10.0,4.3,3
-25.6184,179.5508,523.711,4.2,0
-23.2087,179.9994,552.122,4.2,0
-6.8182,130.4593,122.132,4.4,3
50.1144,155.7598,98.906,4.4,2
-2.2666,139.0248,46.31,5.1,3
35.3936,22.9898,60.234,4.4,2
-24.1993,179.8747,520.698,4.2,0
-18.2148,168.1202,52.373,4.3,3
-5.0568,102.4327,36.765,4.2,3
35.3011,22.9066,63.309,4.1,2
53.1938,159.8295,68.877,5.1,2
-30.7154,-71.436,45.905,4.6,3
17.0899,-85.274,10.0,4.7,3
17.989666666667,-68.982166666667,30.12,3.44,1
-14.8039,-173.109,10.0,4.4,3
-14.566,166.5986,10.0,4.5,3
37.444667816162,-119.02283477783,7.4099998474121,2.54,1
9.7295,126.1711,57.815,4.8,3
34.3423,70.8571,10.0,4.7,2
10.4022,126.5293,10.0,4.5,2
9.8057,126.1921,37.473,4.5,3
10.082,126.2642,35.0,4.2,3
9.6582,126.1559,17.182,4.5,3
9.7251,126.2551,43.253,4.6,3
9.8202,126.0977,32.396,4.5,3
-23.3297,178.8291,553.818,5.1,0
9.7909,126.1163,32.0,6.0,3
6.8359,127.192,12.258,4.8,3
13.3577,92.5564,15.163,5.0,3
32.3311,-104.5673,9.73,3.5,1
-20.3516,-177.8071,524.156,4.4,0
51.1772,159.7684,10.0,4.6,2
43.5077,-105.3382,0.0,3.1,1
50.1152,157.1579,36.368,4.9,2
-5.8576,128.3634,355.026,4.3,0
-20.5788,-69.0762,86.177,4.2,3
-18.0759,-178.2019,565.089,4.3,0
51.8121,158.8733,63.989,4.6,2
18.739,-65.0065,40.39,3.34,1
40.756832122803,-123.25933074951,29.209999084473,3.09,1
-2.1061,139.1604,33.425,5.0,3
58.1971,-156.2883,152.5,3.9,1
37.8705,-122.2535,9.03,2.99,1
-2.2304,139.1037,35.0,5.0,3
58.902,-152.9351,58.0,2.5,1
19.331833333333,-67.385,9.83,2.96,1
-2.1741,138.8715,35.0,4.8,3
60.0541,-152.7557,103.5,2.6,1
59.7311,-152.9363,102.5,2.5,1
-2.5818,101.9963,136.268,4.3,3
33.0893333,-116.039,8.8,2.52,1
41.2193,-116.6843,8.9678,2.81,1
15.8203,-95.1353,49.469,4.1,3
-34.1565,-178.9411,10.0,4.9,3
5.4538,126.0067,93.582,4.7,3
-2.3449,138.9645,40.796,4.5,3
-22.2884,-67.3096,170.316,4.2,3
56.2164,164.7038,10.0,4.5,2
-54.7445,-26.7115,10.0,4.6,3
57.6609,-152.5296,34.9,3.2,1
48.9342,156.6173,10.0,4.6,2
-2.1308,138.9934,35.0,4.5,3
24.7905,95.4782,191.422,4.8,2
42.9157,-111.2146,10.0,2.9,1
-1.9432,139.1006,35.0,4.3,3
19.156833333333,-155.50383333333,33.17,3.44,1
-2.168,138.9531,18.0,6.4,3
-44.3879,-81.819,10.0,4.7,3
-60.2346,-62.0414,10.0,5.1,3
-9.5515,112.6251,36.169,4.0,3
22.8131,95.8413,10.0,4.4,2
34.7924,26.3417,15.781,4.4,2
7.9186,-78.8977,10.0,4.0,3
6.7376,-73.0446,166.852,4.3,3
36.896,-116.2368,11.0944,2.78,1
51.7367,158.7037,54.838,4.5,2
57.619,-155.3555,10.7,2.5,1
-58.7138,-62.3668,10.0,5.2,3
51.4504,159.2023,49.264,4.2,2
-6.569,129.0086,263.635,4.1,3
-2.2387,139.5946,35.0,4.4,3
-59.9658,-61.8649,8.0,6.3,3
-43.6372,172.6235,10.0,2.6,3
60.8848,-152.4623,123.0,2.5,1
-7.009,125.1068,549.11,4.1,0
-60.2082,-62.0132,10.0,4.7,3
28.98,-98.176,7.1569,3.0,1
6.9034,126.9331,71.575,4.4,3
7.3874,126.8234,75.105,4.2,3
5.1172,125.3592,46.561,4.8,3
-19.2563,-177.6303,570.339,4.2,0
18.9693,-68.829,118.468,2.8,1
-28.925,-71.4305,37.147,4.3,3
67.7302,-157.1828,5.0,2.6,1
10.3125,-62.5177,69.497,4.1,3
3.3517,126.8606,35.0,4.1,3
6.2464,125.6335,156.375,4.2,3
51.8281,159.8357,35.0,4.2,2
-10.2401,161.3778,84.234,4.3,3
59.7364,-153.1455,120.9,2.7,1
55.8412,162.4201,64.891,4.4,2
52.6886,160.3365,53.81,4.4,2
-60.1667,-62.2512,10.0,4.6,3
15.52,120.0935,59.843,4.7,2
-14.8362,-172.7856,10.0,4.9,3
52.7612,-167.8637,35.0,3.0,1
40.40283203125,-121.9691696167,10.239999771118,2.83,1
-33.9256,-178.3594,10.0,4.5,3
17.162,59.7289,10.0,4.3,2
-33.8138,-178.3053,10.0,4.2,3
-27.0844,-70.0839,68.743,4.5,3
-34.0182,-178.7328,10.0,5.4,3
-30.7202,-71.5158,37.151,5.6,3
67.6027,-145.4359,35.3,2.5,1
-60.1804,-62.1222,10.0,4.4,3
7.5345,126.8509,52.418,4.4,3
50.9407,158.5441,35.0,4.2,2
7.2572,141.5367,10.0,5.4,3
9.9182,-70.7624,10.0,4.5,3
36.6819,70.6415,270.252,4.2,2
-14.6335,168.3573,10.0,4.4,3
9.8723,-70.7667,10.0,4.4,3
51.6253,-178.6907,79.5,2.6,1
-9.0298,125.0407,33.611,4.4,3
38.5547,141.4848,87.939,4.4,2
11.0009,124.0083,10.0,4.5,2
11.2535,124.1286,10.0,4.6,2
-56.5087,-25.5725,29.391,4.4,3
7.1771,127.1755,10.0,4.9,3
-34.2208,-178.7285,10.0,4.6,3
10.5728,125.5362,10.0,4.6,3
13.788,39.897,10.0,4.4,3
51.49,159.893,10.0,5.0,2
47.9545,22.9676,10.0,4.3,2
-31.6731,76.4956,10.0,4.8,3
53.4639,160.0373,70.746,4.2,2
61.7294,-147.4562,27.0,4.0,1
25.4355,123.4903,182.82,4.1,2
-28.2547,62.7289,10.0,4.6,3
17.6975,-66.0265,34.36,2.5,1
51.0788,159.7821,10.0,4.1,2
54.5463,-159.9467,28.692,3.8,1
14.5065,-94.2808,10.0,4.0,3
-6.5808,129.754,143.866,4.4,3
19.0115,-66.9035,7.0,3.68,1
-17.6567,-71.6652,53.676,4.0,3
9.9979,126.0615,64.488,4.4,3
30.3969,138.2382,442.091,4.5,0
-26.5142,67.7492,10.0,4.5,3
10.3876,122.3063,10.0,4.5,3
-9.1425,125.9261,10.0,4.5,3
-6.2166,146.6114,63.989,4.6,3
37.712166666667,-113.0915,10.35,2.52,1
56.5079,-154.7976,12.3,2.5,1
-12.0045,166.5348,143.24,4.9,3
-6.7517,146.8788,97.822,4.7,3
14.0159,145.3686,109.345,4.3,2
13.8675,39.9046,10.0,4.3,3
31.65,-104.398,4.3054,2.9,1
31.652,-104.4,5.7153,2.8,1
51.8507,160.4148,10.0,4.4,2
-3.7124,153.9917,451.727,5.3,0
7.5507,127.2877,10.0,4.8,3
29.639,81.421,10.0,4.6,2
31.653,-104.4,5.8435,3.9,1
31.651,-104.394,4.9719,2.8,1
7.1993,127.1256,17.436,4.4,3
56.6019,-150.0205,10.0,3.2,1
7.1301,127.4999,56.38,4.1,3
7.3537,127.0636,48.251,4.8,3
7.4914,127.2912,10.0,4.9,3
-20.2302,-68.9489,96.916,5.2,3
19.8853,-109.4657,10.0,4.8,3
7.3146,126.873,50.518,4.5,3
52.4958,158.946,86.428,4.3,2
7.2744,126.6818,91.737,4.5,3
-12.7461,166.5623,130.729,4.6,3
-20.8173,-178.9283,482.157,3.9,0
36.646,71.1433,88.954,4.0,2
51.5332,159.6339,31.098,4.4,2
-6.2671,130.8945,119.258,4.2,3
53.1752,171.4114,44.019,4.2,2
30.9115,77.3908,15.386,4.4,2
-35.6554,-179.5727,10.0,4.6,3
-47.8744,116.028,10.0,4.4,3
43.7484,147.7571,87.924,4.4,2
13.8667,39.798,10.0,4.3,3
-6.4539,150.2984,10.0,4.2,3
61.6619,-146.1451,6.7,2.6,1
-35.6119,-179.602,10.0,4.4,3
5.7336,126.925,140.346,4.5,3
53.652,160.237,39.607,4.4,2
7.125,126.912,65.025,4.6,3
-4.5323,153.1886,95.17,4.6,3
37.429832458496,-121.2808303833,3.6199998855591,2.53,1
50.15,158.3772,10.0,4.2,2
28.615,-100.181,2.0906,2.7,1
62.763,-149.6381,53.8,2.7,1
51.0432,159.6352,10.0,4.2,2
-35.3543,-179.7076,10.0,4.1,3
-30.0468,-71.6739,33.23,4.2,3
31.66,-104.4,6.0999,3.2,1
13.0049,124.316,94.735,4.3,3
-6.543,129.9535,145.145,4.4,3
-21.9025,-68.6002,115.771,4.8,3
-22.4554,-113.227,10.0,4.6,3
56.8252,-33.9224,10.0,4.3,2
7.274,127.3608,10.0,4.3,3
53.6861,160.5009,50.581,4.8,2
44.9252,-73.4557,9.995,2.7,1
39.6117,139.4794,11.854,4.6,2
41.6379,81.5964,10.0,4.6,2
-18.301,-67.0377,266.728,4.1,3
7.2347,126.8781,75.993,4.4,3
-3.554,153.9602,400.002,4.2,0
7.3945,126.8399,56.684,4.9,3
7.2661,126.9284,77.954,4.7,3
7.4907,127.1824,10.0,4.0,3
7.6715,127.1779,35.0,4.4,3
7.4132,126.9917,38.697,4.4,3
7.3744,127.0611,35.0,5.5,3
13.9504,-91.2257,62.751,4.0,3
10.7983,123.9947,10.0,4.4,2
18.9995,-67.7185,14.44,2.92,1
7.0685,127.232,10.0,4.0,3
-21.1117,-69.0007,110.591,4.1,3
18.4641,-68.8663,116.0,3.91,3
43.8082,-105.3497,0.0,2.9,1
39.5908,142.0396,49.54,4.4,2
43.7548,-105.1763,0.0,2.8,1
43.4103,-126.8669,10.0,3.1,1
32.3361,-104.6442,6.568,3.4,1
-32.0649,-69.4448,112.926,4.6,3
50.779,156.9873,81.555,4.5,2
50.0803,156.8723,35.0,4.5,2
7.2329,127.01,10.829,4.2,3
49.1978,156.007,35.0,4.2,2
8.9324,-66.8932,8.446,4.3,3
60.1979,-153.7065,188.4,4.1,1
40.350833892822,-124.7371673584,20.430000305176,2.77,1
-19.1257,-174.6439,88.347,4.6,3
40.5602,-127.0386,10.0,3.1,1
51.4099,159.6206,31.562,4.5,2
58.9059,-138.6068,5.7,2.9,1
36.7989,74.5496,10.0,4.7,2
36.75366667,-101.854,5.0,2.66,1
7.0621,126.8812,66.09,4.5,3
-34.9561,-179.5571,10.0,4.6,3
7.2599,141.5991,10.0,5.9,3
-21.9912,-68.7137,117.67,4.3,3
-10.2715,161.2607,108.087,5.0,3
-21.0279,169.7037,116.658,4.5,3
-35.5235,-179.3541,10.0,4.8,3
18.5555,-64.6555,116.89,3.44,1
40.242000579834,-124.17683410644,12.800000190735,2.61,1
-7.253,114.1609,10.0,4.9,3
22.4404,94.5319,105.63,4.5,2
18.312666666667,-67.557333333333,14.39,3.07,1
-18.1101,167.5363,10.0,4.2,3
37.436832427979,-118.875,4.0599999427795,2.57,1
37.434501647949,-118.87999725342,6.4200000762939,2.57,1
38.6088,142.4483,46.216,4.7,2
55.4768,-158.6394,20.4,3.4,1
60.2202,-150.7827,45.9,4.2,1
-59.079,-25.4283,35.0,4.9,3
-35.5134,-179.4613,10.0,4.6,3
-30.6621,-71.8322,26.124,4.9,3
51.4382,159.1874,42.229,4.4,2
-30.6075,-71.801,28.474,4.4,3
48.8917,154.9013,60.257,5.5,2
51.0955,157.9959,55.324,5.1,2
18.932833333333,-64.791166666667,51.62,3.14,1
49.9068,157.5077,10.0,4.3,2
18.731,-67.291833333333,25.55,3.32,1
34.059,23.3056,35.0,4.0,2
-7.2296,120.4179,580.056,4.2,0
32.326,-101.082,7.9346,2.9,1
-9.2366,124.0695,76.421,4.2,3
-4.7491,122.6104,10.0,4.6,3
64.5477,-17.5269,10.0,4.4,2
18.918,-65.259166666667,23.82,3.21,1
-60.1188,-61.9218,10.0,4.6,3
19.374333333333,-67.383166666667,29.24,3.23,1
41.3728,144.3514,24.496,4.0,2
59.9394,-153.8897,203.4,2.7,1
55.8662,165.0013,10.0,4.3,2
57.0469,-33.8463,10.0,4.6,2
58.0959,-156.3064,0.7,2.6,1
57.0401,-33.7465,10.0,4.5,2
56.983,-33.5585,10.0,4.6,2
52.3619,159.9747,82.347,4.5,2
7.2969,127.3462,10.0,4.5,3
10.9522,123.9606,10.0,5.8,3
34.6185,23.485,55.866,4.5,2
-32.6288,-70.0705,115.751,4.5,3
18.39,-68.920666666667,108.58,3.33,1
7.2409,126.7015,74.077,4.6,3
-4.7353,122.6392,10.0,4.3,3
19.2368,-68.7333,41.0,3.69,1
19.5498,-68.829,34.0,4.07,3
57.4338,-153.1285,33.3,3.0,1
-17.9316,-178.5544,601.529,4.2,0
-16.726,-173.5381,77.373,4.2,3
5.6924,124.2808,35.0,4.3,3
33.7802,-38.1895,10.0,4.6,2
19.096,-64.666833333333,44.87,3.44,1
1.5579,126.9336,105.685,4.5,3
8.4486,126.9203,35.0,4.4,3
-45.8845,95.7899,10.0,4.6,3
-8.8521,123.4845,95.976,4.2,3
7.1339,127.3887,10.0,4.2,3
53.1157,161.4427,18.97,4.7,2
30.5334,103.2064,10.0,4.9,2
8.8689,127.1454,10.0,4.7,3
-45.9818,95.6026,10.0,4.4,3
42.6807,141.2242,130.202,4.3,2
32.336,-101.07,5.2734,4.3,1
38.662334442139,-119.57233428955,-1.3400000333786,2.83,1
-18.3872,-177.9354,566.911,4.0,0
49.1003,155.3503,93.959,4.1,2
37.0416,28.4821,10.0,4.4,2
42.2457,142.9953,61.849,4.6,2
76.0756,7.4191,10.0,4.9,2
60.5456,-149.4292,19.4,2.9,1
-2.5868,139.5463,38.597,4.6,3
-2.7234,139.3183,44.942,5.0,3
58.8931,-134.7828,0.8,3.0,1
-16.4482,167.2572,10.0,4.2,3
17.0924,-94.8289,130.741,4.8,3
7.1788,127.0606,28.985,4.6,3
53.1343,159.6823,65.679,4.4,2
60.7343,-148.9932,17.4,2.6,1
13.9765,40.0425,10.0,4.3,3
-5.1691,-80.8889,43.081,4.4,3
32.119,-101.922,8.9111,2.7,1
12.2738,144.4749,10.0,4.7,2
3.9343,126.68,43.357,4.4,3
-10.3795,-78.7742,60.716,4.5,3
51.5493,160.6557,10.0,4.4,2
49.0766,157.7863,10.0,4.3,2
13.8649,39.8597,10.0,4.5,3
13.8938,39.803,10.0,4.3,3
7.204,126.7151,73.404,4.5,3
7.371,126.8364,42.3,4.3,3
7.3731,127.2483,10.0,4.2,3
58.4957,-153.9702,87.3,2.7,1
43.8063,-105.2333,0.0,3.5,1
13.8424,39.8353,10.0,4.7,3
56.8317,-34.1766,10.0,5.0,2
7.6895,126.9736,35.0,4.9,3
-60.3942,-60.9559,10.0,4.9,3
60.6481,-147.3988,10.4,2.6,1
13.961,39.7515,10.0,4.8,3
13.774,39.9181,10.0,4.1,3
-60.2434,-61.0851,10.0,5.0,3
60.7086,-147.3961,13.8,3.5,1
-6.2847,130.3955,142.364,4.4,3
-33.038,179.8029,10.0,4.4,3
50.9205,-179.8346,35.0,3.4,1
7.124,127.1868,13.591,4.5,3
-60.2434,-62.6393,10.0,4.2,3
13.8613,39.7802,10.0,4.5,3
13.8064,39.8822,10.0,5.6,3
13.8273,39.9344,10.0,5.2,3
70.8709,-6.8151,10.0,4.2,2
-6.1681,149.9136,54.478,4.7,3
-31.5795,-178.113,10.0,4.9,3
31.1703,71.0285,10.0,4.6,2
8.9231,126.323,67.657,6.0,3
27.2348,127.639,94.251,4.1,2
10.5323,125.0956,209.062,4.5,3
51.0212,-179.8061,35.0,4.5,1
52.0356,158.6557,67.853,4.3,2
-56.2675,-26.4357,44.856,5.6,3
6.8587,127.0432,56.7,4.5,3
6.9436,127.1134,10.0,4.2,3
61.0335,-151.3746,57.1,3.1,1
50.2419,156.7337,48.0,5.8,2
7.2137,127.1816,10.0,4.2,3
7.4181,127.2014,12.696,4.2,3
18.784833333333,-65.461833333333,3.54,2.9,1
13.8169,39.7946,10.0,4.3,3
42.3727,-126.1099,10.0,2.7,1
6.8895,126.5782,104.756,4.1,3
7.1849,126.7605,82.936,4.3,3
40.685,-114.9237,0.2,2.6,1
52.5071,160.7335,35.25,4.2,2
7.2849,126.8271,31.0,5.5,3
51.7476,160.2983,10.0,4.5,2
-60.2192,-61.5746,10.0,4.6,3
15.2256,120.4215,126.217,5.0,3
37.235168457031,-119.53366851807,35.069999694824,2.51,1
34.0258333,-117.118,4.96,2.58,1
-3.1216,148.4702,10.0,4.9,3
53.9818,-165.018,77.82,3.7,1
36.093,-89.782833333333,9.73,2.92,1
-56.2003,-26.3886,51.03,5.5,3
61.2511,-141.0864,13.267,2.7,1
7.1153,126.9212,60.928,4.6,3
43.6121,-127.0444,10.0,3.0,1
-7.1165,114.0577,9.264,4.2,3
7.2402,126.7416,77.805,4.2,3
-56.3874,-27.8692,149.21,4.3,3
11.6672,141.4627,10.0,4.4,2
21.9665,143.3306,246.715,4.0,2
7.128,126.8718,35.0,4.5,3
7.41,127.2551,10.0,4.3,3
36.4648,141.2847,35.0,4.5,2
7.3415,127.3082,10.0,4.6,3
30.3738,138.5037,433.883,4.8,0
27.0929,103.5002,10.0,5.2,2
2.0301,127.9871,102.214,4.5,3
53.2897,159.6701,75.086,5.7,2
52.2002,161.3304,10.0,4.3,2
17.917666666667,-66.883,5.83,2.64,1
-23.6168,179.4271,568.898,4.5,0
52.329,161.0584,10.0,4.3,2
-60.2607,-62.2314,10.0,4.3,3
-6.9907,125.3891,503.495,4.4,0
-24.3492,179.7803,526.061,4.4,0
17.848,-66.855,14.15,2.57,1
6.9645,126.8824,65.492,4.7,3
6.8723,127.3013,10.0,4.1,3
-60.227,-61.8465,10.0,4.7,3
68.053,-155.4637,0.0,2.5,1
-60.0063,-62.7255,10.0,4.5,3
-59.7954,-61.7163,10.0,4.6,3
6.9068,126.7658,71.956,4.2,3
-6.2956,145.7287,133.674,4.4,3
-60.2981,-62.0072,10.0,4.6,3
-59.9445,-62.0278,10.0,4.7,3
43.7545,-105.2754,0.0,2.6,1
6.5928,127.2854,10.0,4.5,3
7.3896,127.0323,10.0,5.0,3
-60.075,-62.4621,10.0,4.8,3
41.6929,142.7123,58.888,4.3,2
-60.0705,-62.4539,10.0,5.4,3
-60.0663,-62.3619,10.0,5.7,3
-59.9755,-61.6371,10.0,5.0,3
7.3875,127.4028,10.0,4.1,3
-60.0289,-62.6546,10.0,4.6,3
-60.3848,-62.2424,10.0,4.9,3
7.1416,127.2749,12.944,4.8,3
-60.1875,-61.8164,5.639,7.6,3
-13.7044,-72.7506,10.0,4.6,3
6.8808,126.9341,60.081,4.6,3
18.3466,145.5573,501.167,3.9,0
7.3264,127.3499,15.686,4.5,3
42.4131,-126.2183,16.612,3.0,1
7.1992,127.0043,37.992,4.4,3
7.2316,127.2814,17.369,4.6,3
7.3345,126.9573,80.329,4.5,3
7.0629,126.8262,68.937,4.6,3
7.033,126.8861,59.313,4.7,3
6.8464,127.1456,28.659,4.6,3
13.0649,-59.509,47.429,4.4,3
17.4805,122.2981,10.0,4.7,2
7.378,126.6698,66.115,4.6,3
51.8592,158.1767,75.026,4.1,2
3.7923,126.6283,52.392,4.5,3
19.029833333333,-64.693,29.87,3.44,1
36.0379,70.5999,112.628,4.1,2
7.3415,127.3826,10.0,4.5,3
53.7756,-163.949,10.0,4.0,1
68.7489,-145.6679,0.0,3.1,1
27.2004,103.5081,10.0,4.9,2
65.8441,-37.7453,10.0,4.7,2
7.3532,127.2542,10.0,4.9,3
7.3616,127.4039,10.0,4.3,3
51.1918,175.2299,10.0,3.5,2
41.1432,-116.7667,6.5,2.6,1
7.4316,127.1295,10.0,4.9,3
7.6197,127.1421,10.0,4.4,3
7.0351,127.1939,10.0,5.1,3
7.3014,126.7542,95.82,4.3,3
7.1131,126.906,22.612,4.3,3
7.3364,127.0845,10.0,4.9,3
-55.2178,-29.0227,10.0,4.9,3
51.2113,159.4212,10.0,4.3,2
7.3513,127.4086,10.0,4.9,3
11.5731,141.6391,10.0,5.1,2
7.3002,127.1685,10.0,4.8,3
-17.063,-174.7695,177.133,4.3,3
51.5003,160.671,10.0,4.5,2
11.6193,141.6188,10.0,4.8,2
50.3065,156.5865,66.9,5.6,2
7.2127,126.6578,47.0,6.7,3
7.5619,127.1136,10.0,4.4,3
7.4288,127.2696,10.0,4.5,3
7.2233,127.4282,10.0,4.5,3
-17.7094,-178.6979,569.031,4.2,0
7.147,126.8402,64.234,5.0,3
7.159,126.739,79.427,4.3,3
-7.0057,129.5203,159.477,5.4,3
7.234,127.0011,64.971,5.1,3
49.472,155.8322,49.228,4.2,2
-33.7911,-178.5098,10.0,4.6,3
11.4783,141.6121,10.0,5.4,2
7.0462,126.9375,62.913,5.2,3
48.5102,155.027,57.12,4.1,2
7.2611,126.8583,85.434,4.3,3
7.1034,126.8568,74.471,4.2,3
7.2614,126.9935,77.33,4.9,3
7.2537,126.7561,83.196,4.5,3
6.9334,126.7674,70.003,4.3,3
-2.9061,147.72,10.0,4.4,3
19.107333333333,-64.588166666667,48.82,3.44,1
7.0967,126.9094,69.917,4.8,3
7.1976,127.2703,10.0,4.4,3
6.9145,127.3214,10.0,4.4,3
7.0926,126.901,62.976,5.2,3
7.1583,127.0591,57.386,4.7,3
17.7259,-100.5754,47.365,4.0,3
7.2411,127.0451,16.617,4.3,3
4.982,94.6883,60.668,4.5,3
6.9117,126.7893,72.923,4.9,3
13.1878,-87.852,171.484,4.6,3
-3.3941,149.0769,10.0,4.3,3
-5.1276,133.8264,10.0,4.6,3
7.18,126.9502,66.934,4.9,3
7.1636,127.2666,10.0,4.3,3
-3.3009,149.0342,10.0,4.8,3
6.8332,126.9556,73.342,5.1,3
6.8257,127.1219,58.864,5.2,3
-3.22,148.9694,10.0,5.1,3
54.4864,-160.146,32.103,4.6,1
7.4663,127.078,10.0,4.2,3
-2.1214,101.9667,180.669,4.5,3
7.4839,127.4446,10.0,4.3,3
7.1303,127.2153,10.0,4.4,3
7.0282,126.8129,86.178,4.5,3
36.0355,-117.7805,2.79,2.83,1
-6.2888,130.1974,132.01,4.3,3
6.6892,126.6242,101.687,4.4,3
7.1823,127.0935,59.256,4.4,3
7.1631,127.1404,54.048,4.4,3
7.3,126.8057,61.538,4.8,3
7.073,126.8243,72.22,5.5,3
7.1713,126.8099,81.491,4.9,3
7.0448,126.811,89.635,4.8,3
31.4156,99.7785,10.0,4.3,2
6.9211,127.1224,35.0,4.9,3
-7.2941,102.6093,10.0,4.8,3
7.1966,126.6411,96.18,4.4,3
-3.4207,148.8309,10.0,4.6,3
7.088,126.5977,91.061,4.6,3
6.9417,127.0141,33.488,4.3,3
7.3879,126.8149,71.064,4.9,3
-24.2133,-177.1467,149.568,4.9,3
7.0145,126.7102,67.847,5.6,3
7.1728,126.9407,58.939,4.8,3
6.9385,126.922,71.363,4.6,3
-3.0764,147.9714,10.0,6.3,3
7.0236,126.7129,86.703,4.5,3
7.0654,126.8348,63.43,5.9,3
7.2686,126.7211,68.117,5.3,3
6.9709,126.7077,81.914,5.3,3
7.2866,126.6902,59.425,7.4,3
18.108166666667,-67.471166666667,16.36,2.69,1
18.5245,93.682,10.0,4.8,2
43.5249,-127.3988,10.0,3.1,1
32.119,-101.925,8.9355,2.8,1
-34.1416,-179.4671,45.862,4.0,3
18.9279,145.5098,196.688,3.9,2
-6.5222,147.7812,67.214,3.8,3
-62.9467,-157.8567,10.0,4.6,3
32.1673333,-116.3533333,8.94,2.58,1
-3.7295,142.0765,26.072,4.6,3
-15.3106,167.5238,144.522,4.8,3
41.195,-116.7188,8.2,2.8,1
64.756,-146.9448,9.1,2.9,1
43.6492,-105.3693,0.0,3.1,1
31.654,-104.398,6.4694,2.6,1
39.1606,-119.0317,11.6,2.5,1
32.119,-101.925,8.3269,3.1,1
51.4435,159.1498,25.927,4.6,2
32.1266,-103.7145,10.046,2.5,1
-52.149,14.7784,10.0,4.3,3
-52.2527,14.3795,10.0,5.4,3
-20.746,-178.7006,600.135,4.5,0
-52.099,14.4853,10.0,5.1,3
51.5046,160.7771,10.0,4.2,2
59.8926,-153.1809,131.7,2.6,1
51.6683,158.2328,56.51,6.1,2
-33.9048,-178.86,10.0,5.1,3
-60.1812,-47.4192,10.0,4.6,3
32.9751667,-115.5868333,11.49,2.59,1
17.906333333333,-66.901833333333,13.79,2.57,1
49.5805,155.2961,92.286,4.4,2
66.872,-163.4454,2.301,2.5,1
61.6103,-149.8887,38.1,3.7,1
19.060833333333,-65.374166666667,72.97,3.38,1
19.7805,-156.0655,40.52,2.71,1
-14.7719,167.6181,158.433,4.0,3
36.8737,75.5702,10.0,4.4,2
18.726166666667,-64.095833333333,21.07,3.4,1
56.1495,-157.5834,69.7,2.6,1
30.8371,99.9943,10.0,4.5,2
53.2112,159.6819,79.935,4.4,2
30.8826,99.8979,10.0,5.5,2
3.3383,-82.799,10.0,4.4,3
-30.8917,-67.0986,39.994,4.0,3
44.799666666667,-110.8565,7.7,2.72,1
43.0205,150.1351,10.0,4.4,2
16.1256,120.6539,10.0,4.7,2
-17.8401,167.764,35.0,4.6,3
52.7006,159.9161,45.796,4.4,2
-13.0448,166.3041,14.444,4.5,3
47.567666666667,-123.2985,44.86,2.84,1
25.5525,126.5824,25.156,4.4,2
-19.2913,168.7825,14.851,4.5,3
66.7939,-163.4572,17.004,3.1,1
66.8896,-163.8353,14.264,2.9,1
-52.3658,14.5581,10.0,4.6,3
19.8745,121.273,25.101,4.6,2
39.2779,29.0756,14.878,4.9,2
38.4653,-116.4701,7.7,3.3,1
59.7684,-138.7833,2.9,2.7,1
48.7197,156.0922,10.0,4.4,2
60.0203,-151.9657,84.1,2.5,1
59.8012,-138.8317,0.0,3.1,1
51.5723,-175.2526,35.0,4.4,1
53.1046,160.1326,58.789,4.6,2
52.8525,159.1009,77.125,4.9,2
11.8935,-70.6363,76.14,4.4,3
-23.3204,171.4504,10.0,4.5,3
20.027833333333,-155.81083333333,23.26,3.35,1
-24.2488,-67.0065,168.832,4.2,3
-6.8261,146.9044,103.358,4.3,3
61.6848,-152.3695,1.6,2.6,1
53.3261,160.5689,54.316,4.3,2
55.6746,-153.8839,10.1,3.3,1
51.5167,159.7543,39.234,4.2,2
19.2245,-155.3535,29.71,2.7,1
-26.8882,-176.4787,56.245,4.4,3
19.6703,122.4804,171.669,4.1,2
50.6818,157.4806,79.903,4.4,2
34.0091667,-116.4056667,7.06,2.59,1
13.8974,-92.0185,36.506,4.6,3
37.436164855957,-118.87716674805,7.0100002288818,2.65,1
50.1735,88.1714,10.0,4.2,2
13.7787,-92.0833,10.0,5.0,3
38.3833,72.3576,10.0,4.4,2
-2.0359,120.6836,10.0,4.2,3
-23.4268,170.8657,10.0,4.6,3
38.642665863037,-119.74549865723,-1.6399999856949,2.69,1
36.574333190918,-121.19866943359,7.0900001525879,3.19,1
19.1415,-64.722833333333,21.98,3.35,1
36.0796,21.0918,50.162,4.4,2
51.0138,157.2677,83.555,4.6,2
-4.2717,102.1788,52.473,4.9,3
40.328833333333,-111.319,9.2,2.75,1
59.4909,-152.8125,94.0,4.0,1
19.0576,-64.7945,21.0,3.49,1
19.055333333333,-64.748333333333,24.82,3.41,1
5.0984,123.5765,569.866,4.3,0
57.1138,-156.7829,0.0,2.5,1
-5.5332,152.3009,10.0,4.5,3
-0.5857,128.0874,10.0,4.7,3
18.901,-64.6381,69.0,3.7,1
60.3265,-153.5541,176.9,2.6,1
60.5867,-147.5723,15.9,2.5,1
36.2555,70.3779,94.472,4.3,2
-57.744,-24.2683,10.0,5.6,3
52.3417,161.3744,10.0,4.3,2
23.4799,122.1194,19.915,4.4,2
29.7666,143.1416,10.0,4.3,2
34.5893,70.7443,10.0,4.3,2
-22.0836,-179.6096,606.969,4.3,0
53.3625,161.0232,35.0,4.5,2
52.1406,-168.5339,28.671,3.8,1
27.1766,143.1584,10.0,4.1,2
53.3544,160.9044,36.877,4.6,2
23.9447,121.5836,10.0,5.1,2
56.3496,-156.5842,36.7,3.1,1
31.656,-104.453,5.6384,2.5,1
52.2578,159.4085,55.346,4.5,2
50.2942,157.6672,35.0,4.4,2
51.8319,162.3975,10.0,4.2,2
31.669,-104.351,6.0999,2.6,1
-15.9688,-75.4697,10.0,4.5,3
58.22,-150.7654,37.4,3.3,1
-4.0746,126.6944,262.171,4.3,3
-15.5734,168.1814,10.0,5.7,3
51.9854,160.4228,39.875,4.3,2
35.474,-115.5331667,-1.27,2.64,1
-14.6133,166.2198,10.0,4.1,3
29.2241,129.3659,10.0,5.3,2
-14.0948,-72.9983,87.557,4.2,3
17.979333333333,-67.117833333333,10.8,3.01,1
62.9445,-156.2981,4.5,3.4,1
48.255,154.3649,72.511,4.1,2
22.7731,143.4107,91.2,4.1,2
18.1211,40.2081,10.0,4.4,3
56.598,-153.2105,128.6,2.6,1
-33.8511,179.4121,138.898,4.0,3
-21.7005,-179.0911,580.532,4.2,0
-33.7203,-178.7744,10.0,4.7,3
38.4512,-116.5062,5.6,2.9,1
-20.6634,-177.6645,548.856,4.2,0
-9.1139,123.9199,94.87,4.2,3
38.4647,-116.4966,5.9,2.6,1
37.414501190185,-121.76333618164,7.6500000953674,2.68,1
52.1233,160.7377,24.586,4.1,2
-6.4239,146.8437,47.489,4.6,3
41.1961,-116.7095,8.8,3.4,1
37.2837,69.6738,10.0,5.1,2
-6.7359,146.8404,98.0,6.6,3
-49.1975,125.0948,10.0,4.4,3
17.848,40.1509,10.0,4.4,3
17.8001,40.1464,10.0,4.6,3
38.4461,-116.5163,6.0,3.47,1
38.4442,-116.4899,5.9,3.0,1
38.461,-116.4927,6.8,3.0,1
40.284999847412,-124.45133209228,9.2200002670288,2.51,1
18.7861,-46.1404,10.0,4.6,3
37.6711,144.2268,10.0,4.3,2
-30.6608,-71.6774,21.946,4.2,3
19.0783,-64.9566,39.0,3.56,1
19.294,-64.8323,90.0,3.8,1
65.4001,-162.7566,10.0,2.7,1
17.8256,-66.8645,7.0,3.57,1
27.3577,127.3827,132.756,4.5,2
10.1544,126.4282,42.521,4.9,3
37.2705,-114.529,2.7,2.5,1
5.5018,126.3808,94.639,4.9,3
45.1009,149.5681,88.928,4.7,2
17.809333333333,-66.855833333333,7.76,2.56,1
17.813666666667,-66.856,11.86,2.5,1
17.814833333333,-66.857333333333,7.52,2.71,1
17.839,-66.8556,11.0,3.69,1
51.9389,160.1249,35.0,4.2,2
37.7023,144.0108,10.0,4.6,2
19.247,-64.6635,23.0,3.99,3
10.9381,124.1069,10.0,4.3,2
-0.4711,-80.281,38.23,4.4,3
37.6266,144.1385,10.0,4.4,2
37.692,144.136,10.0,4.7,2
-29.6809,-177.2747,35.0,4.7,3
37.5736,141.2916,57.767,5.1,2
-56.5041,-26.4071,57.704,4.4,3
51.3567,160.5658,10.0,4.3,2
51.5486,160.6171,10.0,4.3,2
10.025,122.1956,10.0,4.9,3
3.3731,127.3749,35.616,4.7,3
19.274,-155.3735,31.56,2.57,1
17.8245,-66.849166666667,11.94,2.61,1
19.113,-64.703,20.07,3.44,1
18.4625,-68.8795,116.53,3.22,1
34.488,-118.6901667,17.26,2.64,1
-45.609,-77.4545,10.0,4.5,3
-17.9965,-178.482,587.926,4.3,0
19.360833333333,-64.933,8.33,3.41,1
52.1061,160.6091,10.0,4.2,2
57.6258,-155.3649,3.0,2.6,1
56.4972,121.0314,10.0,4.0,2
28.76,-98.462,8.5808,2.5,1
36.038665771484,-119.84850311279,16.360000610352,2.52,1
51.1,159.3869,25.837,4.3,2
27.242,140.1716,451.332,4.1,0
51.4898,159.6164,28.205,4.9,2
19.293666666667,-64.949833333333,33.34,3.3,1
19.376833333333,-64.949666666667,25.49,3.4,1
19.3925,-64.928,25.22,3.31,1
52.3385,159.7178,35.0,4.3,2
37.855,144.1509,10.0,4.7,2
-17.5347,-178.4236,530.45,4.4,0
-55.6954,-123.2959,10.0,4.4,3
52.4625,160.4409,43.863,4.2,2
52.3745,160.2524,35.0,4.3,2
52.4099,160.3388,20.568,5.0,2
-8.0884,148.55,44.315,4.9,3
37.7624,144.1926,10.0,4.3,2
31.2772,-116.1453,9.456,3.7,1
19.0973,-64.7031,8.0,3.59,1
19.4393,-109.1231,10.0,4.2,3
37.8218,144.3154,10.0,4.5,2
-55.9869,-123.8004,10.0,4.5,3
51.5089,-172.8256,16.588,3.5,1
-55.5579,-123.8334,10.0,4.3,3
37.692,144.1293,10.0,4.9,2
36.504,70.8658,187.072,4.0,2
-24.7739,179.7681,513.574,4.1,0
37.7919,144.1058,11.08,4.9,2
11.9552,143.8021,10.0,4.4,2
19.021833333333,-64.7455,20.0,3.42,1
45.4331,151.2025,63.292,4.4,2
2.1109,128.2193,157.77,4.4,3
-21.1011,175.5205,581.934,5.6,0
18.777,-64.6875,20.03,3.43,1
-22.2626,-179.5415,603.486,4.5,0
36.7989,75.6136,10.0,4.4,2
43.9808,13.3879,10.0,4.9,2
0.8821,92.7848,10.0,4.8,3
-31.2609,-71.4682,22.366,4.3,3
19.2483,-64.8136,68.0,3.6,1
53.2307,160.8716,35.0,4.7,2
40.735500335693,-123.2945022583,24.60000038147,2.55,1
49.1392,156.1917,74.573,4.5,2
0.9388,126.2358,35.0,4.6,3
-32.1903,-178.7721,27.978,4.9,3
6.0445,123.6804,556.761,4.3,0
13.3398,-44.6913,10.0,5.0,3
-5.0387,151.1614,183.341,4.4,3
13.6765,144.9615,141.135,3.7,2
19.012,-67.597333333333,69.11,3.22,1
14.7132,147.2185,10.0,4.8,2
44.605,149.1421,35.0,4.6,2
1.1208,97.0034,10.0,4.0,3
50.2399,156.8558,57.734,4.5,2
11.1252,141.6346,10.0,4.1,2
11.139,124.3068,10.0,4.4,2
36.5348,70.9788,172.077,4.2,2
-33.3548,-70.2052,8.845,4.2,3
43.4049,155.14,10.0,4.5,2
-20.6707,-175.1802,97.824,4.6,3
52.6444,160.4965,35.0,4.3,2
2.1987,127.078,57.06,4.8,3
42.1582,71.2883,10.0,4.9,2
-3.6257,151.5576,10.0,4.4,3
39.5044,-99.3104,7.021,2.8,1
-56.2384,-27.361,105.506,4.4,3
-23.4303,179.0358,559.959,4.6,0
-3.9128,151.3523,10.0,5.1,3
-22.4798,173.5484,10.0,4.3,3
32.2359,-104.6176,5.621,2.5,1
52.6868,161.3702,10.0,4.1,2
14.904,108.1502,10.0,4.7,2
40.505001068115,-124.87249755859,13.960000038147,2.63,1
51.3742,-176.8721,33.9,2.7,1
18.0876,-66.1621,17.0,2.85,1
4.6048,125.008,10.0,4.9,3
51.4156,159.6442,10.0,4.8,2
51.2456,160.0204,10.0,4.4,2
51.4361,159.5026,35.0,5.0,2
42.9957,144.5661,121.102,4.1,2
19.3861,-67.3853,46.0,3.56,1
51.4563,159.6253,16.453,5.0,2
-30.5725,-178.1479,89.964,5.0,3
71.1097,-7.8105,10.0,4.6,2
25.0849,141.6249,10.714,4.2,2
-25.1872,-179.0818,391.864,4.4,0
13.4135,144.6427,84.047,4.4,2
30.2805,66.145,10.0,4.9,2
34.3203333,-116.8558333,6.66,2.6,1
53.2472,159.8401,68.333,4.6,2
1.801,127.6136,132.222,4.1,3
34.32,-116.854,6.07,2.5,1
17.922833333333,-66.804666666667,9.25,2.51,1
71.2081,-7.832,10.0,4.8,2
14.8034,108.2447,10.0,4.2,2
18.805666666667,-66.690833333333,90.97,3.01,1
19.861166666667,-156.6065,32.75,2.56,1
61.4109,-140.4896,12.151,4.6,1
-0.3936,125.2219,40.671,4.6,3
33.027,-116.302,6.53,2.58,1
34.3211667,-116.857,5.22,3.47,1
3.5734,127.9185,143.192,4.7,3
-17.6708,-178.9722,546.798,4.4,0
-20.4455,-177.7273,466.653,4.2,0
34.321,-116.856,6.2,3.29,1
18.101833333333,-67.733333333333,53.1,3.2,1
44.5674,-112.2197,8.227,2.9,1
51.0769,178.8163,17.521,4.2,2
71.2347,-7.8738,10.0,5.2,2
53.2545,159.9288,55.409,4.4,2
52.1429,179.7058,173.056,3.8,2
35.9579,-10.1769,10.0,4.0,2
42.5603,141.8573,124.639,4.3,2
34.321,-116.8563333,5.6,3.27,1
-41.2041,81.0679,10.0,4.4,3
53.2862,159.8009,60.403,5.1,2
1.2364,128.4832,10.0,4.0,3
29.3459,129.6897,10.0,4.1,2
48.8182,156.1932,10.0,4.4,2
48.8248,155.9886,10.0,4.5,2
-8.3941,148.9013,66.558,4.9,3
-14.1033,-76.0927,10.0,4.4,3
52.4429,158.8405,93.032,4.4,2
37.3638,145.058,10.0,4.2,2
6.7319,-72.9942,168.406,4.3,3
11.1466,124.1035,10.0,4.5,2
51.8378,159.4512,52.802,5.0,2
51.5736,-179.5005,79.37,4.2,1
18.1246,119.8944,10.0,5.1,2
18.9638,-67.812,66.0,3.72,1
52.3274,161.0499,10.0,4.5,2
48.8345,156.441,17.479,5.1,2
51.9532,159.9244,44.555,4.5,2
-14.9255,166.8102,45.042,4.3,3
18.9256,-68.3253,90.0,3.61,1
7.3775,-78.0484,10.0,4.5,3
50.6407,157.067,69.815,4.4,2
53.4336,-165.8828,52.524,3.7,1
39.3432,72.9033,10.0,4.1,2
53.2008,159.8389,56.502,4.1,2
48.7042,154.5701,69.608,4.3,2
-20.9122,-179.1043,655.017,4.1,0
10.5436,-84.9311,10.0,4.7,3
23.6208,100.6849,10.0,4.4,2
-30.3532,-69.1484,112.997,4.3,3
10.575,92.8178,58.539,4.5,3
-35.5931,-104.0645,10.0,4.9,3
-25.0419,-70.5012,41.399,4.5,3
52.0443,159.5168,70.899,4.2,2
51.7739,160.9882,10.0,4.3,2
19.257166666667,-64.605333333333,29.17,3.4,1
-41.0706,81.0764,10.0,4.7,3
-41.223,80.6611,10.0,4.5,3
11.2197,124.411,10.0,4.3,2
-7.1603,129.3383,144.716,4.2,3
-18.6178,-177.9971,530.181,4.9,0
51.0993,-179.8077,10.787,3.2,1
-33.8851,-179.2063,41.327,4.2,3
43.7924,-105.347,0.0,3.0,1
9.2996,125.3861,10.0,4.5,3
-49.016,126.6246,10.0,4.2,3
52.6959,161.0926,23.229,4.6,2
51.6378,160.0753,10.0,5.2,2
28.2707,64.1769,40.876,4.5,2
-17.1129,-178.7501,561.183,4.0,0
19.165166666667,-67.807166666667,10.69,3.41,1
62.1368,-148.0742,21.8,2.6,1
37.4213,141.5524,54.164,5.9,2
18.799833333333,-65.578333333333,6.25,3.08,1
39.7192,142.2656,56.172,4.4,2
19.5733,-109.1535,10.0,3.8,1
51.3888,161.0745,10.0,4.5,2
60.758,-148.3308,8.8,3.0,1
44.5954,-112.2195,13.65,2.6,1
-21.9023,-68.6363,121.478,4.2,3
36.275,-97.5015,7.82,2.66,1
-16.4915,-173.5353,38.097,4.1,3
-33.5175,-178.8855,39.498,4.0,3
10.8819,123.8845,10.0,4.6,2
-4.605,144.8992,205.996,4.2,3
10.9009,123.9271,10.0,5.0,3
11.3373,124.9087,10.0,4.3,2
10.7584,123.7973,10.0,4.4,2
8.3588,-103.8947,10.0,5.5,3
18.9856,-68.9797,6.898,3.0,1
44.5689,-112.2196,9.871,2.7,1
51.9743,159.0236,64.883,4.4,2
51.9108,160.235,35.0,4.3,2
53.0254,161.2413,35.0,4.4,2
6.2706,-82.7069,10.0,4.5,3
45.6434,151.3687,44.634,4.5,2
50.4602,157.1083,64.293,4.4,2
51.6919,159.1226,57.526,4.3,2
41.7453,141.3621,122.029,4.2,2
51.5661,159.8085,10.0,4.6,2
52.0304,159.1178,85.696,4.4,2
39.2754,28.8874,10.0,4.1,2
18.769,-64.2787,35.0,2.8,1
17.925,-67.197166666667,8.16,2.51,1
32.7003,140.906,64.038,4.4,2
-59.5911,-26.2155,58.179,4.6,3
48.4089,154.165,82.888,4.6,2
44.0321,142.3158,211.856,4.1,2
-63.3613,-159.6281,10.0,4.4,3
51.7133,159.8842,10.0,4.6,2
-1.6228,99.6909,37.364,4.6,3
49.7634,155.8637,77.256,4.2,2
51.6758,159.2119,61.022,4.4,2
10.2691,126.4581,34.022,4.9,3
51.4,159.3712,35.0,4.5,2
52.2423,160.7205,30.895,4.2,2
9.2951,126.4547,39.783,4.6,3
51.4208,159.4621,34.596,4.5,2
51.6346,159.4151,38.24,4.9,2
50.5238,156.6281,82.242,4.1,2
40.39400100708,-121.96966552734,5.1300001144409,2.85,1
51.4568,159.8744,10.0,4.3,2
-4.2743,152.6823,62.317,4.7,3
51.5181,159.8462,17.814,5.2,2
28.3293,64.1317,41.877,4.9,2
29.1445,57.9672,10.0,4.4,2
51.6694,159.5667,23.546,4.6,2
51.7136,160.1103,24.263,4.3,2
51.8183,159.6808,54.618,4.3,2
-10.466,161.2937,72.158,4.7,3
45.0199,9.2998,27.129,3.0,1
51.912,159.6371,61.6,4.4,2
51.6601,159.5591,49.554,4.3,2
-19.3445,169.4247,255.669,4.7,3
-10.8595,165.5733,35.0,4.7,3
52.1311,158.6807,87.443,4.8,2
-33.8345,-179.1911,49.256,4.3,3
-7.5009,127.584,158.81,4.3,3
51.4172,159.6107,28.721,4.2,2
51.8781,159.5286,63.249,4.5,2
51.4224,159.5498,35.0,4.4,2
-33.6586,-178.7207,10.0,4.4,3
-17.4863,-179.0531,550.909,4.2,0
51.29,159.761,10.0,4.3,2
50.8083,159.4247,10.0,4.3,2
51.4199,159.6794,37.108,4.4,2
-27.1801,-177.7645,10.0,4.2,3
51.6595,159.753,10.0,4.7,2
-33.5996,-178.5892,15.196,5.2,3
1.9937,126.618,46.143,4.6,3
51.8472,159.4575,59.483,5.0,2
51.7149,159.7649,10.0,4.3,2
51.8908,160.0848,10.0,4.7,2
52.0477,158.9287,10.0,4.7,2
51.2849,160.1205,10.0,4.8,2
51.7655,160.5687,10.0,4.9,2
51.2975,159.674,10.0,5.0,2
51.6275,159.9083,19.0,6.1,2
45.4798,151.4646,38.589,5.1,2
14.0921,145.3085,129.456,4.7,2
13.5318,-61.2471,139.248,4.8,3
-9.3275,159.6151,48.813,4.5,3
52.5602,159.2722,50.646,4.7,2
44.5139,149.9309,10.0,4.4,2
40.40950012207,-121.97383117676,10.010000228882,3.36,1
31.721,-104.535,4.2029,2.9,1
31.718,-104.531,4.613,2.5,1
-3.0811,101.266,61.92,5.1,3
10.3723,-86.6196,20.34,4.3,3
54.6408,165.7863,10.0,4.2,2
54.4343,165.77,10.0,4.6,2
52.1532,160.3244,29.982,4.4,2
49.5402,-28.3373,10.0,4.5,2
33.2655,-116.6125,17.0,3.18,1
44.4951,150.1575,10.0,4.2,2
51.3398,159.7075,10.0,4.2,2
19.079666666667,-64.718666666667,23.81,3.16,1
28.2336,-43.682,10.0,4.3,2
52.1774,160.103,32.47,4.5,2
18.446,-64.015333333333,148.22,3.44,1
19.1805,-155.485,29.53,3.86,1
52.0699,160.165,27.4,4.4,2
52.1694,160.0339,35.0,4.4,2
37.3914,141.0693,73.977,4.6,2
-2.9038,136.2918,10.0,4.9,3
52.0812,160.2479,16.495,5.3,2
-3.033,136.2627,10.0,5.1,3
51.5172,159.2225,55.549,4.2,2
-2.9284,136.3199,10.0,4.6,3
63.7398,-149.2593,5.1,2.5,1
28.2717,-43.944,10.0,4.9,2
28.2537,-43.7754,10.0,5.1,2
-20.8813,-178.7919,591.294,4.4,0
1.5682,122.9767,10.0,4.6,3
44.5733,-112.2037,10.0,2.5,1
35.5223,139.9827,106.374,4.5,2
34.8189,140.1285,51.969,4.4,2
44.5631,-112.2439,10.0,3.8,1
-24.0238,-175.2311,10.0,5.2,3
27.037,111.492,10.0,4.6,2
47.0041,153.0548,46.818,4.6,2
51.3272,158.5545,40.888,4.6,2
-3.1168,136.2347,10.0,4.0,3
38.4938,-116.4784,9.0,2.6,1
1.9897,-102.1989,10.0,4.8,3
40.6284,-109.5071,0.0,3.1,1
-2.9425,136.3261,10.0,4.4,3
41.1997,-116.6757,11.1,2.7,1
-3.1055,136.3208,10.0,5.3,3
1.7337,-102.3149,10.0,4.3,3
11.0024,124.2384,10.0,5.3,3
-5.481,151.806,47.426,4.5,3
44.1613,17.5248,10.0,3.7,2
-27.0643,-63.3875,559.2,5.7,0
2.8162,-101.4942,10.0,4.4,3
2.8493,-101.4716,10.0,4.4,3
33.8719,52.9715,10.0,5.0,2
43.6665,-105.3239,0.0,3.2,1
-21.2977,-69.0694,105.016,4.3,3
52.8477,161.1145,10.0,4.9,2
60.4811,-151.0348,35.0,2.5,1
-24.1271,-179.9117,527.763,4.4,0
-38.5674,175.6741,151.908,4.1,3
51.5988,159.9383,10.0,4.7,2
-22.836,171.1579,10.0,4.7,3
-18.0077,-177.975,625.129,4.4,0
52.0637,-166.2746,10.0,3.2,1
-14.4674,65.7235,10.0,4.4,3
-14.4123,65.9865,10.0,4.5,3
51.4151,158.9348,55.299,4.3,2
37.9075,144.0712,10.0,4.5,2
-30.4077,-177.7535,35.0,4.2,3
57.6457,-155.3449,1.4,3.1,1
0.5213,-79.9972,12.915,4.3,3
-15.732,-171.3705,10.0,4.6,3
53.255,159.8222,66.188,4.4,2
-15.2005,167.4934,156.967,5.0,3
54.5626,-159.8862,42.029,3.5,1
55.8901,-157.1033,76.3,2.9,1
40.7641,27.9515,10.0,5.0,2
51.602,159.7578,10.0,4.6,2
34.9601,104.6772,10.0,4.6,2
-30.6076,-71.8337,25.0,5.4,3
57.9294,-153.1934,35.3,2.6,1
53.5281,153.7868,469.656,4.3,0
51.0789,159.5782,10.0,4.3,2
11.2248,124.0851,10.0,4.7,2
52.4459,160.6624,10.0,4.3,2
52.2949,160.6674,10.0,4.7,2
51.2193,159.4062,40.937,4.6,2
58.6208,-30.981,10.0,4.6,2
19.9514,121.3212,10.0,4.7,2
40.9821,78.1345,10.0,4.3,2
57.63,-155.4025,3.9,4.6,1
63.1661,-150.8149,125.3,2.8,1
-15.8876,166.5681,10.0,4.3,3
40.960166931152,-123.34266662598,29.430000305176,2.77,1
53.4127,159.9214,60.906,4.2,2
19.181,-155.48933333333,30.87,2.76,1
57.6269,-155.3731,0.0,2.6,1
36.5488,76.8831,10.0,4.3,2
51.4297,159.7233,20.16,4.4,2
19.533333333333,-156.43183333333,7.12,2.75,1
19.245833333333,-155.326,27.33,3.43,1
45.6417,-113.6037,23.517,3.4,1
10.7212,123.692,10.0,4.5,2
51.6154,160.1319,10.0,4.5,2
29.0247,86.7789,10.0,4.3,2
28.4002,139.5299,429.727,4.2,0
37.8913,144.1022,10.0,4.3,2
52.3759,-175.802,222.406,3.9,1
52.2802,160.6657,25.442,4.3,2
53.163,161.1998,28.18,4.0,2
52.6519,161.2474,10.0,4.2,2
54.5078,-159.6655,33.73,3.6,1
51.3039,159.5142,10.0,4.2,2
11.2757,124.1791,10.0,4.3,2
59.823,-150.8455,35.0,3.5,1
33.4025,142.3802,10.0,4.5,2
-2.9393,137.2052,60.199,4.1,3
-15.8655,-72.0021,10.0,4.2,3
12.1522,-86.4944,162.058,4.3,3
37.4074,66.2685,10.0,4.3,2
38.0037,143.8548,10.0,4.5,2
58.9715,-31.6029,10.0,4.4,2
58.8008,-31.4532,10.0,4.9,2
58.8913,-31.5493,10.0,4.8,2
11.203,124.0679,10.0,4.7,2
-29.6153,-72.058,21.928,4.3,3
48.2839,154.3139,53.519,4.7,2
69.5244,-142.2837,7.444,2.5,1
38.7185,141.8614,74.621,4.4,2
10.9333,124.1065,10.0,5.1,3
11.0423,123.8836,10.0,4.5,2
53.1058,160.1384,54.452,4.5,2
-7.322,128.3436,146.835,5.6,3
48.3799,153.2322,140.478,4.2,2
51.6371,-172.6054,35.0,3.7,1
10.8473,123.9065,10.0,4.8,3
52.4527,159.6584,71.679,4.3,2
58.8296,-31.3641,10.0,4.7,2
11.3109,-86.9375,35.0,4.9,3
32.184,-101.189,7.251,2.6,1
52.4876,160.7322,27.944,4.4,2
-8.8055,123.6584,106.656,4.3,3
53.2219,160.4758,38.316,4.4,2
61.2669,-152.3037,119.2,2.9,1
10.9745,123.8122,10.0,4.6,2
41.1781,-116.734,8.7,3.0,1
54.5414,-159.9198,20.655,4.1,1
11.1406,124.1708,10.0,4.2,2
18.071833333333,-68.309666666667,46.99,3.44,1
-24.8059,-13.5075,10.0,4.6,3
60.3878,-143.1626,9.7,2.6,1
-47.873,116.225,10.0,4.1,3
10.8263,124.139,10.0,4.4,2
24.7683,66.3744,10.0,4.2,2
-8.2166,118.1282,174.854,4.8,3
42.1998,80.6965,10.0,4.4,2
41.1499,-116.7348,10.1,2.8,1
41.7464,142.7489,57.814,4.2,2
37.6443,20.8097,10.0,4.3,2
17.0167,-85.6812,10.0,4.6,3
-6.7181,144.0785,10.0,4.7,3
-16.0602,-69.2375,245.242,4.0,3
53.513,160.8756,35.0,4.1,2
57.1111,-157.4708,2.7,2.5,1
61.4623,-150.4837,55.1,2.6,1
-30.6419,-177.583,9.38,5.2,3
11.1563,123.9487,10.0,4.5,2
-6.4242,128.1732,381.771,4.0,0
52.0204,159.5786,71.934,4.4,2
53.0303,-167.5445,81.712,3.7,1
10.8431,123.8854,10.0,4.3,2
-21.3173,-69.0109,103.493,4.2,3
10.9002,123.9972,10.0,4.3,2
11.0619,124.216,10.0,4.6,2
-49.547,125.2004,10.0,4.3,3
-5.6574,-11.5415,10.0,4.7,3
11.137,123.9683,10.0,4.7,2
11.1638,124.1068,10.0,4.6,2
-24.5474,179.7944,549.705,4.5,0
-23.1971,-175.1895,10.0,5.1,3
11.4114,124.4013,10.005,4.4,2
-7.2685,114.1349,10.0,4.4,3
32.077,-103.718,7.4713,3.1,1
-7.2032,114.1844,19.498,6.0,3
10.9489,124.1902,9.929,4.7,2
21.6082,143.0361,314.38,4.1,0
51.6152,159.8164,29.223,5.0,2
11.1529,124.24,10.0,4.9,3
11.2615,124.0555,10.0,4.5,2
10.8902,123.9522,10.0,4.6,2
10.7493,123.9835,10.0,4.7,3
11.1155,124.2808,10.0,4.5,2
10.8708,123.8986,10.0,4.4,2
-18.4104,167.9108,10.0,4.9,3
31.622,-104.522,5.8435,2.5,1
0.2823,122.0762,188.972,4.1,3
11.0538,124.0366,10.0,4.5,2
10.9951,124.0141,10.0,5.0,3
45.862,-106.838,0.0,3.0,1
11.0714,124.0458,10.0,5.0,3
11.0827,124.3483,10.0,4.6,2
11.1307,124.1963,10.0,4.8,2
11.0043,124.0449,10.0,5.2,3
11.1771,124.0974,10.0,4.9,3
11.2131,124.1111,10.0,5.2,3
11.0233,123.9682,10.0,5.1,3
10.8114,123.6127,10.0,4.8,3
38.6408,-97.4973,9.742,2.6,1
11.1557,124.111,10.0,6.9,3
32.764,-100.664,8.7158,2.5,1
-24.0946,178.8141,568.857,4.4,0
52.6084,160.6588,29.872,4.8,2
61.479,-149.9725,38.6,2.8,1
61.2318,-147.6971,12.0,3.3,1
-2.6383,138.8898,65.572,4.8,3
14.497,146.9481,10.0,4.4,2
30.2332,103.1203,10.0,4.3,2
37.4794,72.3715,210.974,4.2,2
49.7976,159.004,10.0,4.3,2
9.8894,-70.9702,10.0,4.5,3
46.6326,153.0254,35.0,4.5,2
18.2252,145.7732,181.387,4.5,2
19.6188,-66.9935,39.0,4.22,3
36.9307,21.6114,30.643,4.5,2
41.1724,-116.7552,7.0,2.5,1
-6.0449,105.1451,110.403,4.0,3
-8.2789,107.265,35.0,4.5,3
53.0363,161.0657,30.991,4.8,2
19.042666666667,-155.40133333333,34.91,3.25,1
16.5686,-94.3073,110.545,4.3,3
41.1648,-116.7302,10.9,3.1,1
19.259,-155.5105,5.18,2.67,1
24.6798,94.7389,93.408,4.9,2
8.846,-39.9278,10.0,4.6,3
53.0425,161.1586,29.721,4.3,2
-5.2422,151.7219,78.563,5.0,3
-8.2455,107.3798,35.0,4.6,3
52.9637,159.9446,42.0,5.5,2
-32.6284,-70.5432,20.296,3.7,3
31.669,-104.342,6.0999,2.7,1
52.0887,160.897,10.0,4.2,2
-1.4361,97.9096,10.0,4.3,3
33.1919,-108.0944,10.098,2.7,1
35.3505,-117.7906667,6.41,3.1,1
-22.0099,-68.7948,108.243,4.2,3
37.9653,144.0844,10.0,4.6,2
37.7922,144.1409,10.0,4.4,2
14.0005,120.6055,182.613,4.1,3
-5.8589,146.5567,103.86,4.9,3
63.1738,-150.5614,114.7,3.6,1
54.6509,168.1775,10.0,4.2,2
52.2122,160.634,16.666,4.5,2
43.4451,-127.0509,10.0,3.3,1
41.1775,-116.7247,7.5,2.5,1
-13.6265,167.1364,224.993,4.5,3
41.2009,-116.7389,6.7,2.5,1
54.409,-159.877,10.0,3.2,1
-7.6794,128.3229,163.55,4.2,3
41.1905,-116.7252,8.9,2.9,1
-28.9353,-70.2263,133.648,4.2,3
-58.0205,-25.2757,35.0,4.5,3
41.1674,-116.7524,8.6,3.0,1
53.0468,159.5216,73.927,4.7,2
43.3283,-128.1845,10.0,4.0,1
18.004166666667,-66.728833333333,13.24,2.56,1
-20.9296,-173.148,10.0,5.0,3
9.0498,-84.049,26.424,4.5,3
4.0799,97.4974,10.0,4.3,3
-58.0191,-25.0111,35.0,4.6,3
-49.0671,124.9643,10.0,4.4,3
37.8765,144.2519,10.0,4.1,2
-2.9272,129.4293,10.0,4.2,3
16.1817,146.6665,43.46,4.3,2
5.936,125.905,120.417,4.6,3
41.1565,-116.7413,8.2,2.9,1
31.525,-104.019,6.9202,2.8,1
52.5993,160.9951,21.159,4.4,2
-22.9595,-68.1893,153.375,4.3,3
-30.6884,-178.1748,44.899,4.7,3
53.6353,160.3412,61.718,4.8,2
-13.5482,167.2187,148.835,4.4,3
14.3331,145.6178,108.467,4.3,2
19.221,-64.4281,66.0,3.77,1
12.2494,143.6067,35.0,4.4,2
66.9129,-143.7454,13.863,2.8,1
39.3784,29.0045,10.0,4.6,2
52.5539,160.6447,34.626,4.4,2
-17.952,168.0955,35.0,4.4,3
-32.3472,-71.9528,30.24,4.2,3
24.3467,123.3229,57.98,4.5,2
-19.5189,-69.6779,17.768,4.4,3
50.9591,-176.9036,10.0,3.8,1
18.856833333333,-65.5655,53.24,3.08,1
18.6605,-66.803833333333,13.28,2.74,1
63.0767,-150.465,102.2,3.0,1
59.8447,-153.5449,130.1,3.5,1
12.8502,125.6189,10.0,4.4,2
53.6202,160.0204,68.065,4.2,2
-11.687,166.3288,68.03,5.2,3
-13.5346,176.3596,10.0,4.2,3
-2.186,139.7404,27.907,4.5,3
41.1825,-116.7362,7.5,2.7,1
41.1305,-116.7183,10.9,3.1,1
44.563,-112.2173,4.548,2.5,1
44.6005,-112.2422,10.0,3.0,1
13.7827,144.7929,159.547,4.3,3
-18.0293,-178.3832,606.532,4.3,0
63.2657,-145.0682,8.9,2.6,1
52.6705,160.6648,51.875,4.5,2
53.0113,160.7563,38.57,5.0,2
50.9034,157.1358,82.018,4.5,2
51.6967,-175.1082,35.0,3.9,1
19.2098,-64.581,23.0,3.66,1
49.4228,157.9117,10.0,4.4,2
19.182166666667,-155.50283333333,33.52,2.55,1
53.6785,-164.528,35.0,3.3,1
-5.7053,-109.173,10.0,4.3,3
57.136,-157.9582,129.6,2.6,1
42.8423,-109.1073,5.576,2.9,1
-19.8405,-175.8004,180.448,4.4,3
39.238,28.9377,10.0,5.2,2
-16.6692,-173.4988,35.0,4.2,3
40.319333333333,-124.98033333333,10.0,2.61,1
-23.8765,178.8114,573.583,5.5,0
52.545,-169.4142,10.0,2.8,1
35.53483333,-96.7545,6.18,3.71,1
35.53683333,-96.75533333,6.34,3.59,1
44.801833333333,-110.855,7.77,3.11,1
44.801333333333,-110.853,7.82,3.29,1
51.4847,-177.8595,34.262,2.6,1
48.9582,156.4981,10.0,4.4,2
29.7467,142.159,10.0,4.4,2
52.6875,160.6998,10.0,4.3,2
29.6521,142.2359,10.0,4.1,2
53.2543,160.8739,31.802,4.2,2
17.805666666667,-66.8785,9.12,2.89,1
-21.1444,-68.6911,117.987,4.6,3
51.31,159.6357,10.0,4.2,2
43.1152,149.0145,10.0,4.2,2
-8.2791,158.4812,103.688,4.3,3
49.8726,156.0011,83.27,4.4,2
49.96,155.9994,86.744,4.6,2
-29.1478,-71.1183,53.315,4.3,3
37.8141,144.1232,10.0,4.5,2
-27.5818,-179.8993,471.278,4.1,0
19.1121,96.4997,10.0,4.4,2
37.7572,144.3239,10.0,4.3,2
54.45,-159.827,31.564,2.8,1
37.7406,144.1271,10.0,4.5,2
34.2726,70.6976,10.0,4.4,2
18.881,-64.944166666667,21.7,3.39,1
-41.1081,-91.2308,10.0,4.9,3
52.9209,160.4597,35.0,4.4,2
43.5197,-127.2051,10.0,5.1,2
-6.1681,147.7479,69.577,4.2,3
64.4987,-146.8921,5.4,2.5,1
34.9228,104.6734,10.0,4.6,2
-56.8896,-142.2559,10.0,4.5,3
-24.2017,179.9504,495.051,4.3,0
-4.7059,145.6568,10.405,4.5,3
52.4865,-175.4762,214.76,3.1,1
78.9742,2.7176,10.0,4.4,2
43.5769,-127.0618,10.0,3.2,1
79.1448,3.5506,10.0,4.2,2
18.933333333333,-67.338166666667,6.24,3.4,1
33.1436,-108.1683,13.315,2.9,1
66.1728,-135.3927,10.0,2.9,1
-7.3522,128.1259,162.077,4.6,3
37.6699,144.22,10.0,4.8,2
50.4797,-173.0963,10.0,3.1,1
14.4579,146.8575,10.0,4.9,2
14.481,146.9836,10.0,4.6,2
-9.4005,124.2246,42.886,4.2,3
54.4977,-160.1403,35.0,3.1,1
37.136,53.8076,10.0,4.4,2
19.415,-64.722,24.0,3.86,1
-26.3068,71.787,10.0,4.5,3
52.1226,175.9575,10.0,3.6,2
23.5455,142.5787,57.979,4.5,2
53.6022,160.1487,51.891,4.6,2
-19.6435,169.0822,127.736,5.0,3
-2.9308,129.5978,20.9,4.5,3
-2.9387,129.4774,19.328,5.1,3
52.395,160.1479,44.785,4.3,2
-6.6825,132.2214,10.0,4.6,3
-13.6974,166.7322,33.0,5.5,3
-21.1877,-68.7845,114.015,4.4,3
49.1839,157.9858,10.0,5.1,2
-17.4331,167.6873,10.0,4.9,3
54.0091,-166.2302,126.718,2.9,1
43.4801,-127.3211,10.0,3.0,1
60.2362,-159.0413,5.5,3.7,1
68.4165,-148.6949,4.1,2.5,1
49.1092,155.9927,46.79,4.4,2
53.2783,160.9008,35.0,4.3,2
51.0899,159.4185,10.0,4.5,2
-3.0453,129.5909,10.0,4.4,3
51.253,159.3271,26.563,4.7,2
-7.1735,129.2667,135.17,4.1,3
-14.0908,167.1696,133.799,4.2,3
-15.7345,-174.3801,187.627,4.3,3
52.1301,-173.4568,10.0,3.4,1
-20.594,-178.6689,614.565,4.6,0
19.7211,-68.3846,59.0,3.67,1
51.692,-179.8857,84.35,2.6,1
-18.5806,-71.3245,28.67,4.0,3
52.6927,160.608,30.025,4.5,2
51.6726,-179.0913,88.367,2.6,1
34.9173,104.5187,10.0,4.3,2
1.8281,125.0723,193.777,4.3,3
34.9428,104.6648,10.0,4.9,2
34.9872,104.603,10.0,4.7,2
38.5812,24.1399,10.0,3.7,2
6.7129,123.6853,605.561,4.1,0
34.9197,104.589,10.0,5.2,2
52.4915,160.9813,10.0,4.3,2
6.7096,-72.9637,169.66,4.4,3
53.1416,160.1562,53.071,5.0,2
-14.6963,167.3546,120.692,4.5,3
54.4052,-159.8028,25.199,3.9,1
52.9275,160.2956,43.666,4.1,2
-9.6243,121.9113,74.7,4.1,3
-2.346,-77.4063,6.582,4.2,3
53.0668,161.2952,10.0,4.2,2
85.0643,9.0273,10.0,4.6,2
17.9126,-68.4735,73.0,4.32,3
-5.5947,104.3749,10.0,4.6,3
11.6158,140.7343,47.872,4.7,2
41.0425,83.5209,10.0,4.4,2
18.5828,145.6426,209.662,4.2,2
43.4621,-127.4005,10.0,2.9,1
43.3834,-127.1838,10.0,2.8,1
51.8605,161.6829,10.0,4.1,2
-14.5097,-73.6093,88.454,4.5,3
50.4351,156.4906,76.983,4.5,2
37.7578,144.0958,10.0,4.4,2
51.1096,159.6483,10.0,4.3,2
-6.8874,116.5213,524.608,4.3,0
79.4721,-17.4967,10.0,4.9,2
-16.6946,-173.5112,38.319,4.8,3
37.6449,144.2525,10.0,4.5,2
37.8687,144.0451,10.0,4.6,2
41.2025,-116.7132,7.8,3.5,1
41.2161,-116.7118,7.5,2.9,1
43.588,-127.2512,10.0,3.1,1
-4.6924,152.0988,109.663,4.3,3
-15.1314,-174.3373,133.876,4.4,3
-6.3364,125.7979,514.693,4.3,0
52.2664,160.2345,35.0,4.7,2
54.018,-159.7137,10.0,3.7,1
-18.6617,65.2233,10.0,4.2,3
53.1209,160.1547,54.757,4.6,2
43.4584,-127.5117,10.0,3.0,1
43.4524,-127.3203,10.0,5.9,2
31.466,-103.834,4.2926,2.6,1
-15.0755,-173.558,10.0,5.1,3
38.7154,-118.5615,10.0,3.8,1
52.6611,160.7209,35.549,4.0,2
-31.262,-176.8567,10.0,4.6,3
36.4699,70.9099,200.933,4.7,2
61.3816,-150.1109,20.1,2.8,1
54.5812,-159.685,24.646,3.2,1
51.5974,159.499,35.0,4.8,2
52.3077,159.3621,81.59,4.0,2
-15.6368,167.9734,139.138,4.6,3
-15.2575,-73.3321,87.16,4.9,3
56.4122,-156.5564,10.1,3.3,1
31.506,-104.026,7.074,3.1,1
31.529,-104.017,7.702,2.7,1
19.7955,-66.9153,44.0,3.58,1
6.7494,-72.9982,166.636,4.5,3
51.0784,159.4534,25.917,4.1,2
-1.353,-77.9383,171.311,4.3,3
32.103,-101.918,7.7393,3.4,1
-21.7111,170.7311,113.377,4.1,3
51.3345,159.5784,10.0,5.0,2
46.8042,152.25,86.344,4.4,2
-20.1733,169.0959,49.94,5.4,3
51.5118,158.9868,63.432,4.1,2
51.6074,158.6189,35.0,4.6,2
51.5668,159.5697,35.0,4.8,2
12.6852,125.2951,35.0,4.6,2
51.2104,159.6003,10.0,4.6,2
19.311,-155.21683333333,7.35,3.63,1
17.6947,-94.2824,182.557,4.7,3
-23.0953,-67.9696,155.337,4.6,3
-4.3236,136.1024,10.0,4.3,3
-32.6051,-178.3589,10.0,4.6,3
63.5856,-148.0019,4.7,2.9,1
60.0038,-138.5553,10.127,3.2,1
59.5915,-143.1194,6.3,2.5,1
31.5965,-115.5796667,7.51,3.28,1
52.3516,160.0326,41.261,4.7,2
49.8259,155.8697,78.996,4.3,2
-31.6796,-71.7415,33.286,4.3,3
64.5264,-146.918,9.9,3.4,1
51.254,160.4877,10.0,4.2,2
-19.5368,-69.3111,108.677,5.3,3
51.6311,159.6573,31.749,4.9,2
-47.4197,-13.2132,10.0,5.2,3
48.9312,155.8898,35.0,4.4,2
31.444,-103.842,4.9207,2.6,1
-47.3231,-13.5011,10.0,5.1,3
30.9515,140.0817,10.041,4.6,2
51.9253,160.4656,31.152,4.3,2
44.0547,-105.3969,0.0,3.1,1
-16.0973,-173.7617,188.553,4.1,3
52.2749,159.5159,69.945,4.4,2
40.4146,-126.0986,10.0,2.6,1
53.4928,160.6054,53.329,4.3,2
40.416,-126.1089,10.0,2.7,1
53.0989,160.7333,29.64,4.7,2
-18.9916,-177.5644,505.168,4.1,0
50.1885,156.7396,70.95,4.2,2
33.4548333,-116.538,10.51,2.63,1
37.856166666667,-122.24333333333,8.11,2.78,1
51.4243,-174.3873,15.999,4.5,1
9.9307,-70.7656,20.305,4.5,3
18.1828,-105.685,10.0,4.3,3
18.0806,-105.9027,10.0,5.3,3
17.9793,-105.8786,10.0,5.7,3
52.2495,160.1122,46.225,4.9,2
52.0856,160.2343,35.0,5.2,2
58.743,-154.8182,73.1,3.0,1
53.0744,160.8581,10.0,4.7,2
-7.8439,114.4692,10.0,5.2,3
-9.9392,154.9354,10.0,5.1,3
11.657,141.975,69.685,5.1,3
40.034,40.7433,14.742,4.2,2
9.8621,-70.7516,12.195,5.3,3
9.7939,-70.7598,10.0,4.4,3
-22.9083,179.1543,576.789,4.4,0
51.8525,158.5231,88.695,4.5,2
52.7253,161.0937,35.0,4.5,2
53.3337,160.7986,35.0,4.1,2
36.095833333333,-89.766333333333,9.66,2.54,1
-15.5327,-174.5654,174.63,4.0,3
9.825,-70.7393,10.0,4.5,3
9.7922,-70.8698,10.0,4.4,3
-9.9264,154.9737,10.0,5.0,3
34.84,-116.41,1.7,2.72,1
9.9355,-70.7081,14.0,6.3,3
9.7941,-70.7163,10.0,4.9,3
43.2155,146.4408,61.011,4.5,2
9.605,126.1838,10.0,4.7,3
51.0686,91.4009,10.0,4.3,2
9.8774,-70.8406,10.0,4.3,3
36.600333333333,-121.20533333333,6.75,2.65,1
37.7701,144.1904,10.0,4.6,2
33.8003333,-120.0753333,2.58,2.55,1
9.8027,-70.6325,13.602,4.4,3
53.7059,160.6066,43.516,4.2,2
48.2687,157.0162,10.0,4.2,2
37.7542,144.2039,10.0,4.2,2
9.9265,-70.8178,10.0,4.6,3
9.9192,-70.6755,10.0,4.9,3
9.8668,-70.8781,9.0,6.2,3
32.6923,-16.3337,10.0,4.0,2
53.2351,161.1971,29.913,4.6,2
64.509,-146.9035,6.6,3.0,1
9.9384,-70.7343,10.0,4.2,3
31.53,-104.019,7.6379,2.9,1
51.1178,-175.9955,10.0,4.0,1
31.532,-104.017,7.6251,2.5,1
56.533,115.1997,10.0,4.3,2
43.7374,-105.3371,0.0,3.2,1
45.0851,-106.8155,0.0,3.5,1
39.0075,142.0589,77.625,4.2,2
-21.4489,-66.4781,225.189,4.0,3
63.2136,-151.5592,14.8,3.1,1
-23.4796,-70.3068,40.94,3.9,3
-6.5557,129.9346,130.532,4.3,3
61.5763,-149.2292,30.5,2.7,1
-21.6177,-68.623,135.912,4.2,3
-4.1858,142.5218,115.962,4.9,3
39.7082,-98.1391,12.267,2.5,1
55.62,162.2358,55.334,4.2,2
-58.0427,-25.4355,69.412,5.1,3
-4.6972,145.0232,179.751,4.3,3
2.0682,96.6309,26.827,4.5,3
20.161333333333,-155.73016666667,30.86,3.06,1
13.7989,144.8952,125.792,4.4,2
-22.0863,-68.9743,102.907,4.3,3
-26.9539,-71.4965,26.241,4.0,3
-15.7813,-75.2486,10.0,4.2,3
56.428,-156.3502,50.0,2.7,1
56.4465,-156.3257,50.1,2.6,1
37.0357,69.1355,10.0,4.3,2
56.4247,-156.3382,50.0,3.1,1
37.1381,69.1917,10.0,4.5,2
19.187833333333,-155.49566666667,30.7,2.55,1
-54.5726,-118.9566,10.0,4.7,3
36.0682,76.9003,10.0,4.3,2
51.4024,159.5171,10.0,4.6,2
6.3533,94.2208,59.396,4.6,3
-17.9407,-178.5117,538.054,4.3,0
-40.9829,-86.9533,10.0,4.6,3
56.354,-156.5619,44.5,4.6,1
51.5075,159.7317,10.0,4.9,2
63.4949,-147.9761,3.4,2.8,1
18.0841,-68.476,90.0,3.65,1
18.8705,-64.442666666667,9.67,3.42,1
-22.1056,-68.9843,102.419,4.7,3
52.1047,160.6536,10.0,4.5,2
-23.8212,-69.1051,104.136,5.2,3
49.449,160.1193,10.0,4.4,2
-46.6351,102.4668,10.0,4.2,3
62.5257,-152.1446,7.5,2.5,1
0.2401,98.4269,35.0,4.2,3
-33.1375,-73.3056,10.0,4.3,3
-48.9783,124.8926,10.0,4.4,3
-48.991,125.3587,10.0,4.1,3
53.7263,160.3567,17.066,4.3,2
2.2862,126.7398,51.257,4.4,3
-40.6224,173.7016,124.27,4.3,3
-10.9261,160.9603,10.0,4.4,3
39.2156,28.0869,27.155,4.6,2
3.8907,127.1954,42.911,4.5,3
11.898,-89.3433,10.0,5.0,3
49.8013,155.779,82.136,4.5,2
-16.0057,-75.4745,10.0,4.4,3
51.654,159.2124,35.504,4.6,2
-17.2084,-174.6589,206.544,4.5,3
-9.6123,119.5807,67.743,4.9,3
43.7878,-105.3381,0.0,3.1,1
-6.2424,131.0717,35.0,4.4,3
-7.0156,129.6003,145.768,4.3,3
-14.801,-174.5932,233.96,4.4,3
32.403,-102.044,8.0811,3.0,1
-15.7737,-75.2969,12.0,5.6,3
51.5085,159.3931,35.0,4.6,2
51.2337,-177.6055,43.339,3.8,1
53.1767,159.5028,73.319,4.6,2
28.8164,128.5836,147.312,4.5,2
-6.4048,128.4207,352.561,4.8,0
65.8577,-37.4704,10.0,4.4,2
-62.2292,-154.8408,10.0,4.5,3
-22.8339,-69.1761,84.763,4.1,3
51.5242,159.3836,33.65,4.5,2
51.5538,159.2515,47.371,4.5,2
4.8281,127.6918,86.71,4.3,3
51.7212,159.2214,57.292,4.6,2
12.668,143.3583,8.717,4.2,2
-31.5242,-178.5902,65.3,5.2,3
-2.9646,127.3166,46.359,4.1,3
46.9644,144.2167,384.31,4.1,0
34.6248,70.6489,10.0,4.9,2
51.2969,159.6096,10.0,4.6,2
19.378,-65.7395,9.0,4.0,3
18.939833333333,-66.944833333333,5.19,2.97,1
18.8915,-65.2955,22.08,3.44,1
-22.1362,-67.3278,172.672,4.2,3
38.0774,-30.7808,10.0,5.2,2
52.795,160.1798,35.0,5.0,2
19.3848,-68.3823,59.0,3.72,1
-58.7722,-25.3301,33.942,5.1,3
-6.9829,129.5921,150.547,4.1,3
-0.0117,123.4351,176.509,4.0,3
50.39,156.228,74.459,4.1,2
-40.1528,-74.99,18.248,5.2,3
53.3345,159.6504,67.676,4.0,2
53.4946,160.285,54.068,4.3,2
38.6709,-97.5029,9.923,2.9,1
19.4686,-68.41,69.0,3.74,1
52.8664,160.9121,30.509,4.1,2
19.1293,-68.4203,13.775,2.6,1
37.855,-122.2495,7.12,2.9,1
2.8968,95.3365,10.0,5.1,3
2.9108,95.4296,22.095,4.3,3
-3.5292,135.4626,10.0,3.9,3
21.2003,95.7149,141.521,4.1,2
-24.2292,-67.5509,190.456,4.2,3
51.1723,159.6536,10.0,4.2,2
66.1686,-157.5522,10.0,2.8,1
-65.6088,-176.4487,10.0,4.6,3
-21.4352,-178.4982,474.219,4.4,0
36.4089,142.5801,10.0,4.5,2
12.0875,-88.4631,10.0,4.5,3
51.1346,158.9957,35.0,4.3,2
-19.5761,-69.4112,104.739,4.5,3
-8.8757,-75.7111,122.573,4.6,3
19.0218,121.416,45.416,4.6,2
51.6817,159.1515,35.0,4.5,2
51.6311,159.2009,35.0,4.3,2
41.2448,-116.6995,8.4,3.7,1
36.1436,76.9652,10.0,4.1,2
36.3077,77.0619,10.0,4.4,2
51.5139,159.5939,10.0,4.9,2
51.2698,159.6813,10.0,4.5,2
51.4367,159.4866,31.169,4.5,2
43.6627,-105.3102,0.0,3.1,1
51.9521,159.1268,76.578,4.3,2
51.7951,159.2957,35.0,4.6,2
46.1525,-75.2901,10.0,2.9,1
51.3918,159.5156,26.526,4.4,2
-15.7324,-75.1923,19.376,5.1,3
51.4799,159.5694,22.135,5.3,2
-15.9789,-75.4902,10.0,4.6,3
-5.9761,130.804,122.091,5.0,3
51.5235,159.4482,17.0,5.6,2
53.567,159.7568,69.142,4.2,2
51.5933,159.6433,49.853,4.6,2
51.5961,159.4372,22.899,5.1,2
82.025,89.1723,10.0,4.5,2
51.7025,159.1251,60.521,5.1,2
52.8786,161.0827,10.0,5.1,2
51.5296,159.5182,17.0,5.5,2
-29.3489,-71.46,38.049,4.0,3
-37.7257,176.3594,189.552,4.3,3
14.1197,-92.9129,10.0,4.5,3
37.856,-122.24616666667,6.98,2.56,1
51.6356,159.071,35.0,4.3,2
18.6883,-106.5503,10.0,5.4,3
39.1155,28.199,10.0,4.0,2
49.1377,156.1835,70.426,4.5,2
18.6893,145.5668,220.794,4.1,2
-3.8546,128.4291,99.876,4.3,3
10.6395,-86.5681,10.0,4.6,3
-20.3877,-177.9154,520.889,4.3,0
-15.5806,-69.1962,260.68,4.5,3
-23.3961,171.1542,10.0,4.4,3
37.863,-122.254,7.58,4.29,1
-56.2613,-27.1118,101.546,4.3,3
53.0811,161.6233,10.0,4.3,2
39.2076,28.112,10.0,4.4,2
52.9588,161.2059,10.0,4.3,2
52.9804,161.3015,10.0,4.9,2
51.3983,159.5843,21.636,4.7,2
51.5061,159.5535,35.0,4.9,2
53.0514,161.5388,10.0,4.5,2
31.33,-103.68,7.843,2.9,1
-6.6166,129.9257,139.142,4.7,3
52.578,160.2078,35.0,4.5,2
39.1541,33.1999,10.0,4.7,2
65.7734,-37.3474,10.0,4.4,2
49.7621,157.3928,31.214,4.4,2
-22.5647,170.5517,10.0,4.9,3
19.172166666667,-155.5025,31.2,3.09,1
52.3719,159.9605,67.484,4.7,2
11.9582,142.1961,35.0,5.1,2
62.6588,-151.5295,9.498,2.5,1
1.5145,124.9711,177.068,4.0,3
31.7458,110.9449,10.389,4.5,2
-15.5489,-70.5949,205.95,4.2,3
53.1782,159.9229,50.727,4.2,2
-58.8466,-25.3979,35.0,4.5,3
7.7691,122.019,10.0,4.6,3
60.0645,-141.3222,16.7,2.9,1
40.3032,24.131,12.19,4.9,2
53.0907,161.4103,10.0,4.2,2
52.6449,160.052,35.0,4.2,2
18.075,-68.699,122.0,3.81,3
52.81,161.0671,26.364,4.6,2
51.572,157.9773,79.269,4.5,2
18.101666666667,-67.026666666667,10.75,2.84,1
39.1842,28.1095,10.0,5.1,2
50.6793,159.1171,10.0,4.1,2
6.5236,-76.2637,10.0,4.9,3
30.1427,-43.2121,10.0,4.4,2
23.7674,120.9029,28.892,4.5,2
43.8358,-105.2989,0.0,3.2,1
19.0723,-67.7491,44.0,3.52,1
52.715,161.0274,10.0,4.3,2
-15.5957,-70.2005,239.927,4.3,3
65.8887,-37.49,10.0,4.3,2
29.5925,-42.5327,10.0,5.2,2
60.4236,-143.478,7.1,3.1,1
65.8944,-37.5295,10.0,4.5,2
52.8686,161.0934,10.0,4.7,2
83.8577,113.1236,10.0,4.9,2
-17.4843,-70.2161,134.937,4.4,3
53.6533,160.0321,65.865,4.3,2
53.3734,159.8422,64.818,4.3,2
52.6834,160.9778,10.0,4.7,2
19.3325,-68.3983,88.0,3.53,1
65.8196,-37.5333,10.0,4.6,2
53.0548,160.8673,35.0,4.2,2
52.3443,160.6409,35.0,4.3,2
52.182,160.3766,10.0,4.2,2
52.0872,160.576,10.0,4.3,2
18.7683,-64.623,13.0,3.46,1
50.9968,159.2593,10.0,4.5,2
53.3566,159.8265,58.721,4.3,2
28.2943,56.8932,10.0,4.3,2
2.8616,95.4683,22.783,4.4,3
49.8301,155.9703,54.332,4.1,2
-1.9492,139.624,35.0,4.5,3
51.1987,-178.0221,30.0,5.5,2
-32.941,179.1459,356.666,4.0,0
-31.9653,-66.9423,145.674,4.6,3
52.6727,160.731,12.573,4.3,2
53.0707,159.9801,51.152,4.6,2
52.7317,160.2068,36.513,4.2,2
-13.6971,122.3503,10.0,4.9,3
53.218,161.1654,10.0,4.6,2
17.9721,-68.3878,81.0,3.59,1
67.3617,-156.7449,1.4,2.5,1
19.7713,-68.2838,35.0,3.81,1
25.124,91.7482,10.0,4.2,2
-13.661,122.3247,10.0,4.3,3
19.4305,-68.4453,55.0,3.92,3
83.7465,112.447,10.0,4.9,2
17.912666666667,-66.974,12.42,2.54,1
52.8725,159.8745,44.167,4.1,2
-33.1994,-179.7336,116.454,4.1,3
35.8785,-121.48516666667,8.67,2.54,1
51.9566,160.2113,35.0,4.3,2
52.6829,160.0952,43.301,4.3,2
18.9775,-64.9793,25.0,3.51,1
52.2373,160.1504,35.0,4.8,2
59.3179,-137.178,10.0,2.5,1
52.2948,160.2652,27.541,5.1,2
53.0347,161.0127,35.0,4.4,2
53.0886,160.9767,35.0,4.4,2
-19.0339,-177.5908,568.839,4.0,0
14.0807,-93.2214,10.0,4.3,3
-5.553,152.0161,35.0,4.5,3
53.0029,161.1671,35.0,4.5,2
36.1045,-117.903,5.16,2.85,1
52.9362,161.0947,10.0,5.6,2
-55.7249,-26.8235,35.0,4.5,3
-55.935,-27.1803,35.0,4.3,3
52.9716,161.1278,10.0,4.3,2
-19.372,-69.0731,9.84,4.1,3
39.2293,28.9698,10.0,4.1,2
51.5673,159.2482,35.0,4.4,2
40.292,141.8692,35.0,4.4,2
37.408,-120.00716666667,21.09,2.75,1
42.827,12.4921,10.0,4.2,2
52.2502,160.619,35.0,4.3,2
54.4895,-159.9179,35.0,4.2,1
52.5479,-169.6073,35.0,3.6,1
19.7583,-66.8568,42.0,3.6,1
4.8731,124.1091,452.335,4.3,0
29.073,-97.812,5.8034,3.3,1
49.9488,155.7143,82.536,4.5,2
53.0926,159.7756,75.658,4.8,2
52.2761,160.6707,22.286,4.4,2
-31.8714,-178.6489,39.236,4.6,3
-6.768,106.6358,7.376,4.1,3
-14.9077,-177.5607,377.943,4.6,0
53.104,160.9783,40.665,4.6,2
53.0164,159.8063,67.103,4.2,2
-23.4484,-68.581,104.829,4.5,3
-0.8249,150.5514,10.0,4.3,3
-15.6083,-177.3831,422.541,4.4,0
-58.0595,-24.6223,10.0,5.2,3
67.457,-146.1054,9.628,3.3,1
53.049,159.9976,53.076,4.5,2
-0.9676,-21.9632,10.0,4.3,3
-23.8389,69.7545,10.0,4.0,3
17.983833333333,-66.8295,11.98,2.73,1
-7.0774,155.8402,89.869,4.9,3
52.9092,160.8801,35.0,4.5,2
-7.0084,155.5506,113.056,4.0,3
-17.96,-178.3769,598.126,4.5,0
52.7673,161.1458,35.0,4.4,2
13.9231,145.0081,117.648,3.8,2
52.7932,160.9504,13.417,4.4,2
-3.2878,-77.9048,99.569,4.0,3
38.3847,-30.232,10.0,4.6,2
50.9678,157.1172,87.219,4.2,2
25.4001,141.1153,147.669,4.6,2
51.3844,159.5559,35.688,5.1,2
50.3077,159.6189,10.0,4.3,2
-6.8648,128.5397,10.0,4.4,3
29.241,105.395,10.0,4.3,2
24.4576,119.2006,13.76,4.2,2
59.8752,-152.8988,93.2,2.6,1
52.9583,160.9558,35.0,4.6,2
60.1369,-151.1729,54.369,2.5,1
17.873333333333,-66.405833333333,12.25,2.75,1
52.7572,160.8608,29.462,4.5,2
36.8961,-104.8142,3.354,2.6,1
38.1018,72.9591,10.0,4.6,2
53.304,161.252,10.0,4.9,2
17.872666666667,-66.4,6.28,2.63,1
-57.9159,-25.1758,29.662,5.1,3
52.6281,160.6657,35.978,4.2,2
37.6191,72.4796,194.655,4.3,2
52.9388,161.4143,10.0,5.0,2
-5.6183,147.2206,146.48,4.4,3
-3.7733,127.8626,10.0,4.9,3
13.6434,145.4782,38.77,4.9,2
41.1613,-116.7456,7.7,3.4,1
-17.5462,-178.9401,541.874,4.4,0
58.0322,-151.4298,41.7,2.6,1
-21.3015,-66.6905,227.673,4.7,3
6.3868,126.5214,10.0,4.3,3
34.7678,24.068,47.995,4.3,2
17.977833333333,-67.878333333333,45.52,3.25,1
24.0687,126.2927,10.0,4.8,2
17.876,-66.407,11.42,2.8,1
53.2248,161.5452,10.0,4.8,2
52.8002,160.6336,31.954,4.5,2
19.1976,-64.4843,48.0,3.83,1
52.9931,159.8428,69.346,5.1,2
3.7501,126.8317,35.171,4.8,3
53.2156,159.8991,56.127,4.4,2
-52.9739,22.0891,10.0,4.6,3
52.8885,160.3588,35.0,4.3,2
60.175,-152.9325,123.691,3.5,1
52.5188,160.9003,10.0,5.0,2
48.3376,155.4721,10.0,5.1,2
41.1453,-116.6805,7.2,2.8,1
48.5106,155.3889,10.0,4.9,2
52.7659,160.6458,29.518,4.4,2
43.3877,-111.0886,5.015,2.5,1
52.5256,160.7834,10.0,4.3,2
41.213,-123.35366666667,36.68,2.6,1
51.6633,160.7923,10.0,4.5,2
52.4796,160.6182,10.0,4.4,2
53.8472,160.0143,81.974,4.6,2
53.4979,160.0252,70.25,4.3,2
19.180833333333,-155.4975,34.49,2.53,1
24.5342,119.3264,10.0,4.7,2
52.8288,160.6844,37.768,4.4,2
53.2326,160.6367,35.0,4.4,2
-0.5341,-80.324,34.003,4.9,3
50.3645,158.5326,10.0,4.4,2
53.0656,160.7984,35.0,4.2,2
-7.7588,130.8287,10.0,4.2,3
52.48,160.2774,35.0,4.4,2
14.1788,-91.6176,71.989,4.2,3
53.4356,160.8607,35.0,4.3,2
43.6247,-105.3769,0.0,2.9,1
53.1528,161.03,27.56,4.6,2
53.2269,160.3241,63.623,4.5,2
53.0506,160.4387,45.605,4.2,2
53.4033,160.4318,55.148,4.1,2
53.1268,161.1155,29.163,4.7,2
53.12,161.0523,37.891,4.2,2
-8.113,115.3605,203.42,4.0,3
-23.7029,-174.4809,10.0,4.4,3
28.0704,139.5489,486.588,4.1,0
52.5766,160.7138,38.894,4.3,2
-5.7939,152.6694,10.0,4.4,3
35.5543,69.7007,29.449,4.2,2
42.2549,81.3974,10.0,4.6,2
51.8192,159.6849,43.904,4.6,2
52.4002,160.8008,31.58,4.2,2
-12.137,67.5774,10.0,4.2,3
52.8774,160.8518,20.767,4.9,2
52.9339,159.7283,66.86,4.0,2
36.1945,140.8465,38.872,4.6,2
52.9026,161.18,23.261,4.9,2
52.6337,160.3406,47.972,4.2,2
-5.8142,152.5266,10.0,4.7,3
28.0007,139.6694,503.77,4.1,0
53.1488,159.8258,64.606,4.9,2
52.6846,160.8776,17.341,4.3,2
52.9382,159.0322,83.464,4.4,2
49.7957,155.8892,88.043,4.4,2
52.9309,161.1923,14.496,5.2,2
53.0021,161.2123,26.808,4.3,2
53.1098,161.4868,10.0,4.5,2
52.1503,161.3615,10.0,4.3,2
-32.1962,-178.7431,35.0,4.8,3
52.3686,160.7066,10.0,4.4,2
52.9112,161.2436,13.0,5.9,2
52.8095,160.5549,35.0,5.2,2
31.4694,-115.5857,10.0,2.5,1
51.2463,157.8629,58.287,6.0,2
51.1828,157.9936,45.0,5.9,2
52.1695,160.1852,35.0,4.4,2
52.0231,160.4865,10.0,4.4,2
52.7734,160.9219,10.0,4.5,2
52.431,160.8827,10.0,5.1,2
52.4507,160.9395,10.0,5.1,2
52.2457,160.8341,10.0,4.3,2
52.7318,160.1886,35.0,4.3,2
52.8429,160.4905,35.025,4.4,2
53.5526,160.1191,61.365,4.4,2
52.9671,160.3815,35.0,4.5,2
52.328,160.4462,10.0,4.5,2
51.9924,159.7692,35.0,4.5,2
53.0676,159.674,59.216,4.3,2
52.2152,161.0027,10.0,4.4,2
-30.9936,-178.1587,41.804,4.4,3
51.8474,160.5503,10.0,4.5,2
52.2418,160.6452,10.0,5.5,2
-6.3591,155.1338,160.898,4.7,3
52.7895,159.8438,47.571,4.4,2
51.956,178.3034,112.747,3.7,2
52.9516,160.6343,35.0,4.2,2
53.0776,161.041,10.0,4.5,2
41.1828,-116.6577,8.9,3.4,1
52.2566,160.7098,10.0,4.0,2
52.2097,160.3919,10.0,4.2,2
52.308,160.8673,10.0,4.3,2
52.8289,160.7038,32.261,4.3,2
-58.7317,-24.4711,10.0,4.5,3
52.6756,160.7157,10.0,4.5,2
46.3314,149.8499,10.0,4.4,2
41.2074,-116.6661,7.6,3.2,1
52.7913,160.6171,35.0,4.4,2
52.7306,160.5708,34.522,5.0,2
41.1947,-116.6822,6.9,3.2,1
57.7416,-152.0121,49.5,2.5,1
-52.9299,22.0895,10.0,4.6,3
-38.5158,175.6405,204.275,4.0,3
53.1242,159.8913,59.651,4.6,2
52.5928,160.9969,24.31,5.0,2
52.9949,160.5429,35.0,4.1,2
18.771833333333,-65.358333333333,34.79,3.18,1
-58.8943,-25.6228,35.0,4.5,3
52.6651,160.8439,10.0,4.7,2
52.7885,160.5759,38.152,5.1,2
52.7099,160.8882,26.305,4.9,2
52.5577,160.9675,10.0,4.1,2
-58.767,-24.9017,10.0,4.5,3
53.1434,160.2961,43.05,4.5,2
53.2679,159.797,58.308,4.6,2
-58.7694,-24.8342,10.0,4.8,3
52.5714,160.6638,35.0,4.3,2
52.1616,160.6216,21.093,4.6,2
-28.3435,-69.177,102.507,4.6,3
52.7075,160.8468,10.0,4.5,2
-58.636,-24.6785,10.0,4.6,3
60.1514,-158.2432,20.0,2.5,1
-58.7581,-24.8316,10.0,4.8,3
52.745,160.9204,10.0,4.9,2
53.2436,159.9863,57.704,4.7,2
-41.5763,84.8486,10.0,4.8,3
-58.7504,-24.6648,10.0,5.4,3
53.1272,161.2429,10.0,4.3,2
53.0558,161.1184,10.0,4.0,2
52.7818,160.9545,10.0,4.6,2
52.8586,160.3798,46.241,4.3,2
52.2334,160.1285,38.225,4.3,2
52.274,160.4942,10.0,4.2,2
58.3195,-154.0868,68.4,2.6,1
52.0965,160.9089,10.0,4.4,2
52.2378,160.6673,10.0,4.8,2
43.5225,-126.7368,10.0,3.1,1
52.1648,160.6812,21.154,4.7,2
-20.5498,-177.7108,533.717,4.2,0
52.9667,161.1939,10.0,4.7,2
53.3109,159.8017,32.94,4.1,2
52.1441,160.4948,10.0,4.9,2
19.2003,-65.0971,78.0,3.52,1
52.0258,160.555,10.0,4.3,2
52.169,160.3911,10.0,4.3,2
19.181166666667,-155.5165,31.59,2.62,1
19.180833333333,-155.505,30.88,2.74,1
53.4759,160.134,59.949,4.3,2
52.568,160.714,10.0,4.5,2
19.181333333333,-155.50433333333,31.07,4.06,1
55.8298,-158.4583,36.0,2.8,1
52.6874,160.6056,23.958,4.3,2
52.6663,160.7467,30.467,4.7,2
-20.2393,-69.258,96.269,5.5,3
52.9154,160.7317,35.0,4.5,2
52.9011,161.111,10.0,4.8,2
52.6271,160.8772,10.0,4.1,2
52.7739,161.1396,10.0,4.5,2
53.1318,159.683,51.463,4.4,2
56.1704,163.5397,10.0,4.4,2
18.1386,-68.5196,92.0,3.88,3
52.8965,160.1036,50.853,4.3,2
52.7716,160.2672,35.0,4.7,2
53.037,-161.8862,10.0,4.2,1
51.929,160.4993,10.0,4.4,2
53.269,160.6326,35.0,4.4,2
52.4938,160.524,35.0,4.4,2
52.895,160.2544,35.0,4.2,2
-31.086,-179.303,261.252,4.5,3
52.941,161.2245,35.0,4.4,2
52.8497,159.8919,60.353,4.1,2
52.7248,160.5298,35.0,5.0,2
-1.4,-80.7338,39.893,4.6,3
52.7752,161.1082,10.0,4.5,2
52.9721,160.6757,35.0,4.5,2
53.2429,159.8177,51.794,4.6,2
53.3119,160.7704,35.0,5.1,2
52.5603,161.0525,10.0,4.4,2
53.1348,161.5712,10.0,4.4,2
52.9957,160.9178,31.774,4.5,2
52.4951,160.8899,10.0,5.4,2
52.9662,160.8942,17.693,4.8,2
52.8863,159.8201,64.213,5.1,2
52.8545,161.1417,10.0,5.4,2
52.0431,160.2987,10.0,4.5,2
52.7083,161.1113,19.308,4.7,2
-24.456,-112.0681,10.0,4.7,3
52.5855,160.6502,29.419,4.3,2
52.4826,160.693,10.064,4.7,2
52.6351,160.8157,10.0,4.9,2
52.8339,160.9304,10.0,4.8,2
52.5331,160.7241,20.89,5.2,2
52.8408,160.0032,46.784,4.8,2
52.3669,160.3972,28.123,4.6,2
-3.5765,135.5487,10.0,5.0,3
53.3934,160.7094,35.0,4.9,2
53.0652,159.4891,91.441,4.5,2
53.0067,160.8847,35.0,5.5,2
52.5535,160.5109,31.366,4.5,2
51.4693,159.424,35.0,4.3,2
53.0361,160.8224,31.363,4.9,2
52.0078,159.3186,35.0,4.2,2
52.9932,160.8329,35.0,4.9,2
52.7692,160.8821,10.0,4.9,2
52.9554,160.8155,36.066,4.4,2
53.0548,160.9982,35.0,4.6,2
52.9813,161.0013,10.0,4.9,2
52.9373,160.7052,47.898,5.7,2
52.3527,160.7563,10.0,5.2,2
52.8444,160.797,10.0,4.1,2
53.0036,160.4457,58.963,4.7,2
52.2378,160.0571,35.0,4.1,2
23.9796,121.671,19.975,4.6,2
52.7679,160.2913,29.93,4.3,2
-10.8013,161.8095,35.0,4.5,3
53.4274,160.8714,31.291,4.6,2
40.6092,-109.4553,0.0,3.4,1
52.9253,160.7012,36.108,4.4,2
52.1919,160.1743,34.0,4.8,2
52.8343,160.6277,35.0,4.7,2
51.2177,160.7231,10.0,4.1,2
52.5074,160.7114,10.0,4.5,2
34.5308,7.4845,10.0,4.3,2
52.8721,160.8301,10.0,5.2,2
52.7989,161.1886,10.0,5.3,2
52.8926,161.048,10.0,4.7,2
51.7035,160.3373,10.0,4.9,2
52.1232,160.5376,10.0,5.0,2
53.1945,160.9439,35.0,4.1,2
52.6078,160.3815,38.482,4.8,2
53.1566,160.7271,11.328,4.2,2
52.7677,160.8657,36.205,4.2,2
53.2472,160.6744,35.0,4.7,2
52.8894,160.2288,39.357,4.0,2
51.7258,159.9022,10.0,4.4,2
53.1908,160.549,32.869,4.5,2
52.8862,160.8619,10.0,4.9,2
52.9284,160.7605,35.714,5.5,2
52.5866,160.5637,31.742,4.5,2
53.0947,160.9131,28.999,4.2,2
-24.5919,179.8478,521.261,4.3,0
52.3906,160.7468,10.0,5.1,2
51.8525,160.4306,10.0,4.9,2
52.4163,160.6915,10.0,5.6,2
53.0277,160.7846,35.0,4.7,2
52.3144,160.15,31.091,4.5,2
52.8301,160.7388,34.384,4.6,2
16.8635,120.0268,35.0,5.4,2
53.5129,160.1176,66.432,4.8,2
2.624,127.2715,49.74,4.5,3
52.6933,160.986,10.0,4.4,2
52.7451,160.8097,10.0,4.4,2
52.9815,161.2724,10.0,4.4,2
52.9133,160.8139,10.0,4.4,2
53.0302,160.9551,10.0,4.4,2
52.7596,160.965,10.0,5.5,2
52.6444,160.7219,10.0,4.5,2
52.8888,160.1938,35.0,4.4,2
52.8522,160.8574,10.0,4.7,2
52.9469,160.7987,32.356,5.4,2
-60.346,-31.3399,10.0,4.7,3
53.0995,160.3259,32.405,5.0,2
52.953,160.9277,10.0,5.3,2
52.9863,160.7735,10.0,5.8,2
-60.4185,-31.5333,10.0,5.4,3
52.688,160.8695,24.19,5.2,2
35.3375,-97.93416667,7.43,2.77,1
53.1426,160.7206,27.0,7.8,2
51.6219,159.8177,10.0,4.5,2
44.6235,149.4554,35.0,4.2,2
35.4105,141.059,34.941,4.5,2
-3.5961,135.4658,28.0,6.0,3
-32.8568,-69.3216,121.245,4.5,3
64.5834,-163.5349,16.426,3.2,1
49.8601,155.7493,73.855,4.5,2
1.6693,126.5186,40.741,4.5,3
40.409666666667,-125.01066666667,10.0,2.89,1
8.0552,126.9205,49.894,4.5,3
-10.1696,113.9017,10.0,4.7,3
-18.2506,168.7726,10.0,4.2,3
38.6009,-115.9458,6.2,2.6,1
51.485,159.7227,35.0,4.5,2
1.6163,126.5285,32.622,4.6,3
12.2024,95.3077,10.0,4.8,3
6.2524,124.2698,500.392,4.3,0
38.6236,-115.9516,6.6,2.7,1
48.6406,-123.7544,10.0,2.6,1
31.9974,131.8676,47.629,4.3,2
62.2448,-150.8523,66.6,2.8,1
54.5383,-159.6993,34.627,3.3,1
-55.0778,-129.7063,10.0,5.3,3
19.2351,145.578,165.243,4.5,2
18.742333333333,-66.541833333333,55.04,3.0,1
-23.1555,170.2002,10.0,4.8,3
36.8822,-104.7877,5.251,3.0,1
63.3345,-145.4699,16.2,2.7,1
54.4581,-160.2587,18.071,3.2,1
11.938,-89.3483,10.0,4.8,3
62.1963,-150.6729,0.0,2.5,1
56.284,-156.8634,17.1,2.5,1
4.2665,127.6824,129.988,4.7,3
-0.5822,128.0835,10.0,4.8,3
18.8165,-67.130166666667,28.02,3.0,1
51.6501,159.9621,37.046,4.4,2
52.5439,160.992,10.0,4.2,2
28.1067,52.3044,10.0,4.2,2
17.923,-67.018333333333,13.47,2.71,1
32.5188333,-115.2213333,22.05,3.01,1
41.4754,83.8183,10.0,4.4,2
5.1722,126.3259,26.556,4.0,3
12.0272,-61.0459,77.162,4.3,3
49.0998,156.215,44.781,4.5,2
31.733,-104.108,7.8943,3.6,1
20.140833333333,-155.77733333333,22.56,2.76,1
2.0809,97.0491,10.0,4.2,3
43.659,-105.2074,0.0,2.6,1
52.6317,159.302,54.177,5.4,2
62.1631,-152.062,108.1,2.7,1
-7.1616,130.0467,68.662,4.3,3
12.3438,-88.0676,64.979,4.4,3
52.9033,160.477,43.072,4.3,2
60.4851,-142.976,6.9,2.7,1
7.805,126.5145,93.398,4.4,3
41.1799,-116.7681,4.9,2.9,1
56.7845,-153.209,114.3,2.5,1
54.5036,161.1448,49.785,4.5,2
51.3246,157.0529,114.719,4.4,2
51.2059,159.5401,10.0,4.2,2
-56.4232,-26.6999,76.216,4.5,3
-7.7428,129.0868,82.62,4.3,3
-6.2642,148.7998,53.627,4.2,3
41.1729,-116.7507,7.1,3.7,1
53.0445,161.7109,10.0,5.0,2
41.1981,-116.7868,1.5,3.3,1
12.1615,-88.2506,35.0,4.4,3
29.7534,129.6362,10.0,4.6,2
12.1794,-88.1898,35.0,4.4,3
-2.9109,128.1972,10.0,4.6,3
29.6194,129.599,10.0,4.9,2
29.5916,129.679,8.368,4.9,2
29.5939,129.6537,10.0,4.6,2
-17.6491,-178.6677,615.931,4.1,0
-19.2595,168.5843,35.0,5.1,3
19.2005,-155.484,29.95,2.5,1
51.7989,158.6047,63.105,4.1,2
18.6348,-156.7491,10.0,3.0,1
18.229,-67.0328,19.0,3.28,1
-29.6475,-177.3256,35.0,4.4,3
6.8252,127.2307,10.0,4.3,3
56.1655,-151.9469,10.0,3.2,1
51.1972,159.1672,35.0,4.2,2
56.3256,-152.1643,10.0,3.0,1
55.533,163.3714,10.0,4.0,2
51.3965,159.8057,10.0,4.7,2
56.3453,-152.176,11.8,4.6,1
49.9151,155.9576,64.163,4.3,2
61.9076,-150.5814,0.8,2.9,1
3.3885,122.8022,536.715,4.3,0
38.3634,20.4351,10.0,4.3,2
33.1266667,-116.0345,8.08,2.78,1
41.235,-116.7112,6.7,2.6,1
-4.4208,35.1184,10.0,4.3,3
34.505,70.6411,10.0,4.4,2
51.476,-179.9159,14.512,3.2,1
31.8067,48.4667,10.0,4.0,2
-22.8107,-70.3668,35.0,4.4,3
67.2138,-157.9219,0.1,2.6,1
34.4855,139.4665,10.0,4.4,2
-21.1239,-68.6028,130.609,4.1,3
41.1673,-116.6934,10.6321,3.02,1
-16.9023,-71.8889,133.309,4.0,3
51.7045,178.15,113.077,4.5,2
43.5983,-105.3141,0.0,3.4,1
-5.5179,153.7354,31.0,6.0,3
57.0352,-154.695,6.9,2.8,1
14.4193,-92.8007,52.976,4.9,3
36.7676,-116.2595,10.0,2.5,1
60.0169,-153.4569,143.8,3.7,1
27.2748,140.3101,320.523,4.0,0
53.2758,160.3532,45.017,4.1,2
54.3666,-159.577,25.392,4.0,1
52.7784,160.7397,32.417,4.3,2
51.9727,-166.0792,10.0,4.2,1
-7.0498,150.2047,10.0,4.4,3
57.1844,-155.9977,13.6,2.5,1
-10.3901,114.1785,10.0,4.4,3
-58.8145,-26.4439,132.969,4.7,3
51.8776,-169.6612,26.935,5.1,2
59.2621,-151.8047,34.4,3.1,1
51.2873,157.5447,75.204,4.2,2
31.5811667,-115.6046667,-0.27,2.94,1
30.2671,69.8789,10.0,4.6,2
3.43,126.0536,69.487,4.4,3
51.5649,159.3577,35.0,5.0,2
-1.6625,-81.0281,10.0,4.7,3
-5.702,-81.2004,10.0,5.1,3
13.4046,51.2208,10.0,4.2,3
-18.1056,-177.7876,586.04,4.3,0
39.4926,143.3176,10.0,4.4,2
23.3055,-44.9733,10.0,4.7,3
48.072,-122.59666666667,54.26,2.94,1
67.353,-156.661,0.0,3.1,1
-52.7147,18.8986,10.0,4.5,3
27.3684,96.9813,10.0,4.1,2
-21.635,-68.4076,121.731,4.5,3
37.941166666667,-121.85016666667,7.5,3.27,1
56.1724,-153.1216,17.5,3.3,1
-60.9261,-62.1434,10.0,4.2,3
27.2988,52.8065,10.0,4.0,2
27.4202,52.5046,10.0,4.2,2
-7.371,129.596,62.959,4.3,3
-20.0735,-69.1103,108.936,4.8,3
51.5862,159.1579,56.19,4.3,2
-17.9551,-177.8607,629.043,4.7,0
52.9052,160.3313,39.81,4.1,2
-17.4649,-70.8409,97.077,4.5,3
19.547,-155.99466666667,4.09,2.88,1
37.6698,138.8388,185.842,4.3,2
10.5421,40.4906,10.0,4.2,3
19.3217,119.6961,10.0,4.5,2
49.4867,159.036,10.0,5.0,2
51.914,160.6626,10.0,4.1,2
52.6973,160.6791,15.0,6.0,2
53.4016,160.4736,55.504,4.4,2
52.851,160.7257,31.325,4.4,2
20.291,146.1406,35.0,4.4,2
79.6091,4.0277,10.0,4.7,2
16.362,-95.1391,53.49,4.5,3
35.8403333,-117.6775,10.09,2.61,1
-16.4737,176.8404,10.0,4.7,3
42.3933,-126.6088,10.0,2.8,1
49.913,156.0453,69.78,4.2,2
-33.4325,-71.9363,31.625,4.4,3
34.3393,16.3558,10.0,5.1,2
53.4084,160.671,38.728,4.3,2
16.6949,-61.347,59.336,5.0,3
36.9108,141.6126,35.0,4.2,2
29.3916,104.0487,10.0,4.7,2
38.0017,38.4942,10.0,4.2,2
53.292,159.8184,68.213,4.4,2
33.639,-116.7293333,13.74,2.83,1
18.2528,-68.059,97.0,3.6,1
38.487,142.0393,56.378,4.4,2
36.7212,25.7026,10.0,4.4,2
40.8748,51.9477,10.0,4.2,2
53.5383,160.2462,53.034,4.1,2
-5.8244,152.4463,10.0,4.6,3
-13.6599,-74.7467,90.914,4.9,3
-27.8953,-72.0907,25.457,4.1,3
53.2241,159.8378,63.043,5.2,2
53.191,159.9222,65.918,4.5,2
61.4029,-149.969,30.1,2.5,1
49.5168,157.24,10.0,4.5,2
50.0183,157.3638,10.0,4.4,2
53.1002,160.0005,62.667,5.2,2
-6.4443,129.236,195.258,4.1,3
-5.8135,152.0241,10.0,4.1,3
12.9136,121.1533,122.525,4.4,3
58.3062,-136.8904,13.4,2.9,1
32.123,-102.156,8.1787,2.5,1
37.1875,-114.529,6.0,2.5,1
-9.1674,-75.1848,109.6,4.2,3
39.699333333333,-120.00883333333,6.87,2.63,1
12.9753,121.2449,10.0,4.7,2
25.0212,122.7764,153.841,4.2,2
51.9413,-173.6963,40.976,3.8,1
53.5979,160.1821,56.565,4.3,2
19.2955,-67.282833333333,25.13,3.16,1
52.4405,160.6459,10.0,4.1,2
32.438,-102.07,8.9111,2.5,1
36.6327,75.4388,10.0,4.5,2
53.1083,159.4014,76.212,4.3,2
20.9575,93.7795,59.107,4.6,2
-2.809,101.0948,75.477,5.3,3
-32.1463,-71.879,32.307,4.0,3
53.6338,159.9378,56.364,4.2,2
-7.8188,154.4747,10.0,4.0,3
42.3847,-126.7152,10.0,3.0,1
52.8658,-168.371,52.18,3.3,1
40.509666666667,-124.5225,17.54,2.84,1
60.007,-153.3242,127.3,2.6,1
51.4602,159.6865,10.0,4.8,2
63.3722,-149.8128,103.1,2.6,1
26.7097,92.2103,29.0,5.5,2
6.9235,-73.1814,151.558,4.1,3
40.512,-124.49266666667,17.17,2.75,1
60.2886,-151.3158,35.2,2.8,1
52.1369,-176.4124,126.265,4.0,1
59.6033,-151.9244,50.0,3.1,1
48.8364,156.5514,10.0,4.1,2
69.734,-15.8382,10.0,4.5,2
6.8248,-76.1391,10.0,5.4,3
51.3512,159.5502,10.0,4.4,2
-7.0885,155.8877,133.175,4.5,3
51.1916,159.5628,10.0,4.6,2
51.4621,159.733,10.0,4.7,2
28.4689,53.207,10.0,4.3,2
-32.682,-179.6924,10.0,4.3,3
29.5759,51.466,10.0,4.6,2
-6.2374,130.3775,121.844,4.5,3
-11.4449,166.0531,35.0,4.4,3
-20.539,-70.0533,38.32,3.2,3
-32.675,-178.5886,35.0,4.2,3
18.025166666667,-65.607,13.25,3.28,1
53.1325,160.4716,35.0,4.0,2
-22.893,-66.3295,226.514,4.7,3
34.37,75.2787,10.0,4.1,2
35.4375,-120.7225,7.15,3.48,1
32.9476667,-116.4726667,7.62,3.58,1
18.346666666667,-67.18,18.57,2.5,1
51.5481,161.2063,10.0,4.2,2
2.5539,95.6971,10.0,4.5,3
14.3963,-94.0127,10.0,4.4,3
-1.732,-81.1699,10.0,4.8,3
-17.6887,168.1436,42.788,4.4,3
42.0242,137.5574,286.491,4.1,2
42.3722,-126.3726,10.0,2.6,1
19.1813,-64.4746,71.0,3.76,1
12.9374,122.8587,10.0,4.7,2
51.694,-170.6741,18.771,4.5,1
69.9642,-15.9072,10.0,4.5,2
52.1296,160.2566,20.861,4.4,2
10.5024,126.4064,10.0,4.4,2
10.3303,123.3056,10.0,4.5,3
-1.8288,-81.0175,10.0,4.4,3
46.7325,-122.15,17.13,2.84,1
28.997,86.6568,10.0,4.3,2
19.248833333333,-155.37916666667,4.76,3.05,1
34.1815,137.2194,333.697,4.1,0
53.4925,160.273,53.438,4.4,2
53.4045,160.2181,50.097,4.1,2
43.6186,-105.2237,0.0,3.0,1
-17.5688,-174.21,137.839,4.4,3
-5.4,152.2663,35.0,4.3,3
-25.6481,-179.7473,476.026,4.1,0
53.6214,160.1364,62.434,4.5,2
-28.9215,-67.7263,134.202,4.1,3
30.3092,50.2483,10.0,4.0,2
5.1756,123.1806,561.143,4.8,0
40.462166666667,-125.47116666667,10.0,2.9,1
-17.6655,-69.7319,153.639,4.3,3
-4.0331,141.992,109.001,4.8,3
16.8689,-85.9099,10.0,4.4,3
53.5623,160.0211,70.255,4.1,2
29.922,129.9543,19.286,4.4,2
19.367166666667,-155.04016666667,9.11,3.1,1
-24.1662,-66.8788,178.818,4.5,3
-9.2192,124.0197,69.888,4.4,3
58.622,-140.0329,8.7,2.7,1
29.5796,51.3509,10.0,4.6,2
53.1244,160.5038,34.18,4.2,2
-17.6271,-65.8958,10.0,4.5,3
-24.1894,-67.0604,178.886,4.0,3
-59.5656,-26.0415,35.0,4.9,3
19.219333333333,-64.809166666667,35.24,3.4,1
-15.4259,-173.6035,43.332,4.1,3
60.0331,-152.5349,94.3,2.5,1
36.1765,-118.0265,3.21,2.56,1
36.1746667,-118.0238333,2.54,2.85,1
36.1773333,-118.0228333,1.75,2.83,1
32.6453333,-115.7368333,6.74,2.91,1
34.3478,23.8015,11.464,4.7,2
32.6431667,-115.732,7.26,3.02,1
63.337,-145.4692,17.3,2.9,1
-16.5625,176.9306,10.0,4.7,3
53.0772,160.1087,48.264,4.2,2
51.2807,158.7094,35.0,5.2,2
53.2245,160.3688,45.096,5.2,2
18.98,-66.079666666667,8.07,3.12,1
-48.6862,-10.1852,10.0,4.7,3
25.9678,96.9455,10.0,4.5,2
54.4509,-159.787,21.528,4.4,1
23.9572,122.5406,10.0,4.5,2
53.1518,160.3792,56.993,4.2,2
-55.6948,-28.0794,34.514,5.4,3
-8.0643,-75.7757,19.437,4.9,3
52.4851,-175.2459,219.077,4.1,1
5.9005,126.9658,105.097,4.2,3
53.1969,160.1901,58.0,7.4,2
51.4762,179.634,72.5,4.5,2
17.928166666667,-67.019666666667,13.86,2.73,1
52.1943,159.7124,38.581,4.9,2
52.1476,159.7059,36.363,4.7,2
57.0515,-154.4452,34.3,3.0,1
-6.3743,104.5726,61.31,4.5,3
51.9608,158.3358,78.836,4.3,2
32.8985,141.7533,10.0,4.9,2
-24.2635,-67.0219,186.192,4.5,3
-52.8962,22.0141,10.0,4.4,3
14.649,-94.2682,10.0,4.6,3
-56.1688,-143.0756,10.0,5.4,3
50.4745,157.713,40.941,4.5,2
18.9845,-65.013,48.35,3.08,1
52.1377,159.7096,35.0,4.9,2
52.1915,159.6795,35.0,4.7,2
29.1796,87.0157,10.0,5.0,2
52.1778,160.2185,35.0,4.1,2
63.3362,-145.4652,16.8,2.7,1
-5.5229,132.1019,10.0,4.3,3
51.5212,160.458,10.0,4.5,2
63.3893,-145.4335,8.6,3.8,1
52.0634,159.8576,22.256,5.1,2
42.4932,-28.8979,10.0,4.5,2
59.4519,-138.6187,3.1,2.9,1
54.8519,-156.1369,57.2,3.4,1
63.6746,-23.2381,10.0,4.3,2
-20.5551,-178.0853,516.789,4.0,0
63.152,-150.951,130.227,2.9,1
-6.276,152.7488,10.0,4.4,3
36.5615,71.0773,199.491,4.2,2
-10.3275,120.4323,54.204,4.6,3
-56.0224,-143.4819,10.0,5.1,3
51.2693,159.268,34.426,4.4,2
-2.1137,127.8567,29.507,4.2,3
-39.4342,-15.621,10.0,5.6,3
37.0475,75.4095,10.0,4.7,2
-10.7629,165.1071,61.329,5.1,3
-52.7683,22.3101,10.0,4.4,3
-52.8739,21.8555,10.0,4.4,3
-52.8105,21.813,10.0,4.4,3
43.1447,146.5868,36.519,4.8,2
-5.0736,153.4977,40.702,4.2,3
-52.778,21.8566,10.0,4.3,3
44.1599,-105.4129,0.0,3.1,1
-53.002,21.956,10.0,4.4,3
-52.9829,21.7342,10.0,4.6,3
19.193833333333,-155.48966666667,29.92,2.86,1
-14.9667,-173.5872,31.452,4.3,3
42.4833,-126.6388,10.0,2.9,1
51.4198,158.6045,35.0,4.3,2
-52.9951,22.1673,10.0,4.6,3
50.3122,154.8971,152.68,4.3,2
-14.7869,167.1555,83.232,4.4,3
-7.2119,129.152,120.049,4.1,3
-17.7163,-178.6567,580.268,4.3,0
57.645,-156.3099,108.3,2.5,1
-21.7192,170.8455,184.629,4.6,3
-7.2049,125.917,10.0,4.7,3
42.509,-125.982,10.0,2.7,1
61.7092,-148.0281,30.5,2.6,1
-16.3302,167.2356,19.584,4.9,3
-28.6186,-70.2984,102.684,4.3,3
-16.3977,167.3376,10.0,5.0,3
-4.3339,153.042,27.36,4.6,3
-15.4012,-176.1986,330.0,4.2,0
-23.9499,-66.9871,173.069,4.5,3
67.021,-169.0909,10.0,3.1,1
-7.7533,126.8827,125.745,4.4,3
51.8171,-178.5145,10.0,3.6,1
-56.3281,-27.833,10.0,5.3,3
40.387666666667,-125.0125,10.0,2.93,1
-6.801,129.6699,145.454,4.2,3
57.1551,-154.9657,35.0,2.7,1
59.8065,-153.228,118.7,3.0,1
34.7575,-118.8218333,11.1,2.56,1
19.060333333333,-66.4835,39.69,3.05,1
18.811333333333,-64.923666666667,22.74,3.34,1
-22.9046,-66.6358,217.95,4.5,3
49.2119,155.0136,70.014,4.4,2
51.4217,16.2483,5.0,4.5,2
-17.9008,-69.3494,150.639,4.3,3
28.2571,52.2639,10.0,3.9,2
-7.3399,156.1613,75.991,4.6,3
32.108,-102.144,6.5918,2.6,1
17.3779,145.4727,323.484,4.1,0
51.6184,159.9232,10.0,4.3,2
37.944666666667,-118.53766666667,12.79,2.88,1
36.0495,-117.8516667,1.94,2.57,1
51.3629,159.5807,10.0,4.4,2
35.728,-120.26233333333,4.68,2.7,1
32.106,-102.154,6.9794,2.7,1
51.3044,159.6645,10.0,4.6,2
-21.5965,-68.5632,134.03,4.1,3
13.8547,145.2782,91.953,4.1,2
51.6573,159.1871,35.776,4.6,2
50.6089,158.6547,10.0,4.4,2
51.1511,159.1691,10.0,4.4,2
-32.0933,-69.4191,119.797,4.4,3
18.862,-67.321166666667,8.94,2.96,1
27.4525,53.4395,10.0,4.1,2
49.0208,155.2144,60.603,4.4,2
19.083666666667,-66.999833333333,9.52,3.07,1
51.3709,159.5342,35.0,4.3,2
-16.4743,167.3368,10.0,4.9,3
51.2387,159.46,10.0,4.4,2
51.2353,159.9008,10.0,4.5,2
49.1306,155.2613,73.527,4.3,2
51.316,159.9795,10.0,4.4,2
-63.0531,-63.8138,10.0,4.8,3
51.1383,159.5376,10.0,4.3,2
51.9752,160.3161,10.0,4.4,2
61.4254,-149.9069,33.6,2.7,1
51.0253,159.5001,10.0,4.3,2
66.3707,-157.5142,11.5,2.8,1
51.5604,159.3414,35.0,4.3,2
40.34,-124.84616666667,13.61,2.9,1
51.627,159.3085,54.695,4.2,2
51.4261,159.6962,10.0,5.0,2
-3.677,-102.9953,10.0,4.9,3
49.8397,155.7456,80.711,4.5,2
51.5039,159.5283,35.0,4.7,2
-3.0498,-80.2418,52.291,4.2,3
-5.5707,131.691,35.0,4.9,3
32.4585,-115.1103333,15.75,2.56,1
-15.0016,-173.3144,10.0,4.6,3
-2.472,139.582,46.472,4.1,3
15.1935,120.0363,65.313,4.5,2
42.8166,-107.6849,9.317,2.9,1
51.5942,159.7,35.0,4.8,2
40.306666666667,-124.668,18.08,2.67,1
19.331166666667,-155.13266666667,5.96,2.99,1
51.8166,160.287,35.698,4.3,2
51.6012,159.6582,34.798,4.7,2
51.5289,159.7602,10.0,5.3,2
51.5379,159.6606,10.0,5.0,2
51.6708,159.9679,10.0,4.3,2
42.2488,-126.6673,10.0,2.5,1
51.6222,158.2141,50.272,4.4,2
8.1028,-38.3825,10.0,4.5,3
51.3432,159.6046,10.0,4.4,2
35.1761667,-119.2336667,18.05,3.69,1
50.9747,159.6394,10.0,4.5,2
51.7281,159.4201,58.703,4.4,2
51.5368,159.837,10.0,4.4,2
51.9818,158.6714,65.925,4.7,2
51.4918,159.5325,35.0,4.7,2
51.5535,159.7272,10.0,5.1,2
34.4362,16.5344,10.0,4.4,2
-9.623,112.8724,49.654,5.0,3
31.7326667,-115.9406667,-0.16,2.59,1
-21.8848,-179.0546,584.91,4.1,0
71.5454,-64.4146,9.649,4.3,2
-24.1555,-66.7645,192.182,4.2,3
40.480166666667,-109.70483333333,68.34,4.13,1
-8.0333,115.4914,224.615,4.4,3
51.9725,160.1045,48.566,4.8,2
15.9531,-96.6817,35.0,4.4,3
36.536833333333,-121.1595,7.78,2.72,1
-10.2863,161.0221,70.115,4.3,3
52.9664,159.7556,57.486,5.0,2
2.8177,127.1504,45.667,4.4,3
-8.1718,-75.8205,10.0,4.9,3
42.6647,-111.2614,5.0,2.8,1
15.0498,108.1553,10.0,4.5,2
42.6645,-111.2295,5.0,3.2,1
51.3825,159.5233,10.0,5.2,2
-60.1622,-61.6308,10.0,4.5,3
37.7305,141.67,84.827,4.3,2
28.0705,57.4736,10.0,4.4,2
22.4055,143.1202,174.318,4.7,2
56.2689,-155.7457,25.8,2.7,1
42.5737,-127.3576,10.0,2.6,1
-40.5083,175.7816,35.0,4.3,3
-7.4337,106.715,74.788,4.3,3
19.0445,-64.5118,64.0,3.8,1
25.9012,128.4819,10.0,4.3,2
42.3455,-126.6769,10.0,2.5,1
-3.2534,142.6252,45.461,4.2,3
18.8625,-67.034833333333,8.11,3.19,1
52.5887,160.8157,35.0,4.5,2
32.086,-102.024,8.0566,2.8,1
30.463,140.3523,22.997,4.5,2
69.2314,-146.9565,0.0,2.8,1
40.398666666667,-125.04883333333,6.92,2.85,1
50.7714,157.0498,69.999,4.8,2
-0.7281,124.6327,58.426,4.5,3
32.1851667,-117.6953333,15.63,2.75,1
36.071166666667,-120.19083333333,10.66,2.65,1
38.7905,-122.76916666667,3.99,2.59,1
34.8416667,-116.4101667,1.6,3.06,1
19.2317,-108.6047,10.0,4.9,3
39.2316,144.806,10.0,4.6,2
52.7965,160.796,40.813,4.2,2
52.7606,160.7728,10.0,4.3,2
49.8529,155.9457,80.41,4.1,2
53.2398,-168.5916,93.807,3.8,1
19.162333333333,-64.5555,32.62,3.12,1
47.675166666667,-120.10883333333,1.7,2.52,1
-26.9686,26.8444,5.0,4.3,3
51.9441,-173.4251,72.229,3.2,1
-32.7193,-178.7437,35.0,4.4,3
19.1995,-64.4696,40.0,3.81,1
42.3584,-127.1426,10.0,2.6,1
19.0106,-64.473,64.0,3.86,3
-19.4649,-66.7624,253.807,4.3,3
35.61133333,-98.049,3.74,2.79,1
18.8953,39.0729,10.0,4.4,2
31.635,-104.015,6.087,3.7,1
-8.1252,123.9131,163.011,4.2,3
42.4278,-126.4597,10.0,2.7,1
19.2206,-64.5288,15.0,4.01,3
51.6608,159.7004,42.971,4.8,2
29.504,130.5768,35.0,4.8,2
19.0029,39.1078,10.0,4.5,2
53.1244,161.5648,24.129,4.6,2
18.2319,39.9666,10.0,4.1,2
40.331833333333,-124.92683333333,6.55,3.88,1
42.4522,-126.57,10.0,5.1,2
42.5029,-126.4682,10.0,4.4,1
1.6196,127.2088,142.172,4.1,3
42.3563,-126.9405,10.0,4.3,1
42.4438,-126.5855,10.0,4.9,2
-24.2893,-67.1581,174.986,4.5,3
-29.5844,-71.9741,13.97,4.3,3
36.585333333333,-121.18633333333,4.69,2.75,1
18.8324,39.0784,10.0,4.1,2
-28.4916,-177.4295,10.0,4.6,3
44.3668,39.5827,10.0,4.4,2
40.9195,-123.5225,30.49,3.43,1
42.4293,-126.2798,10.0,4.6,1
41.1815,-116.6894,10.5,2.8,1
42.399,-127.0574,10.0,3.5,1
19.415666666667,-154.89483333333,37.96,3.63,1
60.1181,-152.7153,110.1,3.0,1
42.5299,-126.4381,10.0,2.7,1
-2.8837,129.3479,19.031,4.6,3
-6.4137,131.4916,23.241,4.8,3
31.661,-104.36,5.0232,2.5,1
41.2194,-116.6922,8.844,2.54,1
-37.4955,78.1132,10.0,5.3,3
34.6911667,-116.344,2.84,2.64,1
-37.6129,78.51,10.0,4.3,3
53.2389,161.4336,25.407,4.2,2
42.4881,-126.4533,10.0,2.8,1
-9.4859,123.5792,83.116,4.2,3
7.8807,-38.6405,10.0,4.6,3
42.4272,-126.1348,10.0,2.7,1
26.6443,54.1759,15.34,4.5,2
-21.4051,-66.6325,219.565,4.9,3
36.867833333333,-121.60933333333,5.5,2.63,1
42.3739,-126.7325,10.0,4.3,1
18.393166666667,-66.353666666667,55.93,3.05,1
42.5358,-126.7505,10.0,3.2,1
-25.4959,179.7323,496.474,4.2,0
42.2935,-126.5924,10.0,2.6,1
33.707,139.4568,10.0,4.4,2
-9.9186,121.7796,35.0,4.7,3
55.4542,166.3641,10.0,4.7,2
42.5252,-126.5413,10.0,2.9,1
42.3562,-126.6774,10.0,2.6,1
18.4417,145.5618,210.383,4.3,2
42.4534,-126.5089,10.0,3.0,1
19.034333333333,-155.40583333333,35.5,2.6,1
42.4686,-126.1497,10.0,2.6,1
44.5642,-112.2264,9.388,2.5,1
42.1666,-127.1952,10.0,2.5,1
40.268166666667,-124.5825,5.74,3.63,1
11.2144,125.476,83.937,4.7,3
42.5355,-126.3243,10.0,3.3,1
-6.5058,128.9902,214.82,4.4,3
42.4309,-126.5867,10.0,2.7,1
49.6782,157.4864,10.0,4.2,2
49.3882,157.4174,10.0,4.3,2
42.4972,-126.5701,10.0,2.6,1
42.4867,-126.4601,10.0,5.1,2
42.4523,-126.315,8.057,4.9,2
34.4511667,-117.9123333,8.79,3.25,1
42.4452,-126.3396,10.0,2.7,1
42.367,-127.0916,10.0,2.7,1
42.4339,-126.5642,10.0,3.3,1
49.0112,156.1091,25.765,4.9,2
42.2649,-126.4313,10.0,2.7,1
-17.1571,-178.826,549.856,4.1,0
48.6572,155.7912,10.0,4.0,2
42.3597,-126.5322,10.0,4.4,1
42.36,-126.5618,10.0,5.7,2
42.3758,-126.3855,10.0,2.5,1
-10.4808,124.6142,10.0,4.4,3
41.1875,-116.757,8.3,3.2,1
51.2958,159.4283,28.491,4.5,2
6.2494,-82.4704,10.0,4.9,3
18.8318,-69.0011,135.927,2.7,1
56.0845,-153.1921,23.2,3.0,1
60.0346,-143.6929,11.3,2.7,1
40.290833333333,-124.62683333333,8.0,2.81,1
51.0515,159.4417,10.0,4.3,2
-23.6315,-179.0609,393.102,4.1,0
49.8334,155.8118,64.365,4.7,2
35.4745,140.149,66.626,4.3,2
48.9068,154.6652,67.16,4.1,2
44.5792,-112.2159,6.757,2.5,1
50.7515,156.9587,65.988,4.3,2
4.0528,127.934,69.783,4.6,3
16.2607,-98.1418,10.0,5.2,3
-21.0025,173.7046,10.0,6.4,3
59.5738,-153.0364,92.129,2.8,1
38.2551,24.1197,10.0,5.0,2
34.1975,87.7608,10.0,4.2,2
-17.8736,-178.5413,589.992,4.2,0
18.192,-67.0625,16.62,2.84,1
56.1127,-153.1256,20.1,3.4,1
9.9133,125.5075,143.517,5.3,3
-20.5989,-178.4263,591.229,4.2,0
4.8929,123.0324,573.765,4.2,0
-15.1079,-173.8465,10.0,4.6,3
-0.2467,99.7911,100.254,4.3,3
-14.3933,167.1544,171.538,4.2,3
37.066,141.966,44.433,4.5,2
-7.9282,117.6939,8.364,4.1,3
40.269333333333,-124.61766666667,5.24,2.88,1
-56.1601,-25.0535,10.0,4.9,3
5.747,125.9377,162.82,4.6,3
51.4184,159.3579,34.903,4.3,2
7.7349,136.7563,10.0,4.6,3
53.1006,161.067,35.963,4.4,2
52.4795,160.8577,10.0,5.0,2
62.5456,-148.7583,33.9,2.5,1
32.1565,140.3549,96.348,4.5,2
51.7635,158.88,35.0,4.2,2
38.8756,-118.7339,8.6,2.8,1
68.2959,-160.8558,10.0,2.6,1
44.5684,-112.2138,10.0,3.7,1
52.3669,160.7748,10.0,5.1,2
35.61183333,-98.04433333,7.01,3.15,1
17.877,-66.931,13.86,2.52,1
39.561666666667,-122.02683333333,23.96,2.55,1
-8.392,119.4927,171.656,4.3,3
18.4798,-67.2661,97.0,3.68,1
-1.9845,139.1742,35.0,4.2,3
44.5566,-112.2187,11.463,3.9,1
44.5629,-112.227,10.0,3.6,1
49.7576,157.3809,17.955,4.4,2
20.172833333333,-156.0625,17.97,2.69,1
23.7537,122.5237,10.0,4.8,2
26.9293,91.7415,41.144,4.3,2
-6.5347,92.0678,10.0,4.5,3
43.0287,-126.2732,10.0,2.8,1
46.873,152.5884,66.72,4.1,2
36.529,-121.1175,7.68,3.09,1
-0.9822,134.2512,32.556,4.6,3
-41.1978,172.5809,6.692,4.3,3
32.4076,141.7538,10.0,4.6,2
-24.3842,-179.9,522.434,4.3,0
40.3275,-124.90016666667,12.53,2.72,1
-58.1885,-15.9097,10.0,5.1,3
39.4985,-99.3026,5.0,3.3,1
44.5741,-112.2145,9.879,2.6,1
70.828,-6.5745,10.0,4.1,2
-19.117,168.6541,35.0,4.5,3
31.673,-104.313,5.1257,2.6,1
13.0158,145.312,35.0,3.9,2
44.5813,-112.2328,8.203,3.4,1
51.3358,159.2549,35.0,4.3,2
-50.791,162.2552,10.0,5.2,3
19.2386,-64.5066,35.0,3.75,1
63.0771,-148.4351,69.006,2.6,1
-20.9612,-69.0134,108.208,4.6,3
38.1456,74.9501,10.0,4.2,2
12.3193,142.4637,87.415,4.5,2
37.3791,137.0576,10.329,4.5,2
1.2814,126.4633,49.04,4.7,3
-36.8899,106.5942,10.0,4.7,3
34.0473333,-117.2611667,15.49,2.53,1
-7.6478,123.9499,336.237,4.1,0
-44.9441,167.4099,105.786,4.3,3
19.314,-66.308333333333,31.92,3.34,1
41.9173,81.9796,10.0,4.5,2
50.8501,157.1112,79.757,5.0,2
39.1855,28.1859,9.955,4.4,2
31.736,-104.372,5.5872,2.6,1
50.0813,155.8287,75.895,4.8,2
-15.9833,-175.2045,271.983,4.4,0
62.5166,-150.1794,16.2,2.8,1
61.3611,-140.9623,5.272,3.5,1
51.9177,158.8169,48.192,4.3,2
-24.2383,-67.376,178.794,4.2,3
37.698833333333,-121.88066666667,12.29,3.13,1
3.5477,126.7457,46.704,4.5,3
-6.4454,130.7902,89.641,4.9,3
51.4476,-130.5975,10.0,4.1,1
32.471,-104.6508,9.699,2.8,1
61.5531,-150.9123,61.9,2.7,1
-7.8895,117.6906,12.248,4.2,3
34.6576,70.6806,10.0,4.1,2
31.4219,139.9912,124.394,4.3,2
51.7576,160.5245,10.0,4.4,2
-17.778,167.9642,35.0,4.2,3
24.0077,122.5331,33.458,4.2,2
17.877,-66.942166666667,8.43,2.83,1
-7.0091,150.2701,10.0,4.8,3
-5.8117,147.4016,137.448,4.3,3
61.6818,-150.2125,31.4,2.9,1
66.8999,-155.0757,8.407,2.5,1
17.946833333333,-66.854666666667,12.37,2.62,1
51.4925,160.144,10.0,4.3,2
39.2065,28.1295,10.0,4.9,2
-24.3121,-67.2017,172.373,4.2,3
31.539,-104.154,6.1383,2.6,1
52.2773,160.4729,10.0,4.9,2
51.2443,157.5855,78.229,4.5,2
52.1658,160.4818,10.0,5.0,2
36.5122,70.5863,205.298,4.3,2
51.1136,159.1374,10.0,4.2,2
31.54,-104.147,6.0999,2.7,1
9.2452,126.908,10.0,5.1,3
40.387666666667,-124.99633333333,15.72,2.55,1
46.4059,150.043,10.0,4.4,2
26.2732,141.0657,117.054,4.5,2
51.4124,157.6145,84.758,4.1,2
43.4593,83.259,10.0,4.4,2
63.1122,-150.8649,138.746,2.8,1
-23.2655,-179.9577,538.189,4.1,0
-16.0342,-75.5304,10.0,4.6,3
-36.878,51.8744,10.0,4.4,3
-24.32,-67.1008,167.076,4.5,3
62.8043,-148.949,1.9,2.5,1
19.0137,96.264,10.0,4.6,2
49.8801,157.1114,44.827,4.1,2
63.0847,-150.9339,123.4,2.6,1
-6.8151,155.553,126.41,4.2,3
18.2295,-67.6953,97.0,3.73,1
18.057333333333,-68.430333333333,84.58,3.43,1
52.6444,-174.7575,209.096,3.9,1
52.2977,160.7498,10.0,4.3,2
34.1883333,-117.7555,7.9,3.41,1
34.6792,70.6092,10.0,4.5,2
51.5554,159.1604,62.299,4.1,2
25.6156,127.9554,12.838,4.3,2
52.3073,-169.6386,35.0,4.4,1
52.3982,160.1575,43.492,4.6,2
52.3174,160.1852,30.832,4.7,2
17.2184,-101.3678,10.0,4.2,3
52.3153,-169.4988,37.69,5.4,2
52.7026,-169.7423,51.668,3.7,1
52.5385,-170.074,63.471,3.7,1
51.7562,158.1845,72.653,4.9,2
-37.4133,178.6202,43.92,5.0,3
-28.2451,-67.4359,111.607,4.4,3
-17.7485,-178.3923,558.289,4.7,0
1.0681,100.1885,199.351,4.3,3
32.2667,142.0712,10.0,4.5,2
32.25,142.1296,10.0,4.6,2
-61.7352,161.6393,10.0,4.4,3
47.3961,152.2406,130.244,4.2,2
51.6594,159.5166,47.461,4.2,2
51.5937,159.4887,37.66,4.3,2
51.454,159.518,10.0,4.8,2
25.067,125.0297,35.624,4.3,2
56.4415,-153.0943,0.0,2.9,1
61.6618,-149.6766,54.9,2.5,1
58.239833333333,-155.196,4.27,2.57,1
58.2739,-155.3288,0.0,3.4,1
40.419833333333,-125.34983333333,10.0,2.84,1
31.529,-104.161,6.4203,2.9,1
42.5165,-111.234,5.0,2.6,1
63.2332,-150.5956,130.1,2.6,1
-11.312,165.8242,55.485,4.5,3
52.7251,161.0944,10.0,4.3,2
61.5844,-150.9474,94.3,2.8,1
43.2761,-28.9956,10.0,4.7,2
19.4037,-64.5206,10.0,3.1,1
32.3871,105.1519,10.0,4.3,2
-22.8929,-66.869,236.405,4.2,3
17.4264,-94.2066,61.01,4.0,3
-14.95,-173.3253,35.0,4.4,3
-20.2605,-178.0524,576.408,4.4,0
51.1483,159.2805,35.0,4.2,2
54.1089,-159.9425,10.0,5.1,2
-22.5477,170.9152,35.0,4.7,3
-18.7412,168.8691,167.308,4.5,3
34.0273333,-117.104,10.81,2.53,1
32.114,-101.054,7.6416,3.4,1
41.0006,141.958,67.663,4.2,2
52.5607,158.8308,75.31,4.2,2
57.5867,119.7191,10.0,4.6,2
36.905833333333,-90.166166666667,5.79,3.07,1
41.657333374023,-122.22599792481,3.3599998950958,2.63,1
59.4222,-152.3026,67.1,2.6,1
-17.3161,-178.9275,561.876,4.3,0
22.9136,93.8678,76.811,4.3,2
34.1548333,-117.4466667,12.3,2.66,1
49.0296,157.8122,10.0,4.4,2
-6.7457,129.7117,145.274,4.1,3
49.1447,156.1278,35.0,4.2,2
11.6148,-85.8245,195.012,4.5,3
49.0858,156.0926,30.416,4.6,2
49.1633,156.1058,39.687,5.2,2
32.9882,102.963,10.0,4.5,2
41.2047,-116.7023,9.6,2.7,1
-23.4533,-179.9944,536.206,4.5,0
-6.2308,129.7866,200.848,4.4,3
72.6397,3.906,10.0,4.7,2
-1.821,-81.0466,3.061,5.4,3
54.1633,-166.1839,103.035,4.4,1
34.5525,70.6837,10.0,5.2,2
-9.6347,113.7339,52.334,4.6,3
31.0108,143.0862,10.0,4.5,2
18.1329,145.2906,450.422,4.0,0
-6.3978,151.8483,10.0,4.4,3
-55.142,-1.3455,10.0,4.4,3
-60.3049,-62.8163,10.0,4.7,3
50.9356,-177.1716,7.86,3.8,1
-7.5618,-79.9607,53.72,4.5,3
-25.4394,-177.1288,137.709,4.6,3
50.6188,156.9493,74.025,4.2,2
-20.6824,-178.8023,613.108,4.2,0
44.3605,-115.1914,5.205,2.5,1
33.3622,139.1847,10.0,4.5,2
-7.2592,129.3381,154.863,4.5,3
36.0646,139.6885,70.016,4.2,2
2.1264,96.5556,23.377,4.3,3
51.5015,177.5613,51.715,3.9,2
35.609,-98.0475,6.76,2.62,1
1.4001,126.7621,43.633,4.3,3
1.8304,122.8927,434.959,4.0,0
52.3398,160.365,10.0,4.2,2
-6.1202,146.4662,114.63,4.6,3
18.7485,-65.2865,99.16,3.18,1
19.0305,-64.4108,68.0,3.91,3
39.1711,28.2092,10.0,4.3,2
34.7136,70.8489,10.0,4.3,2
41.1372,-116.7126,11.0,2.7,1
-59.2055,-17.2326,10.0,4.7,3
15.8388,-96.2319,33.717,4.7,3
34.6969,70.789,10.0,4.5,2
41.1496,-116.7329,8.0,3.2,1
30.4969,140.2547,10.0,4.4,2
49.811,155.8168,78.348,4.1,2
-24.3002,-67.2181,172.993,4.2,3
-17.4158,-178.7573,552.972,4.5,0
41.1528,-116.7212,8.9,2.7,1
19.2873,-64.5363,70.0,3.92,3
19.5889,-64.3492,10.0,3.2,1
19.6365,-64.2193,29.0,3.79,1
34.7254,70.6555,10.0,4.8,2
-24.2524,-67.5035,179.903,4.3,3
34.5564,70.7886,10.0,4.7,2
34.8172,70.8104,8.988,5.3,2
-23.3907,-175.4457,36.768,5.0,3
40.7668,-127.8268,10.0,2.7,1
34.5599,70.526,10.0,4.1,2
10.9916,138.592,10.0,4.5,2
48.9429,154.5563,84.354,4.1,2
52.3004,160.7564,10.0,5.2,2
34.7018,70.6667,10.0,4.9,2
43.6537,-105.3721,0.0,3.1,1
41.1835,-116.6936,9.1951,2.69,1
33.5309,81.8601,10.0,4.2,2
56.4249,-156.6994,17.8,2.7,1
52.2449,-169.3578,35.0,3.5,1
11.7318,-87.459,39.674,4.9,3
52.1859,-169.4297,35.0,5.2,2
-1.8147,137.3545,27.436,4.5,3
18.000333333333,-68.754666666667,81.32,3.42,1
52.1866,-169.4951,35.0,5.2,2
54.4008,-161.466,35.0,3.7,1
34.5739,70.653,10.0,4.4,2
17.971666666667,-67.931833333333,52.27,3.28,1
52.9094,160.5623,35.0,4.1,2
41.1876,-116.6824,5.7,3.0,1
34.6972,70.758,16.505,5.6,2
51.4589,159.4537,35.0,4.3,2
-21.7033,-68.5334,139.269,4.2,3
41.1626,-116.7101,11.0,3.4,1
40.324833333333,-124.8565,12.77,2.63,1
-7.5438,130.7545,38.42,4.3,3
54.0915,-159.6859,35.0,3.9,1
43.7018,-127.6422,10.0,2.8,1
37.2288,71.7385,154.359,4.1,2
1.5466,99.3953,166.311,4.4,3
18.5321,-70.463,10.0,4.4,3
-24.3383,-67.144,153.228,4.0,3
59.7932,-153.3909,112.5,2.8,1
41.8011,82.01,10.0,4.4,2
51.9986,160.378,10.0,4.5,2
60.1079,-150.8137,50.349,3.0,1
38.1672,-117.8502,9.4,3.5,1
32.2398,-104.4846,5.0,2.5,1
17.5473,120.712,54.122,4.4,2
-19.4046,169.6941,35.0,4.5,3
40.366666666667,-125.00516666667,10.0,2.89,1
53.4806,-164.8047,35.0,3.4,1
-19.4817,169.7526,34.312,5.1,3
-19.3256,169.7102,35.0,4.5,3
-19.3442,169.6929,35.0,4.5,3
39.1271,142.8068,35.0,4.5,2
26.4927,140.471,385.072,4.7,0
64.4923,-17.9921,10.0,4.2,2
-4.8633,153.4113,60.303,5.2,3
31.668,-104.378,6.0999,2.5,1
56.1888,-152.2296,20.3,3.3,1
67.3294,-156.679,10.0,2.6,1
41.1857,-116.7087,9.1,2.7,1
41.8075,82.0929,10.0,4.7,2
18.911833333333,-65.331333333333,25.82,3.24,1
19.4456,-68.2833,58.0,3.57,1
51.9703,158.1461,83.176,4.5,2
17.968833333333,-66.911666666667,14.3,2.91,1
23.6498,94.7137,121.439,4.4,2
34.624,70.7561,10.0,4.7,2
19.167,-155.08333333333,48.39,3.11,1
11.6636,141.8368,10.0,5.2,2
-9.2397,124.1181,101.893,4.5,3
62.0343,-150.3408,4.5,2.6,1
21.5879,95.5933,10.0,4.5,2
-24.1304,-67.1572,182.0,5.9,3
-24.3102,-67.0928,172.477,5.0,3
49.8259,158.4045,10.0,4.2,2
-20.4466,-177.8582,549.724,4.4,0
4.6501,92.2411,10.0,4.5,3
51.2716,159.3835,10.0,4.4,2
51.2867,159.4698,10.0,4.3,2
-23.0918,172.3639,10.0,4.4,3
52.3016,-169.4338,35.0,3.8,1
-0.8989,120.3595,10.0,4.5,3
52.7896,-169.6989,45.95,3.8,1
54.2722,-161.3654,35.0,3.8,1
2.9189,125.8797,131.199,4.6,3
52.1171,-169.4631,35.0,4.6,1
-2.7517,130.2049,10.0,4.5,3
43.7795,-105.3684,0.0,3.0,1
-2.8309,130.0069,10.0,4.3,3
-2.7285,130.133,9.194,4.9,3
52.2025,159.0263,61.666,4.9,2
-9.5616,158.4298,10.0,4.7,3
13.8894,144.6662,10.0,4.1,2
-23.2002,172.4082,10.0,4.6,3
9.6784,126.2416,32.153,4.5,3
13.7956,144.6687,156.309,4.2,2
-23.3892,-175.707,35.0,5.0,3
9.6436,126.3902,35.0,5.0,3
43.5719,-105.2953,0.0,2.5,1
19.452166666667,-155.65766666667,-2.03,2.55,1
-1.8439,139.1347,25.691,4.4,3
-17.6386,-178.6599,561.135,4.4,0
52.4238,-169.5357,39.206,3.7,1
52.1987,-169.4842,10.0,4.4,1
41.7707,82.0621,10.0,4.3,2
52.207,-169.5044,18.0,5.9,2
54.3707,-159.8603,10.0,3.9,1
19.7463,-66.9026,40.0,3.93,3
27.3882,129.3926,23.212,4.6,2
52.1314,-169.8992,26.216,4.2,1
9.9483,125.767,63.711,4.4,3
60.6773,-151.227,43.5,2.5,1
41.1294,-116.7361,7.3,2.9,1
-1.7416,139.1889,22.712,4.4,3
-4.0111,142.9279,68.88,4.8,3
61.2821,-146.9783,14.9,2.9,1
18.818,-64.8246,12.0,3.73,1
52.4694,160.352,24.799,4.5,2
51.2292,158.1545,69.552,4.5,2
-1.7993,139.1109,22.998,4.9,3
-25.349,179.7565,502.35,4.4,0
71.514,-12.1922,10.0,4.3,2
19.6445,-64.2728,45.0,3.61,1
-1.5015,-77.856,161.773,5.3,3
64.7673,-150.738,22.8,2.5,1
9.7118,93.6542,10.0,4.4,3
49.9923,158.7005,10.0,4.5,2
44.0361,-128.4571,10.0,3.9,1
-20.5024,-177.8381,532.426,4.7,0
51.3799,159.6621,10.0,4.4,2
60.8058,-151.9299,13.9,2.5,1
56.2818,-152.19,10.0,3.4,1
-12.1686,166.5046,93.295,4.6,3
-5.4566,153.7616,35.0,4.5,3
54.0444,-159.7746,10.0,3.8,1
54.04,-159.6814,10.0,4.2,1
54.0971,-159.8393,10.0,4.4,1
56.3138,-152.3018,24.8,3.5,1
65.473,-168.5448,7.6,2.6,1
19.9945,-155.36916666667,12.42,2.67,1
57.9097,-156.6851,154.6,2.5,1
44.3273,-115.1787,10.0,3.0,1
-58.1218,-26.0536,89.699,4.4,3
64.9103,-150.0924,18.7,2.6,1
-1.92,139.1436,25.027,4.7,3
-7.6992,127.6248,129.042,4.3,3
56.164,-152.1769,25.1,3.1,1
-19.989,-177.8639,430.41,4.4,0
41.1963,-116.742,8.4,3.1,1
51.8636,158.5225,72.11,4.1,2
55.282,-154.4819,20.1,2.7,1
-60.4174,-62.4535,10.0,4.9,3
-19.2153,-69.0791,121.532,4.4,3
54.4683,-159.993,10.0,3.0,1
61.3979,-149.6871,28.6,2.5,1
56.2209,-152.2333,21.2,2.5,1
19.7323,-64.1523,49.0,3.94,3
-5.7303,-75.1936,117.465,4.2,3
32.6533333,-115.8993333,10.68,2.87,1
51.877,160.1195,35.0,4.9,2
51.3134,159.5724,10.0,4.4,2
51.2802,159.4809,10.0,4.4,2
51.4122,159.4654,10.0,5.2,2
31.0111,-8.2571,9.076,4.5,2
51.436,159.5406,35.0,4.7,2
60.1098,-141.6078,9.0,2.9,1
28.1487,99.8704,10.0,4.2,2
43.5878,-127.578,10.0,2.7,1
-23.4418,170.7281,10.0,4.4,3
-23.7317,170.4312,10.0,5.0,3
19.4536,-67.603,48.0,3.69,1
-6.0279,150.2339,35.0,4.7,3
-11.4393,165.5204,10.0,5.0,3
-0.93,120.3686,10.0,5.0,3
54.0922,-159.9549,10.0,3.1,1
52.983,159.8563,59.222,4.3,2
41.185,-116.7225,8.8287,2.5,1
-46.7553,166.4472,35.0,4.3,3
54.123,-159.9446,10.0,2.7,1
-4.7685,138.1814,10.0,4.3,3
-20.3625,-177.6239,469.676,4.7,0
50.5146,178.9402,10.0,3.0,2
52.012,178.1689,154.286,2.9,2
19.407,-64.4913,34.0,3.89,1
51.6723,160.6441,10.0,4.4,2
51.6697,-177.1206,77.022,2.7,1
34.6092,70.8142,10.0,4.1,2
49.6544,158.047,24.486,4.4,2
-20.7833,-67.3413,204.816,4.1,3
50.0649,-172.2089,10.0,2.8,1
-23.3474,170.7457,10.0,5.0,3
-7.024,150.1524,10.0,4.8,3
0.6016,122.2017,116.082,4.1,3
-13.7434,-76.9046,10.0,4.4,3
-17.9249,-178.2088,539.334,4.4,0
53.5036,-167.1063,16.54,2.7,1
51.4769,159.1385,45.09,4.3,2
51.542,159.5575,36.094,4.5,2
52.3042,160.6669,10.0,4.4,2
-33.1049,-178.567,10.0,4.9,3
53.7691,-166.358,81.241,2.6,1
-30.8782,-178.1211,35.0,4.7,3
-20.9432,-178.6525,554.416,4.3,0
-20.8579,-178.7333,548.336,4.5,0
51.9517,160.8726,10.0,4.1,2
34.4314,70.9445,10.0,4.1,2
51.3747,158.4227,53.255,4.7,2
32.182,-101.189,8.2764,2.6,1
41.1517,-116.7553,5.9,3.2,1
52.8219,160.0439,69.386,4.3,2
40.402666666667,-125.11683333333,10.0,3.2,1
41.0661,-116.6803,10.4,3.9,1
41.1659,-116.7288,9.9,3.7,1
-3.2992,129.0835,23.328,4.1,3
-3.4265,129.2662,10.0,4.7,3
51.553,159.4942,42.741,4.5,2
44.336666666667,-125.0055,9.45,2.5,1
43.6017,-126.7794,10.0,2.6,1
43.5492,-126.8588,10.0,2.7,1
50.6875,-174.2084,10.0,2.5,1
43.5261,-126.6801,10.0,2.6,1
56.3711,-152.2584,11.9,2.8,1
63.3544,-145.4568,6.2,2.8,1
-3.5108,68.4291,10.0,4.6,3
34.6057,70.763,10.0,5.2,2
48.2049,157.1677,10.0,4.6,2
-3.3443,129.2759,10.0,4.4,3
-5.5761,150.4587,99.49,4.1,3
49.5277,157.461,10.0,4.7,2
31.8711,142.0682,10.0,4.3,2
51.2994,-173.8337,35.0,2.7,1
18.869166666667,-66.688166666667,19.89,2.99,1
19.200833333333,-66.239166666667,24.26,3.14,1
18.849,-66.6785,20.28,3.11,1
52.6415,160.5051,35.0,5.1,2
-5.5987,150.9891,60.101,4.4,3
52.1817,-176.9403,173.068,3.3,1
51.5188,177.6631,35.0,2.5,2
48.7852,156.0314,25.059,4.1,2
-24.2247,-179.5338,506.038,4.4,0
-15.2084,-178.4429,414.974,4.3,0
53.7417,-165.1254,35.0,2.6,1
1.5904,123.9628,298.53,4.2,0
2.4029,128.4917,230.487,4.5,3
51.2096,157.753,75.999,4.2,2
40.6139,78.8172,10.0,4.9,2
40.278666666667,-124.63416666667,4.96,2.72,1
54.6088,-160.0244,30.22,3.0,1
52.2228,160.6468,23.418,4.3,2
9.6602,122.2503,10.0,4.6,3
31.457,-115.572,5.0,2.8,1
31.4905,-115.614,5.92,3.2,1
31.5172,-115.6079,5.0,4.2,1
18.153666666667,-67.2315,23.38,2.58,1
12.6159,40.3662,10.0,4.3,3
62.1794,-152.0226,4.6,2.5,1
31.49,-115.5535,10.745,3.0,1
54.4468,-159.9638,36.723,4.1,1
41.1888,-116.7476,5.9,2.7,1
18.300166666667,-67.898833333333,78.5,3.43,1
13.0953,144.6742,52.351,4.5,2
-15.9746,-175.3658,345.758,4.2,0
18.395833333333,-67.262833333333,13.94,3.22,1
0.0347,98.1087,10.0,4.2,3
49.2905,157.7345,10.0,4.5,2
-1.9247,139.1336,35.0,4.1,3
41.216,-116.7142,7.9,2.8,1
51.2454,-173.9464,13.369,4.7,1
30.6722,140.1285,10.0,5.3,2
18.167833333333,-67.262166666667,18.62,2.9,1
54.3924,-160.1971,25.502,2.5,1
18.8533,120.5426,10.0,4.7,2
-24.0127,-66.9395,180.802,4.4,3
-4.1792,128.6891,9.651,4.6,3
55.0836,-163.683,149.558,2.6,1
50.089,155.7823,93.707,4.4,2
-31.5296,-178.1655,35.0,4.3,3
-26.1558,-179.9183,484.859,4.1,0
-23.7405,-179.3795,395.029,4.1,0
63.0596,-150.9362,131.8,3.2,1
51.5481,-168.2022,10.0,2.7,1
56.2659,-152.1487,9.7,3.0,1
61.7512,-149.5257,54.7,3.2,1
19.2285,-64.446166666667,20.59,3.42,1
22.9779,-109.6979,10.0,4.8,3
0.495,126.5682,52.799,4.5,3
2.3547,127.2403,104.912,4.3,3
51.2039,-173.9997,10.0,3.7,1
31.76,-104.207,6.0999,2.5,1
36.690333333333,-121.33083333333,4.72,3.71,1
39.2176,28.0863,10.0,4.2,2
-6.8777,155.4381,35.0,4.3,3
34.0591667,-117.1355,11.48,2.5,1
54.4981,-159.9712,35.0,2.7,1
40.412833333333,-125.253,10.0,2.56,1
56.2901,-152.3845,11.8,2.7,1
56.2682,-152.1728,11.1,4.6,1
56.1176,-152.0778,18.2,4.2,1
56.2109,-152.1907,11.8,3.3,1
56.3495,-152.6932,11.8,2.9,1
56.1701,-152.0818,11.9,4.5,1
56.5268,-152.53,11.0,2.9,1
13.524,144.7135,156.061,3.9,2
56.2421,-152.0065,11.9,3.2,1
51.2421,-173.8882,35.0,3.4,1
56.4276,-152.1101,11.8,3.2,1
55.9764,-156.3946,43.9,2.8,1
0.2243,122.0056,198.613,4.4,3
57.0374,-155.7313,62.6,2.9,1
52.7127,160.8514,10.0,4.3,2
52.159,160.2778,44.436,4.5,2
18.270166666667,-66.1645,58.25,2.54,1
33.9096667,-116.2495,6.09,2.58,1
51.7899,159.3228,35.0,4.5,2
56.287,-152.1369,11.9,3.2,1
50.9647,160.1123,10.0,4.6,2
54.5164,-160.0957,37.289,2.7,1
19.5738,-64.2326,37.0,3.76,1
56.2897,-152.0443,11.9,3.3,1
-30.654,-71.2748,56.106,4.6,3
19.5901,-64.2511,38.0,3.97,3
-19.9038,-175.434,125.493,4.3,3
51.727,159.6954,31.565,4.9,2
-19.306,-177.6744,420.052,4.3,0
56.295,-152.2198,11.2,2.6,1
2.0052,127.1018,49.412,4.4,3
56.2886,-152.0314,10.5,4.9,2
56.3522,-152.1085,11.8,2.8,1
56.3771,-151.9999,12.0,3.3,1
19.4991,-64.4155,35.0,3.69,1
56.3773,-152.0663,12.0,3.2,1
56.3025,-152.1353,11.6,3.1,1
56.3683,-152.1691,11.6,4.6,1
56.1959,-152.0801,11.6,4.7,1
56.2482,-151.9738,12.0,5.6,2
-15.5425,-176.6647,396.722,4.1,0
17.5228,145.6669,223.677,4.2,2
61.5392,-141.3856,11.1,2.6,1
60.0642,-153.5951,172.6,2.8,1
18.8183,-69.6585,104.119,4.4,3
17.947333333333,-66.293,10.05,2.55,1
-6.3743,149.3391,32.99,5.0,3
-24.1923,-66.9878,176.971,4.8,3
53.5017,-169.9808,156.103,3.1,1
18.184166666667,-68.213,78.18,3.28,1
66.4673,-153.7046,5.3,3.0,1
51.698,159.7912,33.141,4.7,2
41.184,-116.7117,9.4,2.8,1
52.8726,159.4911,65.869,4.3,2
-17.1634,-174.6802,214.117,4.3,3
51.1858,159.1465,35.761,4.3,2
50.2373,-175.0521,10.0,2.8,1
54.4203,-159.9605,25.268,2.6,1
34.6356,70.6623,10.0,4.6,2
54.4344,-159.8547,25.819,2.7,1
41.1742,-116.7004,10.8,3.0,1
51.2691,159.4376,10.0,4.3,2
51.7948,159.5325,35.0,4.6,2
51.2297,159.7776,10.0,4.1,2
51.6418,159.8988,10.0,4.4,2
51.457,159.4595,35.0,4.8,2
51.5596,159.7074,29.499,4.6,2
-22.3919,-68.788,122.433,4.1,3
34.7105,70.6829,10.0,4.3,2
34.705,70.7777,10.0,4.7,2
50.4169,-173.5608,10.0,3.1,1
50.8089,-172.9607,10.0,3.7,1
35.6051667,-117.4086667,7.9,2.54,1
50.5248,157.8161,28.78,4.7,2
51.137,157.3056,83.788,4.5,2
41.1654,-116.7116,8.9,3.2,1
51.1557,159.7211,10.0,4.4,2
50.1216,158.8192,10.0,4.0,2
11.8758,-87.1342,50.175,4.2,3
34.6164,70.6351,10.0,4.4,2
34.7164,70.7355,8.457,5.2,2
19.7741,-64.082,63.0,4.14,3
18.795666666667,-64.784166666667,8.42,2.94,1
51.0955,157.0591,81.686,4.3,2
63.2359,-150.6324,123.9,3.1,1
58.8598,-136.7011,6.6,2.9,1
-6.9954,125.564,497.769,4.2,0
-8.176,107.481,35.0,4.5,3
54.4663,-160.4312,37.684,3.3,1
60.3215,-151.3724,56.9,2.5,1
35.7046,140.3113,51.81,4.4,2
34.6813,70.7808,10.0,4.3,2
34.756,70.6969,10.0,4.5,2
34.6544,70.7618,10.0,4.4,2
11.8039,141.3984,35.0,4.5,2
34.7363,70.7649,10.0,5.2,2
51.3268,-173.9362,10.0,4.5,1
62.983,-151.0222,119.6,2.8,1
49.8161,156.0027,73.355,4.2,2
34.5873,70.7146,10.0,4.4,2
-23.5635,-66.7888,199.067,4.2,3
30.6058,57.7005,10.0,4.1,2
34.5804,70.7936,10.0,4.5,2
34.7116,70.7627,10.0,4.3,2
34.6027,70.7233,10.0,4.2,2
34.7106,70.8087,8.0,6.0,2
52.9041,-175.0997,227.621,4.0,1
16.345,-93.0087,192.594,4.4,3
15.0057,-94.3952,10.0,4.1,3
-7.5418,127.7279,155.496,4.4,3
51.22,159.3297,10.0,4.8,2
18.435166666667,-64.585833333333,105.64,2.98,1
-58.3758,-25.6202,67.461,5.6,3
27.2093,126.5004,158.972,4.6,2
61.459,-150.71,53.4,2.8,1
57.4692,-153.3019,41.9,3.0,1
19.609333333333,-64.351833333333,25.07,3.43,1
51.5978,-174.2462,24.339,3.0,1
35.11816667,-95.52933333,7.33,2.5,1
51.4835,-173.9696,35.0,4.0,1
-20.3027,-177.7037,508.462,4.4,0
19.6223,-64.3893,60.0,3.92,3
-24.2718,-66.9523,181.723,4.5,3
32.4615,-115.1235,6.76,2.97,1
44.4023,-105.43,0.0,2.9,1
32.4678333,-115.12,16.19,2.69,1
31.969,-103.329,7.8943,2.6,1
31.962,-103.336,7.6892,3.0,1
51.9143,158.3912,77.264,4.5,2
-35.3341,-105.0972,10.0,4.7,3
44.4703,-129.566,10.0,2.9,1
31.704,-104.178,6.0229,2.8,1
37.862833333333,-122.245,10.02,2.57,1
31.967,-103.326,7.2278,2.8,1
-4.4676,153.5383,108.916,4.6,3
53.1144,160.9254,34.176,4.1,2
18.062,-66.6166,18.0,3.12,1
41.1486,-116.7589,5.5,3.0,1
60.375,-152.1031,87.4,2.5,1
41.1515,-116.7091,9.6131,2.52,1
41.1564,-116.7153,8.9,2.8,1
41.2236,-116.7093,9.3,3.7,1
-33.5949,-71.6632,40.721,4.4,3
59.9907,-153.3976,130.6,2.6,1
40.3045,-124.811,4.45,2.7,1
-6.445,147.3034,72.135,4.9,3
51.6114,179.5386,77.6,2.7,2
7.3003,123.4816,10.0,4.9,3
1.8687,124.6424,215.937,4.1,3
-23.3734,179.0041,546.395,4.6,0
51.707,160.2022,10.0,4.3,2
11.6459,144.2293,10.0,4.3,2
54.4011,-159.898,35.0,3.1,1
41.1532,-116.7291,9.8479,2.98,1
18.591833333333,-66.708333333333,15.92,2.65,1
19.265,-65.1243,71.0,3.77,1
41.215,-116.7128,5.9624,2.65,1
41.179,-116.6986,9.6,2.7,1
41.1583,-116.7456,6.4,2.8,1
41.1513,-116.7167,8.8,3.8,1
41.1561,-116.7481,5.9,4.0,1
50.9418,158.6839,35.0,4.5,2
-15.9117,-75.5832,10.0,4.5,3
-15.888,-75.4768,10.0,4.7,3
53.5177,-167.8117,99.775,2.5,1
-21.391,-11.8515,10.0,5.2,3
41.1938,-116.6901,9.7,3.1,1
19.3068,-109.146,10.0,4.0,1
18.162666666667,-65.954166666667,22.77,2.72,1
1.3956,126.3696,61.264,4.1,3
49.897,157.3324,35.0,4.4,2
19.446833333333,-66.4235,23.69,3.12,1
41.156,-116.7267,6.5,2.7,1
54.4977,-159.8814,35.0,3.0,1
41.1554,-116.7389,7.3,3.1,1
-17.8628,-175.8737,303.998,4.1,0
41.1731,-116.6835,11.1411,2.58,1
0.5931,98.5165,66.916,4.5,3
3.35,-84.1606,10.0,4.6,3
54.6489,-162.7134,63.205,2.6,1
3.323,-84.304,10.0,4.7,3
-23.2131,-175.4845,35.0,4.4,3
2.0449,126.6728,35.0,4.6,3
49.8183,157.2554,35.0,4.3,2
49.7119,157.2208,35.0,4.1,2
54.3874,-163.5477,64.587,2.6,1
52.6895,160.303,56.773,4.7,2
53.9341,-165.3597,65.62,3.5,1
-6.1522,131.283,64.093,4.8,3
51.4043,-174.1167,35.0,3.7,1
52.0659,160.8269,10.0,4.2,2
41.2446,-116.6917,9.7,2.8,1
6.885,-73.1159,147.324,4.5,3
52.0434,161.0358,10.0,4.2,2
4.1563,126.7115,38.154,4.2,3
41.2148,-116.717,8.0,2.5,1
22.7171,143.8805,35.0,4.4,2
-11.5525,166.3607,60.034,5.5,3
19.039833333333,-67.5315,20.26,3.12,1
41.1599,-116.6816,10.7,2.5,1
51.4284,-175.0905,35.0,2.7,1
43.5998,-105.3156,0.0,3.1,1
50.835,156.857,89.341,4.2,2
41.1818,-116.6879,4.7,3.1,1
41.1369,-116.4593,3.3,3.1,1
41.1384,-116.6835,0.0,3.04,1
41.2573,-116.7306,4.2,4.0,1
41.1396,-116.7192,8.1,4.8,2
-6.2897,151.9767,10.0,4.7,3
51.9196,-169.8577,16.806,4.1,1
17.9475,-66.953,11.36,2.59,1
54.4342,-159.8385,32.361,3.5,1
-12.9498,166.631,81.472,4.8,3
15.4223,96.3416,10.0,4.7,2
49.9692,157.3925,24.387,5.0,2
34.5429,7.6272,10.0,4.2,2
-33.9276,179.1735,248.268,4.2,3
18.427,145.8073,199.973,4.1,2
-11.6361,166.1774,55.573,5.1,3
32.2802,-104.692,5.0,2.6,1
41.1401,-116.6876,3.3,3.1,1
41.3234,-116.7175,5.5,2.7,1
41.1269,-116.6683,8.2,3.0,1
-4.8112,103.0418,65.038,5.0,3
41.1258,-116.6648,13.7,3.1,1
41.18,-116.6921,0.0,2.8,1
31.4844,50.1239,10.0,4.2,2
-41.0451,173.8099,72.906,4.3,3
59.9865,-151.2729,44.4,2.5,1
31.5239,50.1367,10.0,4.5,2
-43.4964,172.6398,15.488,3.0,3
18.2885,-67.822,142.0,3.78,3
53.9393,-168.6167,100.643,3.0,1
-32.2113,-13.2885,10.0,5.0,3
19.4183,-64.332,69.0,3.84,1
18.9045,-67.529166666667,7.68,3.21,1
39.4538,141.8821,72.464,4.7,2
41.1947,-116.6989,0.0,3.3,1
41.2378,-116.7082,4.9,2.7,1
53.9207,-168.5655,88.075,3.1,1
18.978,-66.2581,59.0,3.68,1
34.5242,16.3568,12.706,4.7,2
41.1853,-116.6969,0.0,3.3,1
50.1493,156.6863,65.711,4.3,2
19.6115,-64.2898,48.0,3.76,1
51.4614,-178.0683,13.493,3.3,1
55.2668,-163.2568,198.198,3.2,1
41.1877,-116.6924,7.5,2.5,1
-14.6197,167.2913,182.26,4.3,3
41.1607,-116.6811,7.8,3.8,1
-21.0992,-68.4202,118.003,4.2,3
56.0502,-149.608,10.0,3.1,1
54.4406,-160.1804,35.0,2.6,1
-24.3448,179.9654,529.15,4.2,0
51.2468,-177.7052,35.0,2.9,1
61.6785,-146.4437,14.5,3.3,1
18.4241,-65.6026,109.0,3.55,1
-26.4331,-177.421,111.385,4.0,3
52.1538,160.0609,57.838,5.1,2
53.2404,159.8481,73.815,5.0,2
17.88,-65.437666666667,8.23,2.69,1
50.8858,157.0731,79.74,5.2,2
51.5963,179.5663,76.941,3.7,2
-18.9533,-69.4163,112.094,4.6,3
-19.9445,-69.908,54.51,3.8,3
63.4296,-149.6291,3.4,2.9,1
-6.9573,73.2022,10.0,4.3,3
43.8342,-105.3192,0.0,3.0,1
49.6131,158.6953,10.0,4.5,2
12.9724,40.9803,10.0,4.3,3
-31.1823,-178.6234,10.0,4.4,3
-31.5715,-69.5068,116.488,4.1,3
3.7264,128.5381,60.52,4.5,3
-15.9193,-70.5505,192.569,4.2,3
27.4185,52.3957,10.0,4.1,2
37.2958,141.7003,47.843,4.9,2
38.4534,142.0646,51.698,5.5,2
44.033,-105.4301,0.0,3.0,1
19.3713,-65.1461,30.0,3.57,1
36.5174,140.8431,64.774,4.2,2
-8.4015,108.8627,89.559,4.6,3
51.5942,159.3763,35.0,4.4,2
6.5568,126.4848,77.178,4.4,3
-53.4264,24.8953,10.0,4.4,3
42.0247,72.9254,10.0,4.6,2
13.5691,-90.893,35.0,4.1,3
-1.8823,140.7671,10.0,4.7,3
51.495,159.8786,29.385,4.5,2
50.4134,159.0824,10.0,4.8,2
41.2376,-116.6947,8.8,3.5,1
41.206,-116.7185,7.4,3.2,1
41.2068,-116.7056,8.2,3.3,1
51.7122,179.5965,81.285,5.1,2
49.2785,155.3187,67.254,4.5,2
41.1931,-116.7005,8.2,3.5,1
18.842333333333,-67.0065,27.88,2.98,1
51.4441,159.7871,10.0,4.9,2
48.0162,148.2416,389.556,4.3,0
31.657,-104.444,6.3049,2.7,1
31.656,-104.432,5.6384,2.6,1
41.1781,-116.7046,9.3,3.5,1
54.3752,-160.3694,35.0,2.5,1
51.9304,161.1485,10.0,4.3,2
49.9239,159.3342,10.0,4.6,2
51.8379,159.8056,35.0,4.5,2
52.0672,160.318,35.0,4.6,2
49.9147,159.3534,10.0,4.7,2
35.63066667,-98.02983333,6.59,2.69,1
43.4409,131.3792,541.192,4.0,0
-20.3238,-177.6855,492.617,4.4,0
41.1993,-116.7295,5.2,3.6,1
55.3816,-159.686,35.0,2.9,1
82.1528,88.3516,10.0,4.1,2
22.8473,121.4521,10.0,4.1,2
19.7178,-63.535,46.0,3.85,1
18.2103,-67.8455,128.0,3.53,1
10.0457,125.8534,87.356,4.7,3
-24.044,178.7717,544.318,4.1,0
52.3708,160.5584,10.0,4.7,2
34.0271667,-117.1036667,10.89,2.81,1
36.5384,70.516,217.624,4.0,2
41.1938,-116.6986,8.5,3.6,1
52.2581,160.7256,10.0,5.0,2
54.5224,-159.9662,21.579,2.9,1
48.8358,154.8213,63.197,4.1,2
43.5587,-28.8939,10.0,4.4,2
52.26,-175.6773,182.206,2.6,1
36.6497,141.0197,91.72,4.6,2
18.419,-66.426,66.34,2.95,1
-60.3491,-61.8384,10.0,4.5,3
18.3952,145.3673,483.652,4.2,0
51.9017,-172.7372,65.37,3.8,1
70.7041,-135.6071,19.5,3.0,1
5.4512,128.0449,10.0,4.5,3
-22.3676,-65.8268,270.762,4.8,3
18.143166666667,-67.724666666667,77.61,3.2,1
18.1343,-67.7208,72.0,3.75,1
20.4797,144.8663,186.772,3.9,2
18.091,-67.811833333333,20.52,3.05,1
13.2104,-90.9184,35.0,4.6,3
48.8544,156.0836,10.0,4.9,2
30.0555,84.3549,10.0,4.4,2
13.527,120.3513,62.176,4.6,2
55.5801,-153.9939,11.8,3.2,1
49.4117,157.8748,10.0,4.4,2
-20.6779,169.753,50.249,5.2,3
52.1251,179.9386,130.0,5.9,2
42.9627,146.0068,32.171,4.5,2
32.3352,141.8054,10.0,4.3,2
38.2506,142.1285,47.522,4.4,2
32.4189,141.7133,10.0,4.5,2
-3.952,153.1118,29.558,4.4,3
-17.9522,-178.1792,557.575,4.1,0
51.9912,161.2552,10.0,4.1,2
-3.9676,143.0805,86.307,4.0,3
18.0628,-68.4021,81.0,3.5,1
51.0296,-176.1603,32.903,2.7,1
7.0369,-82.1321,10.0,4.5,3
51.2058,159.5623,10.0,4.5,2
51.7358,178.4741,106.162,2.8,2
15.0832,-96.6016,10.0,4.1,3
54.3676,-160.0402,10.0,2.8,1
-5.7179,152.5813,10.0,5.2,3
41.1788,-116.6947,8.5,2.5,1
26.6648,127.762,53.997,4.8,2
49.6388,92.7261,10.0,4.3,2
48.4259,84.2462,10.0,4.5,2
-56.3694,-26.6554,71.022,4.3,3
49.562,92.4647,10.0,5.4,2
-4.6311,104.7303,193.05,4.9,3
52.9382,160.4617,35.0,4.3,2
-30.7593,-177.8487,49.896,4.5,3
5.6861,-77.8684,10.0,4.2,3
29.7497,141.2915,121.74,4.3,2
35.8129,140.3771,50.614,4.3,2
-10.1817,160.9105,15.093,4.6,3
51.1879,174.4996,10.0,2.9,2
51.7593,-178.7128,101.536,2.5,1
54.4172,-160.0235,34.287,3.1,1
-6.1184,147.6197,68.815,4.2,3
19.1445,-155.39,30.5,3.45,1
15.4713,-93.09,106.866,4.2,3
52.147,-170.1912,35.0,2.7,1
38.757833333333,-122.708,1.49,2.66,1
8.8122,-71.2831,14.52,4.4,3
43.8009,-105.3503,0.0,3.4,1
48.5069,157.2886,10.0,4.2,2
3.1767,65.3473,10.0,4.3,3
51.9585,160.4532,42.798,4.2,2
51.8503,-179.4331,128.09,2.5,1
51.732,161.0974,10.0,4.1,2
19.096666666667,-66.507,29.76,3.03,1
-6.8296,131.5473,10.0,4.6,3
52.4392,160.915,28.76,4.4,2
36.467,71.3831,138.771,5.1,2
53.124,160.3421,56.152,4.4,2
24.8222,121.9111,114.91,5.3,2
50.7542,158.8384,35.0,4.3,2
31.9231,131.9155,43.979,4.4,2
51.8168,-176.6094,74.974,2.9,1
51.9959,-173.5063,59.039,3.4,1
54.5628,-159.7912,24.358,2.5,1
-33.8323,-72.2216,28.09,4.0,3
11.2576,-86.8498,35.0,4.4,3
50.7485,158.7541,25.345,4.2,2
53.276,-160.0052,10.0,3.8,1
3.0842,65.2326,10.0,5.2,3
50.9168,159.419,20.646,4.4,2
2.7226,-76.7369,10.0,4.4,3
3.292,64.986,10.0,4.2,3
51.6021,159.3397,35.0,4.5,2
51.4997,159.9862,10.0,4.2,2
50.8431,157.2385,88.96,4.2,2
-31.6828,179.8822,409.734,4.2,0
51.8867,160.0027,35.0,4.2,2
51.6558,159.9843,10.0,4.9,2
51.0504,-176.119,10.0,2.6,1
51.8856,178.4438,124.458,2.7,2
-16.3254,167.4168,27.168,4.9,3
52.5754,160.3722,39.839,4.3,2
-55.3038,-26.8856,10.0,5.0,3
-22.5769,-67.6422,176.17,4.2,3
51.5482,-176.0622,35.0,3.2,1
52.4179,-168.9547,35.0,2.7,1
-4.1365,-80.3547,52.124,4.2,3
50.7675,157.4273,40.0,6.0,2
49.7864,156.7986,35.0,4.1,2
53.3928,-168.8926,17.236,2.8,1
39.1601,28.1936,10.0,4.3,2
31.654,-104.442,5.946,2.7,1
-18.132,168.3039,18.282,4.5,3
56.6476,-33.8229,10.0,4.3,2
16.0167,147.1132,35.0,4.4,2
52.4419,161.2073,39.408,4.4,2
-5.5624,150.9183,94.546,4.9,3
53.3691,159.9343,60.515,4.1,2
32.8999,88.3856,10.0,4.2,2
32.1707,140.243,10.0,4.4,2
51.5714,160.3617,10.0,4.4,2
-24.8269,-175.6649,35.0,5.2,3
-61.8937,-64.6163,10.0,5.2,3
57.3786,-154.7235,14.8,2.6,1
49.9065,156.4773,41.836,4.3,2
54.4978,-160.1768,35.0,2.8,1
51.7586,-178.5893,96.633,2.5,1
15.6541,-94.0004,70.035,4.3,3
53.033,160.7813,35.0,4.3,2
37.4432,134.8531,365.359,4.0,0
18.322666666667,-67.6795,6.23,2.89,1
-16.0765,-172.1508,10.0,4.7,3
54.4572,-161.3738,29.377,3.2,1
19.2086,-156.7147,18.711,2.7,1
53.6617,-164.7627,35.0,2.7,1
42.443,48.2426,66.28,5.4,2
-26.2725,178.4833,606.122,4.4,0
33.0193,88.3561,10.0,5.0,2
54.2612,-162.8515,35.0,3.4,1
51.5736,178.449,67.184,2.6,2
8.6228,126.3529,74.651,4.8,3
68.636,-146.4266,14.8,2.9,1
54.3481,-159.7332,29.588,3.0,1
-6.7731,129.4486,165.352,4.6,3
-60.4935,-26.2138,10.0,4.5,3
51.2138,159.782,10.0,4.1,2
-17.9339,-178.1592,583.455,4.1,0
51.0961,159.8226,10.0,4.2,2
-20.1773,-177.8674,561.946,4.2,0
49.1922,156.1935,91.356,4.4,2
50.0572,159.4598,10.0,4.6,2
-24.0011,-66.9945,167.671,4.3,3
59.9706,-141.0189,18.2,3.2,1
59.9632,-141.0124,17.1,3.4,1
22.2315,143.6738,131.816,4.5,2
13.0947,-91.0654,31.699,5.1,3
50.9744,-176.1739,12.387,3.4,1
36.103,77.9344,102.619,4.2,2
23.9416,121.4788,28.412,4.4,2
51.1363,-176.1437,23.533,3.3,1
51.0471,159.1274,27.747,4.8,2
39.51,72.0928,10.0,4.2,2
51.0278,-176.0948,12.989,2.9,1
2.5504,128.1961,136.215,4.7,3
50.4847,-177.8088,10.0,2.9,1
51.0848,-176.1296,10.0,2.8,1
-6.3772,154.4982,60.089,4.8,3
51.0884,-176.1995,10.0,2.6,1
50.9619,-176.1363,10.0,2.6,1
54.5036,-159.892,30.345,3.1,1
54.438,-160.0697,31.197,5.0,2
54.3713,-159.8233,10.0,2.6,1
44.0121,-68.8689,10.143,2.5,1
-3.7474,-80.9351,25.8,4.4,3
51.0692,-176.1261,10.0,2.5,1
-12.5107,166.5385,68.261,4.9,3
51.2477,159.3672,28.624,4.6,2
54.5634,-159.8332,22.138,3.0,1
-4.5264,102.5996,64.307,4.3,3
38.2565,11.6084,1.181,4.8,2
-5.9578,150.0082,48.106,4.0,3
-24.6283,-175.2678,10.0,4.1,3
29.9566,84.4391,10.0,4.6,2
2.5185,128.1702,197.71,4.8,3
-17.8109,-178.5196,614.102,5.6,0
57.6369,-153.0,43.3,2.8,1
51.381,159.7404,10.0,4.4,2
49.9024,156.2146,55.955,4.2,2
53.1403,161.3785,35.0,4.4,2
33.9261,87.7533,10.0,5.1,2
-24.349,-175.5741,35.0,4.4,3
52.1494,160.0293,35.0,4.4,2
51.5983,178.3582,90.978,4.0,2
5.5626,-72.1709,10.0,4.3,3
49.1051,156.0996,31.0,5.6,2
18.5829,-47.3495,10.0,4.6,3
45.0469,-106.8548,0.0,2.9,1
65.1529,-161.0886,2.6,3.6,1
51.1298,159.5285,10.0,4.2,2
12.9859,40.8964,10.0,4.5,3
5.3031,127.0477,126.766,4.8,3
2.1354,-79.9559,10.0,4.9,3
-21.7903,-68.5845,120.568,4.6,3
39.8297,72.8797,16.723,4.4,2
32.108,-101.928,8.8623,2.6,1
51.8365,178.2986,97.174,3.0,2
57.5273,-156.5057,96.0,2.6,1
52.5879,160.8269,10.0,4.4,2
31.665,-104.266,6.4587,2.5,1
54.439,-160.2705,35.0,3.0,1
52.2422,160.3207,35.0,4.3,2
54.5236,-160.3809,35.0,2.8,1
-13.6474,167.108,211.272,4.3,3
18.4879,-69.1184,101.967,4.4,3
39.246,-99.4232,9.238,2.5,1
52.6786,-170.7301,33.066,2.9,1
54.6442,-162.1147,50.262,2.7,1
-17.2597,-71.9561,104.812,4.1,3
50.0867,-179.348,10.0,3.2,1
31.352,50.2291,10.0,4.2,2
51.7409,-178.6585,113.878,3.3,1
14.0785,-91.3783,86.886,4.6,3
-8.851,124.1198,97.437,4.7,3
49.3726,160.0428,9.0,6.1,2
18.0825,-68.4508,77.0,3.7,1
-56.7236,-23.9957,10.0,5.1,3
53.7405,-166.239,74.302,2.6,1
52.16,-170.9678,35.0,3.0,1
63.5805,-147.7101,6.1,3.4,1
61.6203,-150.3857,51.6,2.5,1
51.3721,159.5822,10.0,4.5,2
51.2195,179.7874,33.495,2.7,2
49.2367,154.7314,84.212,4.1,2
51.9156,158.0088,85.977,4.2,2
50.6926,157.4307,52.793,4.9,2
53.179,160.3616,43.591,4.5,2
-22.2962,171.4179,76.922,4.2,3
52.7146,160.6469,28.497,4.6,2
-31.0238,-71.9066,31.428,4.2,3
51.234,-178.1931,34.524,2.6,1
54.488,-159.7335,35.0,2.8,1
-57.6504,-8.7007,10.0,4.4,3
36.3098,71.4477,117.474,4.4,2
49.8252,159.7464,10.0,4.4,2
51.1322,-176.1663,19.854,3.0,1
51.4463,159.9316,10.0,4.3,2
51.7836,-170.3515,10.0,4.3,1
-6.8441,129.37,174.154,4.6,3
51.3069,160.6524,10.0,4.4,2
-5.0217,149.9816,10.0,4.3,3
-4.2698,143.1689,85.864,4.3,3
-61.0159,-38.6218,10.0,4.5,3
51.625,159.3136,35.0,4.5,2
52.6231,160.6758,10.0,4.3,2
13.5985,122.9669,10.0,4.4,2
54.4009,-159.918,29.256,2.6,1
39.2226,28.0825,14.818,4.4,2
54.4206,-159.8977,35.0,2.8,1
39.2095,28.1422,13.641,4.8,2
-4.6612,152.4077,105.784,4.8,3
1.059,125.7479,72.046,4.4,3
-32.5071,-71.4842,70.373,4.3,3
-2.1097,139.0313,35.0,4.9,3
35.6962,136.3314,10.0,4.1,2
17.5334,145.7199,519.858,3.8,0
-60.1446,-62.0491,10.0,4.8,3
51.6086,160.0359,10.0,4.3,2
1.1085,125.58,79.47,4.3,3
53.687,-163.993,35.0,2.8,1
-2.0984,139.2894,38.388,4.6,3
45.8546,151.4427,35.0,4.6,2
24.0658,121.9821,38.079,4.5,2
-35.4444,-179.769,10.0,4.3,3
52.4486,160.7711,29.521,4.0,2
18.0265,-68.7603,87.0,3.94,3
51.7442,-166.6997,10.0,2.7,1
51.3869,-177.3979,40.118,3.7,1
52.4948,160.7915,38.703,4.9,2
15.2367,147.3542,10.0,4.5,2
38.191666666667,-114.08483333333,-3.37,2.65,1
-2.3844,-79.0147,94.391,4.8,3
13.5836,122.9062,10.0,4.5,2
53.2582,-159.9862,10.0,2.5,1
51.5138,159.7014,25.46,4.9,2
50.9121,160.1227,10.0,4.4,2
51.2809,159.6382,24.868,4.7,2
27.096,-44.4686,10.0,4.5,2
56.5463,-149.1148,29.644,3.1,1
51.7826,-173.525,14.738,3.8,1
-18.7929,-177.1958,352.442,5.4,0
36.656333333333,-121.30716666667,4.25,2.58,1
13.2707,-91.2878,10.0,4.0,3
-23.1745,-67.8161,142.253,4.3,3
51.7146,158.6554,35.52,4.4,2
52.2858,160.291,27.676,4.5,2
54.7347,-158.2711,10.0,2.9,1
52.3674,160.3134,35.0,4.1,2
-25.0711,-179.9577,499.8,4.2,0
-22.7543,-175.0961,10.0,4.6,3
51.3975,-179.0256,25.611,2.7,1
52.3309,160.2762,35.0,4.5,2
52.1062,160.4997,10.0,4.9,2
60.4756,-143.6337,14.3,2.5,1
45.7258,26.7541,116.169,4.4,2
51.2962,-176.8029,35.0,2.5,1
51.0186,158.6078,35.0,4.3,2
-19.3882,-69.3331,97.707,4.6,3
53.2492,-173.3118,191.404,2.9,1
52.2859,160.5821,35.0,4.1,2
51.4204,158.1481,58.493,4.4,2
52.1491,160.3446,10.0,5.2,2
51.5321,159.3331,37.596,4.3,2
51.6062,159.8053,35.0,5.0,2
51.8036,158.6287,60.376,4.7,2
2.0981,96.662,10.0,4.4,3
50.1769,155.9291,91.642,4.4,2
52.1351,160.371,10.0,4.1,2
53.1625,-160.9948,21.099,3.0,1
52.2175,160.5871,10.0,4.3,2
63.7914,-169.3776,4.5,2.9,1
-22.636,173.3987,10.0,4.5,3
18.9676,145.4429,248.09,4.5,2
54.5743,-160.1964,20.994,2.7,1
2.4785,102.936,10.0,4.0,3
51.269,159.6804,10.0,4.4,2
52.2154,160.3044,35.0,5.3,2
55.542,-161.7145,148.306,2.5,1
-20.238,-177.7084,505.13,4.5,0
-24.1092,-175.7845,35.0,4.2,3
51.6515,160.1221,10.0,4.7,2
44.0547,83.4228,10.0,4.6,2
18.9825,-68.1673,70.0,3.64,1
55.9829,-157.6059,38.4,2.9,1
19.2381,-64.4996,23.0,3.6,1
46.7123,145.0261,369.773,4.3,0
51.5534,160.641,10.0,4.4,2
-6.1006,130.5131,142.824,4.5,3
41.192,78.5358,10.0,4.8,2
52.0637,160.6763,10.0,4.3,2
-60.2489,-62.2307,10.0,5.0,3
51.8228,-172.5387,35.0,2.7,1
63.3218,-148.3083,11.5,2.5,1
-24.7421,-173.8807,10.0,4.4,3
38.9786,141.3484,66.321,4.1,2
-17.7943,-178.6656,565.087,4.3,0
14.3997,-92.8346,45.773,4.3,3
7.3262,126.6329,136.737,4.1,3
0.7107,99.4771,131.094,4.3,3
60.3211,-153.154,143.6,3.7,1
-17.1324,-172.1242,10.0,5.1,3
51.2383,159.2114,41.447,4.2,2
53.2292,-166.258,35.0,2.6,1
59.8371,-153.2623,122.9,2.7,1
64.5469,-39.8663,10.0,4.1,2
61.4046,-149.8776,38.7,2.8,1
-60.0788,-61.5983,10.0,4.8,3
-6.1107,153.6281,10.0,4.6,3
59.7022,-153.1354,99.3,2.8,1
62.8447,-150.5707,87.0,2.7,1
-56.2953,-26.8369,76.161,5.2,3
51.4196,159.9867,10.0,4.3,2
54.7008,-160.2013,4.657,3.0,1
2.0106,96.5997,18.0,5.8,3
45.8353,-126.1463,10.0,2.8,1
21.8376,143.4495,193.538,4.0,2
51.2077,178.5587,41.654,2.9,2
39.1994,28.2216,10.0,4.2,2
51.6223,160.0907,10.0,4.3,2
36.0353,138.9697,129.454,4.1,2
51.9968,-169.1426,10.0,2.8,1
42.7785,146.4886,23.236,4.4,2
13.0601,-90.4343,17.0,6.0,3
-32.4859,-71.4911,47.457,4.5,3
17.943833333333,-66.910833333333,10.07,2.54,1
50.4992,156.6548,81.998,4.0,2
69.5897,-144.9895,4.7,3.4,1
51.7128,159.9186,25.934,4.5,2
60.4748,-150.5051,48.8,2.5,1
51.563,179.8947,67.744,2.6,2
18.855666666667,-67.259333333333,10.95,3.05,1
63.1469,-149.6701,82.9,2.9,1
18.805833333333,-67.2685,17.69,3.35,1
51.6361,178.8649,72.379,3.0,2
-23.5503,-179.7992,549.106,4.4,0
51.2175,-178.5008,31.908,2.6,1
53.0959,161.4165,10.0,4.5,2
-30.2388,-177.4398,35.0,4.7,3
34.299,-82.113333333333,2.7,2.54,1
40.360666666667,-124.90983333333,10.58,2.7,1
18.829833333333,-67.255666666667,14.09,2.91,1
34.2875,-82.095166666667,2.12,3.04,1
51.7695,160.2913,10.0,5.2,2
34.289666666667,-82.1105,6.82,2.88,1
50.763,157.3228,45.0,5.4,2
22.9851,63.5117,10.0,4.1,2
51.4786,157.9915,60.004,4.2,2
52.1276,161.4042,10.0,4.3,2
-31.6409,-69.4685,109.83,4.2,3
-31.6489,-71.5992,38.569,4.1,3
-5.8083,154.75,171.592,4.1,3
37.396,-98.1233,5.0,2.5,1
49.9329,157.3474,27.075,4.6,2
53.05,161.502,10.0,4.6,2
54.5867,-159.6116,32.966,3.0,1
54.4251,-159.8273,28.896,3.2,1
53.4279,-165.873,35.0,3.1,1
-24.5984,-175.9865,35.0,5.0,3
49.8443,155.9729,68.381,4.6,2
-24.6736,-175.8881,10.0,5.5,3
51.6096,-175.1703,35.0,3.0,1
54.4571,-160.0023,29.659,2.5,1
52.1842,160.3934,10.0,4.5,2
51.3774,-176.1188,35.0,2.6,1
14.0437,-89.8349,6.145,4.2,3
-21.7269,-68.4249,131.822,4.3,3
54.5576,-160.0573,38.403,3.3,1
53.2806,-160.1219,10.0,3.1,1
-5.8578,152.5154,10.0,4.1,3
52.8438,159.6073,56.032,4.1,2
-30.2701,-67.4064,30.9,4.9,3
18.149,-66.1495,14.59,2.83,1
54.4597,-159.7784,30.358,3.0,1
51.4062,-179.1169,23.283,3.0,1
-5.7013,130.5273,84.888,4.2,3
50.1248,-179.172,10.0,2.8,1
52.9462,161.0707,10.0,4.4,2
-24.0991,179.8054,517.381,4.2,0
-7.6539,147.3831,105.648,4.1,3
51.7888,179.449,113.606,2.6,2
52.3728,-167.4583,13.847,2.7,1
-57.1716,-67.3232,10.0,4.7,3
27.0552,86.7342,10.0,4.1,2
-60.3121,-62.366,10.0,4.3,3
18.159666666667,-67.8055,60.5,3.43,1
18.834833333333,-67.299833333333,11.82,2.89,1
18.8243,-67.2471,10.0,4.3,3
52.2884,160.9574,10.0,4.8,2
51.2967,159.4748,40.389,5.0,2
39.5245,-99.1974,5.0,2.5,1
-60.2307,-61.9289,10.0,4.9,3
13.372,-90.3699,31.573,4.2,3
-60.3141,-61.7339,10.0,4.3,3
-60.3956,-61.8687,10.0,4.7,3
51.5091,156.5736,10.0,4.1,2
-24.0271,179.8944,517.08,4.1,0
-17.5267,168.6638,210.852,5.2,3
-17.6286,168.6842,213.944,5.4,3
39.2526,28.1929,11.487,4.2,2
15.7251,147.3424,10.0,4.3,2
36.7263,25.8016,10.0,4.1,2
-26.6561,-178.3552,287.32,4.4,0
54.5554,-160.0182,13.063,2.8,1
53.2628,159.8955,61.396,4.2,2
18.006166666667,-66.732166666667,13.67,2.79,1
-6.3623,148.0242,68.85,4.5,3
-15.3811,-73.6813,93.848,4.4,3
-30.4607,-177.7927,35.0,5.0,3
39.1358,41.0169,10.0,4.3,2
-38.9301,-75.175,10.0,4.5,3
-10.2357,123.8332,10.0,4.1,3
-7.09,131.3784,10.0,4.3,3
-60.2284,-61.8747,10.0,4.5,3
50.3121,159.2264,10.0,4.8,2
-41.3503,-75.3033,10.0,4.4,3
7.4498,126.5118,143.421,4.8,3
40.336833333333,-124.82633333333,14.44,2.88,1
-6.3028,146.7093,107.146,4.3,3
9.9539,-84.1008,10.242,3.8,3
50.4094,156.5118,77.711,4.5,2
60.8439,-138.379,10.0,3.5,1
-23.9974,-66.5944,194.469,4.5,3
23.1563,120.4142,10.0,4.7,2
51.6768,-177.4165,10.0,2.8,1
51.3797,159.6732,10.0,4.6,2
18.208,-68.7723,90.0,3.85,3
-60.1907,-61.8641,10.0,5.1,3
23.5263,94.2235,10.0,4.2,2
23.403,94.2596,10.0,5.3,2
50.652,-170.6485,10.0,2.9,1
49.9744,157.327,35.0,4.3,2
51.3717,-177.7915,12.279,3.1,1
-60.3182,-61.6911,10.0,4.6,3
14.0249,-89.8234,10.0,4.2,3
52.1059,159.4838,35.0,4.3,2
50.2465,159.1104,10.0,4.3,2
50.255,159.0845,10.0,4.3,2
-60.2135,-61.8745,10.0,5.1,3
-60.3422,-61.6432,10.0,4.8,3
-60.1912,-61.8861,10.0,4.6,3
-5.8503,153.7487,10.0,4.9,3
-60.3604,-61.9665,10.0,4.9,3
6.131,126.5569,87.865,4.3,3
-60.3187,-61.9221,10.0,7.5,3
51.5671,160.3992,10.0,4.2,2
31.75,-93.935,8.667,3.2,1
51.7301,-174.8827,35.0,3.0,1
33.0968,-39.6624,10.0,4.4,2
51.3088,157.5788,83.882,4.5,2
48.3308,155.1186,35.0,4.1,2
51.228,179.1883,41.151,4.0,2
51.6429,159.5666,35.0,4.4,2
33.1712,-39.6429,10.0,4.7,2
38.7987,142.1097,52.533,4.5,2
-8.88,125.2544,10.0,4.3,3
-57.1362,-67.2125,10.0,4.7,3
38.757,142.309,40.0,5.6,2
49.4791,158.7243,10.0,4.2,2
49.9153,155.9959,78.162,4.8,2
31.76,-93.968,7.4707,3.0,1
52.5235,159.2249,84.476,4.3,2
49.9193,158.0693,10.0,4.1,2
53.2815,159.6736,63.922,4.0,2
51.4839,159.0275,66.762,4.5,2
51.8894,-179.7926,123.346,2.9,1
51.3064,159.3758,37.033,4.8,2
51.2483,159.3828,10.0,4.1,2
53.6258,161.2762,36.294,4.7,2
28.0083,139.3748,511.333,4.3,0
50.1719,159.0046,10.0,4.1,2
43.7929,-105.3386,0.0,3.0,1
52.041,160.395,9.892,4.9,2
52.0814,160.3966,10.0,4.9,2
53.2254,-160.4687,35.0,2.7,1
-8.1338,119.7553,185.305,4.4,3
51.8774,160.1431,43.871,4.8,2
-5.0735,151.4069,133.765,5.0,3
-2.5089,139.8282,35.0,4.6,3
41.0497,49.066,65.45,4.0,2
51.8817,160.125,10.0,5.8,2
54.4648,-160.0142,10.0,2.9,1
36.607,-121.23466666667,6.44,2.69,1
-28.8005,-71.5526,32.86,4.4,3
49.8346,156.5585,35.0,4.5,2
36.2235,-120.272,13.48,2.63,1
18.0403,-68.4978,66.0,3.57,1
54.4336,-159.7331,35.0,2.6,1
-21.6473,-68.3281,148.798,4.2,3
19.174833333333,-155.48966666667,31.64,3.34,1
-21.5838,-68.242,131.104,4.2,3
23.2215,120.6178,21.15,4.6,2
-16.5534,177.0266,10.0,4.7,3
48.414333333333,-122.3065,9.8,2.89,1
-2.1624,139.0509,19.002,4.7,3
51.4833,160.0144,10.0,4.3,2
51.6219,159.9736,35.0,4.3,2
52.1056,-172.447,44.984,2.7,1
-17.6075,-69.533,155.178,4.2,3
38.346333333333,-122.389,7.74,2.68,1
16.0831,-97.4466,29.321,4.4,3
17.955166666667,-66.910166666667,10.62,2.71,1
15.6512,145.9249,112.693,4.5,2
49.7666,157.604,10.0,4.5,2
31.648,-104.37,7.9712,2.8,1
31.668,-104.374,6.0999,3.5,1
-59.3519,-24.8794,10.0,4.5,3
31.666,-104.377,6.6638,3.1,1
14.6936,-94.5322,10.0,4.7,3
51.565,159.9418,28.178,4.9,2
50.3305,156.5299,76.383,4.3,2
54.2738,-160.1204,27.078,2.9,1
12.703,144.2187,26.757,4.4,2
49.8424,155.9951,74.82,4.5,2
16.1249,96.5679,10.0,4.6,2
12.5946,144.281,35.0,4.5,2
17.3016,-68.2925,70.0,3.85,3
34.4572,139.4227,10.0,4.7,2
-6.3677,147.846,64.856,4.7,3
50.1533,-174.8513,19.628,2.6,1
31.571,-104.178,6.8048,2.5,1
51.7045,160.0823,8.983,4.7,2
9.1609,122.607,10.0,4.5,3
40.283,-124.45616666667,10.97,2.61,1
19.2678,-64.7308,52.0,3.62,1
-7.4314,128.4287,158.044,4.1,3
65.6456,-171.5211,23.9,2.9,1
17.534,145.3159,351.737,4.1,0
51.2639,178.7254,22.564,3.3,2
-4.0269,129.8665,36.355,4.2,3
40.1,36.0262,10.0,4.4,2
37.478833333333,-113.58283333333,9.65,2.57,1
65.4073,-168.2183,13.7,2.8,1
2.8062,92.2105,10.0,4.4,3
5.9983,125.9874,152.424,4.2,3
43.469,147.5281,41.217,5.1,2
40.6536,-109.5066,0.0,3.2,1
64.7437,-149.0809,15.4,4.2,1
-18.2373,-175.2488,236.646,4.4,3
64.7235,-149.0886,16.0,3.0,1
59.825,-153.3478,122.9,2.9,1
52.1787,-168.4588,10.0,2.7,1
51.458,-177.3644,59.631,3.4,1
-17.4016,-171.9308,10.0,4.5,3
52.8036,159.2221,71.828,4.6,2
13.5543,-91.0207,35.0,4.2,3
-8.0664,117.9992,214.174,4.5,3
53.0191,159.7545,59.686,4.6,2
-30.154,-177.7973,10.0,5.0,3
16.9945,-94.6973,115.386,4.0,3
51.5235,160.6818,10.0,4.3,2
50.5109,157.7844,35.0,4.7,2
51.8347,159.175,56.386,4.3,2
64.4868,-146.9158,9.1,3.0,1
37.455166666667,-118.39383333333,6.66,2.54,1
11.7781,125.9635,10.0,4.9,2
35.1436,23.325,61.077,4.5,2
-21.361,-179.4138,600.638,4.4,0
-3.8222,-76.2677,112.687,4.9,3
-18.6102,65.3227,10.0,4.5,3
51.6897,176.2937,35.0,2.7,2
51.4092,160.9922,10.0,4.0,2
52.9982,159.8814,56.934,4.4,2
51.353,161.004,10.0,4.2,2
51.7785,158.683,61.473,4.2,2
-6.4631,107.2303,9.635,4.9,3
16.0999,96.4474,9.447,4.5,2
-51.3994,-75.3811,18.674,4.3,3
-20.2047,-177.6115,509.712,4.4,0
-6.0762,127.7737,404.814,4.2,0
50.0662,-174.6719,15.169,2.5,1
-8.9565,124.1623,108.412,4.6,3
54.7095,-156.8541,25.6,2.5,1
54.7041,-156.8659,25.7,2.6,1
-7.0179,129.8029,111.775,4.5,3
-24.3512,179.9396,521.596,4.5,0
19.7271,-68.8453,14.0,3.76,1
54.4239,-160.2531,35.0,2.9,1
54.7673,-156.8718,25.7,2.5,1
5.5922,-32.9158,10.0,4.8,3
-17.0277,-174.6747,165.546,4.3,3
32.401,-102.066,8.7158,2.6,1
49.876,155.7349,86.888,4.5,2
66.2548,-157.3435,10.3,2.8,1
52.6115,160.9347,10.0,4.2,2
37.2142,-114.5362,8.4,2.5,1
17.9358,-66.9068,9.0,3.29,1
32.9099,76.2043,35.0,4.1,2
50.8594,157.1081,80.863,4.2,2
36.45,71.1195,145.531,4.1,2
52.6365,160.7446,10.0,4.9,2
54.4597,-159.9478,34.938,2.8,1
51.0999,178.7938,30.023,3.0,2
-47.7754,116.1502,10.0,4.1,3
50.3214,159.1062,10.0,4.3,2
50.3606,-175.3253,35.798,2.9,1
18.5802,145.6828,214.977,4.2,2
54.6066,161.7234,35.0,4.3,2
51.2776,160.4296,10.0,4.3,2
-18.3541,-71.4343,56.74,4.3,3
51.0445,157.1213,70.239,4.6,2
-24.7674,179.9098,525.928,4.3,0
48.939,156.5067,10.0,4.3,2
-15.3877,67.0483,10.0,4.5,3
39.1807,28.1691,10.0,4.3,2
-15.4349,67.0469,10.0,4.4,3
-15.4175,67.3036,10.0,4.5,3
-20.8557,170.1036,149.342,4.3,3
-15.3027,66.9258,10.0,5.0,3
-13.1696,167.1462,207.973,4.6,3
51.2788,-179.5341,31.755,2.6,1
-35.4508,53.763,10.0,4.5,3
53.1798,-164.6367,24.212,2.8,1
52.4294,160.5283,35.0,4.1,2
51.9903,179.9006,136.022,2.7,2
50.1236,158.8934,10.0,4.6,2
35.847166666667,-83.682833333333,15.49,2.5,1
51.4561,-175.9926,35.0,3.1,1
50.9855,159.8418,10.0,4.1,2
44.8035,-110.8505,11.39,2.6,1
52.2138,160.3446,10.0,4.9,2
-11.754,166.0637,35.0,4.1,3
43.8343,-105.3528,0.0,3.1,1
-60.0375,-26.5563,10.0,4.5,3
-62.122,164.6961,10.0,5.4,3
-6.4851,153.2283,10.0,4.5,3
44.807833333333,-110.85966666667,11.55,3.71,1
40.9779,74.165,10.0,4.3,2
52.3142,159.1879,82.068,4.1,2
13.9315,120.8166,93.766,4.7,3
-30.5669,-70.8145,81.833,4.1,3
50.3808,-172.6564,10.0,3.0,1
50.2242,158.2649,10.0,4.2,2
52.3708,-172.775,8.804,2.7,1
-0.8623,134.0695,26.063,4.4,3
49.5674,155.5514,76.844,4.9,2
-24.2547,-175.9875,10.0,5.4,3
54.5083,-160.2958,35.0,3.0,1
38.45,73.6981,129.332,4.1,2
48.246,154.4603,81.873,4.5,2
19.187166666667,-155.505,32.66,2.59,1
51.6107,-175.2777,35.0,2.7,1
56.2642,-149.3032,10.0,2.5,1
19.4815,-155.77333333333,8.92,2.89,1
31.686,-104.407,5.8948,2.9,1
60.0839,-153.2675,132.3,2.5,1
-8.3468,119.7327,174.306,4.8,3
-5.883,149.3334,99.962,4.8,3
51.6012,159.7895,10.0,4.4,2
54.5301,-159.8566,35.116,4.2,1
14.3815,-90.5566,188.205,4.6,3
28.0848,87.571,10.0,4.1,2
53.1689,-35.1398,10.0,4.5,2
51.7965,159.2496,35.0,4.4,2
-57.1412,-67.2466,10.0,5.2,3
50.9168,160.3804,10.0,4.1,2
36.4758,70.8427,203.997,5.1,2
52.9149,159.3735,58.479,4.0,2
49.8427,158.0847,28.054,4.3,2
51.3895,-177.0866,43.23,2.5,1
7.2465,-73.3228,127.636,4.1,3
54.5693,-160.3825,35.0,2.7,1
58.9413,-152.3026,50.3,2.6,1
-58.6924,-22.8409,10.0,4.4,3
48.4093,-124.3874,37.905,3.7,1
18.691833333333,-64.638333333333,39.29,3.43,1
23.9869,121.7603,28.431,4.6,2
52.7385,159.7381,49.707,4.2,2
36.1775,-118.026,3.58,2.76,1
-7.3597,120.1887,435.121,4.0,0
-29.7113,-71.3402,41.074,4.5,3
50.4963,159.5782,10.0,4.2,2
52.0763,-174.0719,75.134,2.8,1
-24.3735,-175.9688,12.0,5.6,3
40.7378,143.859,10.0,4.3,2
31.646,-104.131,1.8958,3.2,1
42.033,140.5262,128.361,5.1,2
32.151,132.099,35.0,4.4,2
53.6706,-166.9333,78.651,2.6,1
52.2185,-168.2671,10.0,3.4,1
-7.3281,126.7221,398.062,4.7,0
52.1142,-168.4069,10.0,2.7,1
43.7837,-105.3629,0.0,3.4,1
24.0724,121.8894,28.704,4.3,2
39.108,22.0358,20.037,4.3,2
-24.7777,179.6101,520.95,4.2,0
51.4755,-176.164,35.0,3.1,1
43.4822,-105.3469,0.0,3.1,1
37.1759,69.6035,10.0,4.6,2
51.8174,-173.9452,76.521,2.8,1
-44.4413,-80.2321,10.0,4.7,3
43.596,-105.3498,0.0,2.8,1
1.063,125.5336,78.756,4.5,3
40.414166666667,-125.274,10.0,2.55,1
52.985,-168.7565,74.26,2.8,1
32.3157,76.638,10.0,4.1,2
52.8242,159.4674,60.524,4.1,2
1.0561,125.534,72.012,4.6,3
49.9094,157.3663,26.722,4.6,2
-15.8161,-72.4661,98.716,4.8,3
54.1252,-159.5944,10.0,3.3,1
61.5306,-140.6046,13.471,3.2,1
51.8712,-172.9365,10.0,2.9,1
49.9213,159.502,10.0,4.3,2
35.2719,23.275,44.596,4.3,2
13.0031,-89.7542,39.363,4.3,3
51.4159,159.3457,10.0,4.9,2
50.6143,159.0116,10.0,4.1,2
-12.4565,125.7407,10.0,4.8,3
40.301333333333,-124.65883333333,18.89,2.52,1
-6.6149,129.9367,145.501,4.5,3
53.8966,-156.6329,10.0,2.8,1
51.5808,160.6947,10.0,4.1,2
1.3561,126.9119,62.513,4.2,3
51.9769,161.8628,10.0,4.2,2
51.2789,159.5264,9.727,5.0,2
51.4645,159.8388,10.0,4.3,2
1.0972,125.5495,73.06,4.9,3
50.9753,-171.8592,10.0,2.7,1
50.9121,-178.9089,10.0,3.9,1
3.1627,124.4304,321.44,4.5,0
39.262,27.9697,10.0,4.6,2
-58.9567,-26.0934,102.946,4.5,3
-15.2513,-173.2669,42.226,5.2,3
18.090166666667,-67.170833333333,47.64,2.6,1
-44.7541,-79.9408,10.0,5.6,3
26.3136,92.7974,35.0,4.3,2
19.838833333333,-155.07333333333,36.11,2.71,1
51.0492,-178.8602,33.167,4.3,1
14.1924,-91.0356,97.322,4.3,3
2.7019,127.1005,81.019,4.5,3
51.7645,160.1686,10.0,4.1,2
51.3518,159.7018,13.297,4.6,2
49.301,155.2481,74.986,4.8,2
54.6181,-159.9609,18.207,2.8,1
51.9318,160.3627,10.0,4.2,2
61.7659,-152.0851,106.9,2.8,1
50.7723,157.6973,47.321,4.2,2
-7.8586,114.0251,10.0,4.3,3
-17.0538,-174.0498,124.34,4.4,3
49.8779,156.0447,80.031,4.9,2
33.9463,87.78,10.0,4.2,2
-14.145,166.8889,103.904,4.2,3
52.0561,160.3545,22.19,4.2,2
50.0259,156.9525,35.0,4.5,2
-57.0789,-25.1358,10.0,4.5,3
51.7367,160.0649,25.745,4.2,2
-30.1172,-177.6754,35.0,4.6,3
18.839166666667,-65.374833333333,22.76,3.32,1
52.3472,-173.8092,170.355,2.7,1
50.7836,-173.4786,3.8,2.5,1
50.2323,159.6843,10.0,4.3,2
34.1184,137.7707,10.0,4.8,2
36.1203333,-117.9178333,4.5,2.86,1
36.1203333,-117.9181667,4.32,2.56,1
2.4729,126.9288,57.806,4.2,3
51.6796,160.5155,10.0,4.3,2
51.8409,-169.7933,10.0,2.8,1
18.9015,-65.3213,51.0,3.52,1
13.2804,-90.9409,35.0,4.3,3
18.9908,-65.332,37.0,3.52,1
51.5052,161.2368,10.0,4.2,2
-19.2459,-69.0341,115.609,4.2,3
-3.0622,146.7914,10.0,4.4,3
51.431,-178.7977,28.369,3.7,1
50.2185,156.1358,64.462,4.0,2
34.329,7.478,10.0,4.5,2
34.3778,7.4276,10.0,5.1,2
-22.6794,-66.311,241.728,5.0,3
-6.2054,151.528,10.0,5.0,3
54.5056,-160.0843,35.0,2.7,1
-21.7185,-179.4396,598.632,4.4,0
14.3101,120.5221,147.677,4.5,3
52.8071,160.4153,35.0,4.2,2
-1.0093,99.6812,57.856,4.2,3
2.0781,127.0014,33.991,5.0,3
33.8225,-116.966,11.45,2.54,1
2.1675,127.1307,20.1,5.5,3
51.6891,-173.4391,35.0,3.9,1
51.728,-173.7006,35.0,2.9,1
51.7036,-173.6193,35.0,3.2,1
29.2462,130.5218,35.0,4.4,2
37.5949,-117.7341,2.5,2.5,1
52.349,159.785,67.488,4.2,2
50.278,159.5416,10.0,4.5,2
56.1117,163.392,41.521,4.1,2
51.4546,159.6703,21.068,4.3,2
52.0776,172.5779,10.0,4.3,2
51.3297,-178.9843,26.344,2.6,1
51.7049,-173.5296,55.873,3.8,1
-57.39,-66.929,10.0,4.6,3
51.3387,159.8203,10.0,4.4,2
-47.8478,115.9885,10.0,4.9,3
2.0049,126.9327,29.138,4.6,3
25.842,-110.2577,10.0,4.9,3
61.4391,-150.6005,51.5,3.5,1
13.3906,-90.9805,41.876,4.1,3
-14.8081,167.9903,10.0,4.6,3
51.133,157.7814,71.682,4.0,2
13.1891,-91.1097,10.0,5.4,3
52.2111,-172.3224,78.069,3.1,1
-29.8654,-71.6231,38.429,4.2,3
-14.9069,167.3469,134.987,4.9,3
17.971166666667,-67.344,42.97,2.72,1
53.4046,-168.1752,120.928,3.4,1
49.9506,159.0301,10.0,4.3,2
52.686,159.214,62.336,4.5,2
52.2444,160.6286,10.0,4.5,2
51.5311,160.4117,10.0,4.4,2
50.1627,158.7531,10.0,4.4,2
-48.8913,-8.8268,10.0,4.6,3
-21.8729,169.5863,10.0,4.2,3
52.8088,160.9096,10.0,4.2,2
51.8133,161.2857,10.0,4.3,2
4.1814,62.7163,10.0,4.9,3
-24.3545,-176.0169,10.0,5.3,3
21.0452,119.9104,10.0,5.1,2
-1.2749,120.7206,8.0,5.8,3
32.0131,131.811,30.0,5.5,2
52.0343,161.4248,10.0,4.0,2
13.7848,120.7204,148.78,4.9,3
-6.2257,151.6306,10.0,4.7,3
1.553,127.3554,154.92,4.1,3
30.6523,107.094,13.2,4.5,2
51.6972,-175.9978,62.583,2.9,1
62.2826,-153.4326,5.1,2.9,1
50.8062,157.5224,58.241,4.1,2
45.7316,153.756,10.0,4.1,2
-6.241,151.6536,10.0,4.6,3
-5.1529,147.9095,10.0,4.4,3
37.1337,71.4437,113.609,4.7,2
51.3574,160.716,10.0,4.2,2
40.285166666667,-124.53966666667,20.03,2.85,1
-30.342,-178.6068,168.546,4.2,3
37.7796,-17.9371,10.0,4.8,2
48.6984,155.0267,51.713,4.1,2
49.5864,158.9363,10.0,4.4,2
51.6469,159.8703,10.0,4.4,2
49.1581,156.213,26.728,4.8,2
49.2195,155.9881,31.738,4.6,2
49.2268,156.1364,30.659,4.9,2
49.1345,156.2091,21.4,4.9,2
19.196166666667,-155.61616666667,-0.15,2.95,1
50.6173,158.4041,32.753,4.2,2
49.1124,156.1915,35.0,4.3,2
49.3583,155.39,75.832,4.5,2
52.2312,-173.3024,8.565,2.5,1
51.5213,159.7993,35.0,4.4,2
32.2389,142.5224,10.0,4.5,2
-5.8878,105.1606,112.62,4.2,3
51.4573,159.5796,26.191,4.1,2
50.3823,159.0706,10.0,4.1,2
51.8799,-169.876,10.0,2.5,1
-23.1833,170.8077,11.0,5.6,3
18.6455,-66.221666666667,63.32,2.65,1
-0.589,-78.3584,10.0,4.6,3
50.3095,159.1415,10.0,4.2,2
54.6313,161.5996,55.4,4.2,2
51.7887,-176.4406,100.28,3.7,1
-30.9638,59.2752,10.0,4.2,3
-21.3434,-175.2534,10.0,4.5,3
50.4158,-178.1458,9.0,2.7,1
40.0327,113.4545,10.0,4.5,2
51.5819,159.4999,35.0,4.5,2
40.288166666667,-124.73233333333,4.28,2.52,1
50.405,156.4777,65.379,4.8,2
-20.2339,-68.6438,135.641,4.2,3
-39.0771,78.1647,10.0,4.7,3
-38.8752,78.0637,10.0,5.4,3
12.8133,-89.3185,40.952,4.0,3
12.8009,-89.2883,48.078,4.2,3
10.6872,140.9811,10.0,4.3,2
50.6259,-174.1389,25.4,2.5,1
49.6137,155.2641,86.763,4.3,2
13.3091,-92.6013,10.0,4.4,3
51.857,-170.3662,35.0,2.9,1
49.9421,158.497,27.854,4.5,2
53.868,-163.0106,35.0,3.5,1
50.8851,158.0583,31.499,4.4,2
51.9553,-169.6065,22.6,2.6,1
-23.4317,178.9877,575.858,4.5,0
50.1049,156.8232,35.0,4.2,2
52.2137,-170.2901,26.4,2.6,1
54.4701,-160.2741,20.2,2.8,1
51.7958,-169.8227,10.0,4.1,1
52.7294,160.2751,28.675,4.6,2
52.5582,160.0126,35.0,4.0,2
31.881,-101.74,7.2998,2.6,1
54.5624,-160.1655,35.0,3.4,1
-34.539,-73.9152,19.85,4.1,3
-26.3389,152.0711,10.0,4.9,3
54.5482,-159.9801,12.1,3.3,1
-25.7895,-69.2628,8.8,4.1,3
27.2767,128.3977,49.94,4.4,2
45.7601,153.9428,10.0,4.2,2
-31.8526,-68.261,107.368,4.4,3
-9.4616,120.4303,88.092,4.1,3
52.141,160.455,10.0,4.7,2
56.1841,163.3254,10.0,4.4,2
53.4837,-163.6892,24.8,2.8,1
51.6208,160.7572,10.0,4.2,2
54.8806,-161.9874,4.8,2.9,1
-18.3995,-69.6535,137.579,4.4,3
36.8318,134.788,390.441,4.1,0
36.4807,23.0629,51.123,4.1,2
51.4482,158.8543,59.136,4.0,2
49.1029,156.2714,35.486,4.5,2
2.59,-31.1585,10.0,4.5,3
49.7545,158.7192,10.0,4.2,2
49.8904,158.7821,10.0,4.5,2
55.4806,-162.5932,148.5,2.6,1
51.3318,158.3493,81.115,4.0,2
-7.5026,128.2246,158.743,4.3,3
40.379,-124.87733333333,15.01,2.67,1
33.6763333,-116.7995,17.34,3.33,1
34.145,-117.417,6.04,2.74,1
58.8364,-154.4635,107.9,2.5,1
45.6571,153.9083,10.0,5.1,2
51.2022,159.3423,10.0,4.3,2
49.8825,155.9001,76.465,4.3,2
7.8181,127.0853,25.599,4.4,3
51.7436,160.0437,24.864,4.5,2
25.8169,-45.3491,10.0,4.4,3
46.9113,-113.3781,5.082,2.9,1
-17.382,-175.6512,381.564,4.2,0
50.1042,157.3901,35.0,4.2,2
54.6071,-160.2369,35.0,3.0,1
50.0824,158.8327,10.0,4.3,2
33.3671,141.0696,35.0,4.5,2
32.3193,142.311,10.0,4.4,2
51.2824,-177.0217,35.0,3.3,1
52.7866,159.9421,43.0,5.7,2
-47.2353,166.0299,44.558,4.3,3
52.455,160.6895,37.497,4.2,2
50.9212,158.8723,10.0,4.4,2
35.0895,-119.0863333,11.08,2.83,1
32.3633333,-115.4478333,2.2,3.06,1
34.0045,-117.1173333,18.46,2.62,1
-59.4233,-25.5308,34.612,4.5,3
-65.0002,177.8542,10.0,5.4,3
51.3163,159.8349,26.493,4.1,2
35.5058,-36.5504,10.0,4.6,2
54.4195,-159.9644,35.0,2.8,1
51.5536,159.7544,25.666,4.6,2
59.8085,-136.8752,10.0,2.6,1
50.9505,157.4312,72.557,4.3,2
54.4697,-159.8343,35.0,2.7,1
41.8776,142.4288,60.248,4.3,2
51.2698,159.8048,10.0,4.8,2
58.2319,-137.8878,13.1,2.5,1
54.4675,-159.9915,35.0,3.0,1
59.9584,-140.7895,1.8,3.3,1
1.0126,125.5724,83.335,4.3,3
54.5838,-159.8818,35.0,2.9,1
52.3358,-173.9051,169.606,2.7,1
-20.7978,168.4491,10.0,4.8,3
52.4766,160.9448,10.0,4.3,2
62.5311,-151.2579,88.9,2.8,1
63.2505,-151.329,2.8,2.6,1
1.0359,125.5375,81.362,4.4,3
-2.095,120.684,10.0,4.6,3
60.9351,-147.0313,14.7,2.7,1
32.407,-102.094,7.0557,3.2,1
-29.9747,-71.1453,86.389,4.2,3
51.2306,159.7408,10.0,4.4,2
52.6557,160.9638,40.708,4.5,2
16.4189,-62.0859,172.223,4.3,3
56.4389,-148.7812,10.0,3.2,1
53.4876,160.2138,57.832,4.5,2
18.6785,-64.3706,47.0,3.65,1
51.8775,-169.8744,10.0,2.6,1
39.1399,-99.1773,5.0,2.6,1
51.4963,159.6233,30.883,4.3,2
-18.1429,168.3484,56.676,4.4,3
50.3531,158.6429,21.896,4.3,2
50.6711,157.8204,35.0,4.9,2
31.68,-104.425,6.4146,3.0,1
51.4041,159.4794,35.0,4.4,2
56.8334,-148.6129,10.0,2.6,1
-57.1844,-67.8729,10.0,4.5,3
49.795,156.1823,64.353,5.0,2
51.7131,160.0574,40.182,4.2,2
49.2022,156.0021,55.741,4.3,2
51.924,-169.7964,10.0,2.6,1
-34.2051,179.3238,220.519,4.5,3
51.8738,-169.8627,10.0,2.7,1
45.8071,-106.715,0.0,3.1,1
51.8805,161.7876,10.0,4.2,2
50.1587,158.6248,10.0,4.5,2
-1.9946,138.9596,28.217,4.5,3
51.7335,-176.5467,16.239,2.7,1
52.3792,160.4315,10.0,4.7,2
64.7081,-140.5661,10.0,2.7,1
29.3359,129.3647,10.0,4.3,2
32.134,-101.639,6.5186,2.7,1
-5.7642,68.3192,10.0,4.4,3
51.8539,-170.0196,10.0,5.2,2
44.4926,-105.5506,0.0,3.0,1
51.8141,-169.7752,10.0,4.7,1
31.5971667,-115.1118333,0.85,3.51,1
49.746,155.8336,57.438,5.0,2
-11.6933,166.2048,44.99,6.3,3
-57.2637,-66.5438,10.0,4.5,3
54.6667,-159.9461,16.659,2.6,1
18.169333333333,-67.934833333333,10.13,3.13,1
35.318166666667,-82.204166666667,5.6,2.73,1
39.2334,27.9322,10.0,4.1,2
-29.4335,-179.1442,334.44,4.6,0
40.361666666667,-124.89666666667,13.37,2.7,1
-24.2265,179.8845,524.107,4.4,0
38.817333333333,-122.80783333333,3.52,2.6,1
18.378333333333,-67.355,11.93,2.89,1
35.816166666667,-121.32033333333,9.07,3.62,1
51.4251,-179.778,6.8,2.6,1
51.991,160.5353,10.0,4.3,2
38.8005,-122.8165,3.38,4.05,1
51.2688,159.7006,10.0,4.1,2
-57.7983,157.68,10.0,4.4,3
51.9405,161.1381,10.0,4.5,2
40.4085,-125.3095,10.0,2.82,1
19.026166666667,-155.4,33.46,2.5,1
-9.6008,148.8851,10.0,4.2,3
-15.9896,-173.4176,10.0,4.8,3
39.737833333333,-123.611,-0.69,2.55,1
-7.083,129.2458,143.431,4.3,3
-9.8482,119.4386,43.699,4.2,3
53.4006,-163.6001,17.202,2.5,1
53.0089,159.5631,65.965,4.2,2
8.9868,123.9738,545.444,4.1,0
13.4152,-92.4791,10.0,4.2,3
-15.0042,-173.5269,10.0,4.1,3
42.6752,142.4844,127.539,4.3,2
17.949666666667,-66.932666666667,11.97,2.93,1
51.2537,157.5788,69.781,4.5,2
54.472,-160.4131,21.052,2.8,1
-2.0432,139.0376,30.792,4.9,3
54.4109,-160.2407,35.0,2.7,1
-17.8681,-178.0372,609.239,4.2,0
50.6561,156.7776,69.15,4.0,2
49.9207,157.3215,35.0,4.1,2
-18.4141,-172.5723,24.0,5.6,3
62.2899,-149.7686,9.2,2.9,1
40.847,141.0069,84.239,4.3,2
51.515,-168.2187,10.0,2.8,1
-6.5375,129.9481,130.852,4.2,3
19.006833333333,-67.126666666667,12.19,3.23,1
-20.5067,-177.5749,528.326,4.2,0
51.2528,159.9104,10.0,4.4,2
63.1847,-147.7208,3.5,4.0,1
60.686,-58.6764,10.0,4.3,2
49.5253,156.1488,84.873,4.1,2
-7.987,130.1395,10.0,4.6,3
-7.9744,130.3851,10.0,4.6,3
-6.1946,130.5084,115.071,4.3,3
50.0007,159.5453,10.0,4.2,2
54.4878,-159.8641,35.0,3.2,1
51.9215,178.1285,124.439,2.6,2
50.0944,158.4424,19.206,4.5,2
44.8098,-111.5311,12.382,3.1,1
18.6497,145.6157,10.0,4.2,2
50.1812,158.172,10.0,4.5,2
53.3927,-163.6827,29.658,2.6,1
59.9211,-153.1424,113.6,3.5,1
54.5259,-159.9188,10.0,2.7,1
51.7128,-179.9835,95.022,2.7,1
0.0162,129.5122,19.574,4.2,3
-18.1195,168.153,130.623,4.0,3
51.4068,160.6326,10.0,4.3,2
50.6942,157.0754,81.328,4.2,2
51.0664,157.2636,80.229,4.6,2
51.5465,16.2354,5.0,4.3,2
28.3641,141.9716,36.792,4.2,2
50.9219,157.9667,40.798,4.3,2
36.4922,141.167,50.136,4.9,2
52.9605,160.5025,52.675,4.3,2
49.2409,151.5056,303.797,4.0,2
36.3293,26.8433,130.513,4.7,2
51.3096,159.5462,35.0,4.2,2
5.7732,125.7873,106.324,4.4,3
52.7109,159.7378,45.227,4.2,2
1.1085,125.5481,73.358,5.3,3
13.9177,144.7678,186.101,4.3,3
53.7217,-166.1618,80.791,3.3,1
52.786,160.6767,19.526,4.3,2
50.6833,158.1511,27.675,4.7,2
5.1535,126.3407,87.097,4.1,3
49.3891,155.4883,54.62,4.1,2
51.453,159.6794,10.0,4.4,2
50.3653,159.2181,10.0,4.9,2
52.3932,160.5513,28.933,4.4,2
-1.2122,98.5369,10.0,4.4,3
51.3891,159.0767,35.0,4.6,2
52.4254,160.6948,34.746,4.6,2
50.3721,158.9448,10.0,4.6,2
-1.8556,139.2105,10.531,4.2,3
50.4145,160.001,10.0,4.1,2
54.4502,-160.2093,17.436,2.6,1
18.1563,-68.5813,119.0,3.57,1
32.0291,131.9436,39.392,4.1,2
52.9723,160.5872,39.75,4.3,2
51.3828,159.9403,10.0,5.2,2
53.9343,-165.9205,82.556,2.5,1
50.0304,159.3884,10.0,4.5,2
52.4906,160.6382,39.14,4.3,2
50.4496,178.3218,10.0,2.5,2
18.019833333333,-65.404,19.15,2.62,1
31.9675,131.9413,31.361,4.4,2
18.1253,-68.32,88.0,3.77,1
2.8757,128.5329,240.44,4.2,3
13.063,145.8602,10.0,5.0,2
-5.0765,102.1558,35.0,4.5,3
53.5236,161.5871,30.678,4.4,2
67.4536,-162.9205,4.0,2.6,1
-18.5359,-177.3719,392.932,4.5,0
35.3745,68.8158,10.0,4.1,2
-5.3713,131.2815,61.865,5.0,3
49.9371,159.3518,10.0,4.6,2
52.2481,160.418,10.0,4.4,2
54.4973,-160.0098,10.0,2.8,1
49.4996,159.0815,10.0,4.3,2
52.1655,160.4718,29.832,4.4,2
52.199,160.5367,10.0,4.4,2
52.1001,160.429,10.0,5.1,2
-39.9473,176.9777,35.0,4.6,3
52.0771,160.3171,10.0,4.3,2
52.0653,160.4067,10.0,4.8,2
37.94,141.7557,69.722,4.4,2
54.4616,-159.8616,35.0,2.7,1
51.4481,161.4189,10.0,4.1,2
52.4104,160.2854,35.0,4.4,2
-21.6705,-174.3301,10.0,4.5,3
53.4279,-163.5993,35.0,3.3,1
54.4734,-160.2496,26.333,2.5,1
52.1613,160.6383,10.0,4.2,2
57.7804,-152.3096,28.9,2.6,1
-7.4635,106.9863,54.542,4.5,3
49.0298,158.1144,10.0,4.3,2
-8.9291,-78.9696,68.021,5.0,3
19.452,-154.84816666667,6.87,2.79,1
-24.4969,-67.9147,130.0,4.2,3
50.3256,159.0676,10.0,4.4,2
50.3549,159.111,10.0,4.9,2
12.6134,-90.5534,10.0,4.3,3
49.9757,159.476,10.0,4.3,2
53.0864,-166.8862,35.0,3.4,1
61.2696,-150.7077,52.9,2.6,1
2.9435,65.1877,10.0,4.2,3
54.4041,-159.882,31.687,2.7,1
43.2345,146.029,63.305,4.5,2
43.7456,-105.3216,0.0,3.1,1
50.0659,158.467,10.0,4.6,2
19.1718,-68.1483,102.0,3.49,1
53.1002,159.8687,59.138,4.2,2
53.9341,-165.2676,64.842,2.8,1
39.1351,28.0362,14.969,4.2,2
8.6313,-103.4518,10.0,4.1,3
-6.8749,125.3117,520.733,4.5,0
40.2852,24.1773,14.279,4.1,2
50.3131,159.1634,10.429,5.1,2
-6.1815,152.1657,10.0,4.5,3
53.4491,-163.6333,10.0,2.9,1
52.5353,160.9724,23.612,4.1,2
50.0968,159.704,10.0,4.3,2
49.1289,154.501,102.912,4.6,2
50.6043,158.6047,10.0,4.8,2
50.932,157.0759,73.182,4.9,2
61.6452,-148.0421,22.0,2.5,1
-5.9225,151.3917,35.0,4.2,3
60.1978,-151.5423,70.7,2.7,1
79.2928,2.743,10.0,4.4,2
54.4896,-160.2557,35.0,2.5,1
55.9417,-149.8671,10.0,3.0,1
18.074,-65.389333333333,18.67,2.68,1
53.4009,-163.5869,10.0,2.7,1
-2.0397,139.0206,3.291,4.9,3
49.2244,156.3117,41.381,4.5,2
-6.8496,125.2921,520.496,4.5,0
-6.8616,125.2616,524.126,5.4,0
51.1378,159.3287,27.863,4.0,2
51.6428,159.3522,33.276,4.6,2
-18.3413,167.5858,10.0,4.4,3
-31.2502,-178.2403,35.0,4.6,3
49.9927,159.5848,10.0,4.3,2
53.4227,-163.6436,10.0,2.8,1
50.0412,159.4925,10.0,4.4,2
51.0671,160.6301,10.0,4.5,2
42.2766,144.6046,42.195,4.3,2
52.2064,158.6973,10.0,4.4,2
52.1711,161.6764,10.0,4.1,2
54.3521,-162.4039,35.0,2.5,1
-15.2362,-173.3285,36.0,5.6,3
-47.7426,115.921,10.0,4.1,3
21.285,144.4126,127.692,4.1,2
53.386,-163.5738,10.0,3.0,1
-18.5953,-179.2141,524.107,4.2,0
53.4338,-163.6295,10.0,3.2,1
42.295,144.5442,40.707,4.3,2
-14.906,167.2372,112.225,4.6,3
49.8927,158.5678,10.0,4.6,2
53.3968,-163.5758,11.462,3.6,1
53.4066,-163.5687,25.866,3.6,1
53.4521,-163.6407,10.0,3.2,1
31.68,-104.323,7.5867,2.6,1
15.5984,145.8343,216.491,4.3,3
51.3784,160.8103,10.0,4.2,2
28.1992,51.7226,10.0,4.3,2
51.8747,-174.2378,83.682,3.4,1
52.6224,159.6677,48.87,4.3,2
51.3333,159.1468,35.0,4.5,2
-7.3346,-111.1817,10.0,4.5,3
-2.1151,139.1764,10.0,5.0,3
-1.8217,139.2059,17.683,4.8,3
-2.1393,138.4607,10.0,4.7,3
-2.0229,139.1473,10.0,4.5,3
42.2972,144.7893,35.0,5.4,2
50.3648,-177.1716,10.43,2.7,1
31.2633,130.3235,169.726,4.5,2
-2.0302,138.966,14.0,6.3,3
50.9944,160.5997,10.0,4.8,2
51.2523,159.2584,10.0,4.8,2
31.671,-104.368,6.0999,3.5,1
18.95,-67.464833333333,11.35,3.04,1
40.236,-121.14383333333,6.05,2.64,1
53.4209,-163.5969,10.0,2.6,1
54.5374,-159.6136,24.041,3.1,1
26.2258,142.9997,10.0,4.4,2
5.5785,126.1455,137.859,5.3,3
-23.4951,171.78,10.0,4.7,3
53.5277,-166.5311,68.764,3.4,1
50.1143,157.001,37.985,4.6,2
51.434,159.3294,33.687,4.3,2
56.2654,-149.2592,10.0,2.7,1
49.7474,157.6091,10.0,4.5,2
-24.5531,-70.5644,26.298,4.3,3
52.7103,160.8178,35.0,4.0,2
53.4442,-163.7173,35.0,3.1,1
53.4935,-163.7226,35.0,2.7,1
53.1535,161.2689,25.546,4.2,2
57.8179,-156.3167,128.5,2.5,1
0.4341,123.2841,273.874,5.2,3
-7.0597,129.323,164.396,4.2,3
51.3956,157.9937,60.809,4.9,2
17.9175,-66.917833333333,9.97,2.57,1
35.32516667,-97.91833333,7.67,2.6,1
52.8311,159.6597,68.279,4.7,2
7.1702,124.7791,10.0,4.1,3
52.221,159.6112,52.772,4.6,2
49.1287,154.6678,93.079,4.3,2
51.8637,158.4105,67.372,4.3,2
62.0559,-145.3948,15.1,2.6,1
50.0553,158.5474,10.0,4.3,2
51.1722,160.888,10.0,4.5,2
52.9381,159.7145,58.265,4.3,2
-26.9197,-71.1251,22.225,3.8,3
52.2211,158.8922,72.65,4.2,2
-7.1826,128.1258,223.536,4.0,3
41.2421,-116.7149,6.3,2.9,1
51.4462,159.6896,10.0,4.8,2
51.6145,159.7614,10.0,5.0,2
-26.827,-71.1303,20.051,4.1,3
51.6635,160.0305,10.0,4.8,2
52.2825,-176.0301,202.482,3.1,1
51.6084,-175.1984,35.0,2.6,1
-26.8737,-71.1662,21.244,4.8,3
-22.6682,171.0096,10.0,4.8,3
51.6175,-174.9026,35.0,2.5,1
52.1608,174.354,35.0,4.2,2
41.163,-116.6885,11.3,2.5,1
-24.2496,-68.0327,112.499,4.1,3
12.9962,145.7424,10.0,4.2,2
14.841,-94.4289,10.0,4.5,3
50.2311,156.9744,42.7,5.0,2
39.0921,28.0137,10.0,4.4,2
39.1454,28.1083,17.179,4.0,2
54.6559,-159.9236,18.678,2.7,1
51.3303,159.7379,24.0,4.3,2
55.0413,163.3843,26.848,4.1,2
53.42,161.6344,10.0,4.5,2
52.0635,160.3256,10.0,4.4,2
-30.6114,-71.8627,24.114,4.4,3
51.6371,159.4358,35.0,4.2,2
50.1721,158.6943,24.951,4.4,2
54.4507,-159.8435,33.588,2.9,1
56.2109,-148.593,10.0,2.8,1
51.3848,159.8739,10.0,4.7,2
12.9664,145.5158,10.0,4.5,2
51.4612,157.4403,90.499,4.2,2
52.3003,-169.591,35.0,2.7,1
51.3044,179.6272,46.359,2.6,2
51.3715,-179.0719,35.0,3.0,1
51.9529,160.3445,36.582,4.5,2
-17.7836,168.0866,42.669,4.3,3
-36.5703,178.5565,110.659,4.8,3
-17.1052,-174.5981,124.338,4.3,3
-18.1893,168.064,45.78,4.7,3
52.0507,160.4649,35.0,4.7,2
51.7801,160.3175,16.638,5.0,2
18.0356,-102.8914,10.0,4.4,3
54.5642,-160.1322,35.0,3.5,1
54.5688,-160.0478,9.678,2.9,1
-14.4624,-76.4447,10.0,4.5,3
-21.7698,-68.5327,115.129,4.7,3
-15.2883,-172.8333,10.0,4.7,3
51.9587,161.1084,10.0,4.2,2
50.167,156.291,74.396,4.0,2
13.9316,145.5175,109.946,4.3,2
-17.667,-178.5919,546.446,4.4,0
53.4581,-163.6343,10.0,3.0,1
51.9112,-173.3337,35.0,3.8,1
15.0507,-94.2826,63.526,4.4,3
50.6225,157.161,63.379,4.9,2
53.3742,-163.6507,10.0,3.3,1
51.3274,160.9499,10.0,4.2,2
48.6044,157.4485,10.0,4.1,2
34.088,141.1207,37.664,4.1,2
22.7691,143.5336,73.846,4.6,2
-9.053,124.8217,35.0,4.3,3
24.2501,125.2549,28.258,4.4,2
-55.527,-26.9868,10.0,4.6,3
-0.5026,135.7253,10.0,4.6,3
40.420166666667,-125.28783333333,10.0,2.98,1
53.4283,-163.6433,10.0,2.7,1
-18.7187,-174.7279,87.54,4.7,3
-55.1456,-26.382,10.0,4.6,3
51.0628,159.7329,10.0,4.5,2
-16.7618,-174.0509,130.154,5.1,3
52.7643,160.2606,35.0,4.2,2
53.4599,-163.7209,10.0,4.5,1
-47.8535,116.5788,10.0,4.3,3
50.0721,158.9488,10.0,4.4,2
49.8145,158.3596,10.0,4.3,2
-5.571,129.3156,287.436,4.1,3
54.4039,-159.6614,24.43,2.5,1
54.3264,-160.0951,27.503,2.7,1
51.4199,159.7142,35.0,4.3,2
54.5036,-160.2474,23.799,2.7,1
-34.6337,179.9395,78.408,4.5,3
54.4877,-160.3001,36.392,3.7,1
51.1335,159.4919,10.0,4.2,2
51.3928,159.4716,35.0,4.2,2
1.9255,-30.7366,10.0,4.5,3
0.3272,122.3923,126.206,4.2,3
18.1793,121.4718,125.483,4.7,2
54.5204,-160.1712,26.306,2.7,1
14.841,-94.564,10.0,4.3,3
14.9218,-94.5355,10.0,4.4,3
-16.9629,168.5344,10.0,4.6,3
50.533,159.5682,10.0,4.4,2
14.8228,-94.3855,9.0,5.8,3
54.3229,-159.7141,35.0,2.5,1
-9.7631,120.5286,81.43,5.0,3
-29.6146,-176.6915,10.0,4.6,3
39.2323,28.126,10.0,4.4,2
-9.0007,124.2525,96.211,4.4,3
54.5825,-159.7763,34.534,2.7,1
49.9518,158.397,10.0,4.1,2
54.7481,-160.0684,3.537,2.6,1
53.0157,161.082,35.0,4.6,2
53.3023,160.5235,49.202,4.2,2
4.3578,-76.1928,150.107,4.7,3
51.4533,-176.2775,35.0,3.7,1
49.9781,158.6493,10.0,4.1,2
51.0073,159.7714,10.0,4.2,2
49.9233,158.8981,10.0,4.4,2
50.6327,158.4899,10.0,4.3,2
12.9684,145.6685,10.0,4.9,2
12.5899,145.3153,10.0,4.6,2
13.0045,145.5948,10.0,4.7,2
13.5155,-92.4205,10.0,4.5,3
51.5233,159.93,10.0,4.3,2
54.5643,-160.3096,16.287,2.9,1
13.5682,-92.4025,10.0,4.7,3
2.1086,128.5542,41.783,4.7,3
51.7735,161.5279,10.0,4.2,2
43.6007,-105.2599,0.0,3.2,1
47.932666666667,-123.2025,44.22,2.82,1
54.2323,-159.9081,35.0,2.7,1
52.1227,160.9727,10.0,4.4,2
50.883,157.5496,59.041,4.1,2
52.4984,-173.1573,22.18,2.9,1
54.3308,-159.8467,35.0,2.7,1
51.7275,-179.0898,13.918,2.9,1
9.0228,93.9177,10.0,4.4,3
52.2393,160.8316,10.0,4.1,2
-24.1417,179.857,533.267,4.4,0
-22.4091,-69.6874,70.56,4.0,3
52.383,160.8139,10.0,4.4,2
49.955,158.7114,10.0,4.0,2
39.2265,28.1034,10.0,4.2,2
39.2158,28.1138,10.0,4.1,2
-11.7076,-90.5634,10.0,4.5,3
50.1074,158.717,10.0,4.8,2
39.3709,28.0168,10.0,6.1,2
-20.7152,-175.4953,10.0,5.0,3
-0.2339,125.8821,54.642,4.6,3
19.1644,-68.9851,10.0,3.3,1
12.939,143.9307,94.758,4.5,2
13.6674,-92.347,10.0,4.6,3
50.9974,-177.2318,10.0,2.5,1
56.497,-148.599,10.0,3.0,1
52.2781,-174.3185,163.97,2.6,1
51.9756,161.0779,10.0,4.5,2
57.84,-133.09,0.0,5.4,2
32.139,49.9742,10.0,4.2,2
37.317,71.1647,95.663,4.3,2
51.7783,158.4428,59.378,4.3,2
52.2735,160.504,29.755,4.3,2
51.1377,159.145,35.0,4.4,2
-4.4522,138.4343,167.912,4.1,3
63.4082,-144.9487,8.9,3.0,1
54.571,-160.1388,35.0,3.4,1
51.3452,157.4768,75.036,5.0,2
34.5305,139.5716,10.0,4.2,2
52.6096,160.9387,20.0,4.9,2
51.5214,160.248,10.0,4.4,2
12.8559,145.4504,10.0,4.6,2
41.569666666667,-109.87683333333,-2.36,3.45,1
52.2203,160.4333,31.78,4.7,2
53.472,161.7921,28.181,4.3,2
13.0447,145.6777,10.0,4.4,2
52.0187,160.6424,21.572,4.5,2
52.2235,160.4049,35.0,5.0,2
12.9052,145.6098,10.0,4.5,2
50.2169,156.6535,56.351,4.0,2
13.009,145.6741,10.0,4.5,2
54.483,-159.9032,33.972,3.0,1
-15.7536,-70.8997,172.506,4.1,3
-6.1749,142.5106,10.0,4.6,3
50.6386,175.3264,10.0,3.0,2
50.3789,157.4047,59.9,4.4,2
18.2456,-68.7666,122.0,3.9,3
49.9739,159.5534,10.0,4.3,2
54.4059,-160.3233,35.0,2.6,1
51.4556,159.7189,13.929,5.1,2
12.7641,145.5454,10.0,4.3,2
13.6724,92.7915,10.0,4.7,3
9.2891,93.8494,10.0,4.4,3
13.4243,-92.402,10.0,4.6,3
23.7187,121.5477,22.06,4.3,2
23.7185,121.6141,12.624,4.6,2
12.9896,145.4727,10.0,5.2,2
52.955,159.2868,65.128,4.2,2
13.082,145.7357,10.0,4.6,2
12.9214,145.6851,10.0,4.4,2
12.567,145.3836,10.0,4.5,2
12.8319,145.5557,10.0,4.5,2
50.2101,159.6414,10.0,4.5,2
12.9437,145.7441,10.0,4.5,2
49.0998,-120.8677,4.944,2.6,1
12.8591,145.6419,10.0,4.5,2
12.9438,145.6375,16.0,5.9,2
51.8904,-178.6027,167.234,2.5,1
54.4247,-160.2082,35.0,2.6,1
51.5279,159.7667,10.0,4.7,2
49.338,158.004,10.0,4.5,2
18.9115,-67.327333333333,20.01,3.18,1
-47.8049,115.8517,10.0,4.5,3
-4.3385,102.3186,58.597,4.9,3
-14.8344,168.2071,10.0,4.5,3
60.9876,-138.338,10.0,2.5,1
18.597166666667,-66.937833333333,16.06,2.54,1
50.1062,159.6717,10.0,4.6,2
51.4695,159.0983,35.0,4.2,2
52.0605,161.1599,10.0,4.3,2
51.4877,159.3543,35.0,4.3,2
51.6807,159.5082,30.315,4.8,2
51.4794,159.6752,19.466,4.9,2
50.4902,159.7887,10.0,4.2,2
53.4587,-163.3832,10.0,3.0,1
52.6653,159.1614,78.282,4.3,2
-17.6888,167.7796,10.0,4.7,3
-8.2437,116.7258,10.0,4.5,3
52.5621,-162.3821,22.46,2.8,1
-8.0366,117.0017,10.0,4.2,3
52.0585,178.4925,157.232,3.7,2
50.1717,159.6266,10.0,4.2,2
51.1442,159.5663,10.0,4.6,2
52.6014,160.4716,44.27,4.1,2
2.7836,-31.3642,10.0,4.6,3
51.8057,158.3647,66.277,4.2,2
49.9918,159.725,10.0,4.4,2
36.462666666667,-121.06166666667,4.17,2.54,1
5.3735,125.2204,59.025,4.4,3
51.1811,179.6457,35.0,2.7,2
52.6809,179.8182,14.2,2.5,2
50.4631,158.4999,50.724,4.5,2
18.596666666667,-68.132666666667,90.16,3.43,1
13.48,-92.3994,9.0,5.9,3
33.992,-116.6435,6.61,3.05,1
51.6538,160.1251,26.207,4.0,2
50.7557,-173.1119,10.0,2.8,1
52.4217,160.2851,35.0,4.8,2
51.669,159.8957,21.378,4.6,2
19.2465,-68.7752,2.418,2.9,1
64.5546,-39.8105,10.0,4.2,2
52.6482,159.2248,82.022,4.6,2
50.2941,159.6438,10.0,4.3,2
-54.6925,-0.8853,10.0,4.5,3
50.9275,160.2274,10.0,4.2,2
49.7391,157.562,10.0,4.5,2
50.0666,156.7262,129.65,4.2,2
51.2615,157.1294,98.303,4.3,2
51.9828,159.7939,59.76,4.3,2
50.5782,160.0052,10.0,4.3,2
50.6641,159.9504,10.0,4.4,2
25.0545,128.6587,10.0,4.1,2
-6.2798,-107.0047,10.0,4.4,3
52.1891,160.6032,21.473,4.2,2
61.4265,-147.2253,15.1,2.8,1
51.5778,160.4079,10.0,4.2,2
50.0872,159.5407,10.0,4.3,2
49.9071,155.8421,68.284,4.4,2
49.1628,157.4647,10.0,4.4,2
54.4842,-159.8089,32.513,2.8,1
49.0944,154.7395,83.454,4.6,2
-12.4485,167.0104,230.059,4.3,3
50.1168,159.9028,10.0,4.6,2
52.2593,159.0057,68.738,4.3,2
52.3002,160.3804,10.0,4.3,2
52.2692,160.7085,10.0,4.3,2
52.2196,-172.1587,24.005,3.3,1
50.0723,159.7364,11.0,6.0,2
51.3153,157.5035,80.982,4.3,2
53.1525,-161.1984,10.0,3.1,1
52.9103,159.892,56.599,4.6,2
52.2901,160.3219,35.0,4.4,2
50.1567,158.5962,10.0,4.5,2
22.9169,94.4797,100.305,4.6,2
50.3502,156.6494,76.896,4.3,2
51.4355,-177.4852,45.808,2.5,1
51.5051,161.1757,10.0,4.1,2
6.1475,126.6036,97.714,5.1,3
17.882166666667,-66.8585,15.16,2.66,1
51.4757,159.6917,28.297,4.9,2
-37.8822,178.718,23.183,4.3,3
50.1277,158.5947,10.0,4.4,2
50.0651,158.4779,10.0,4.3,2
48.7535,156.3324,10.504,4.5,2
52.2983,160.3072,38.378,4.8,2
50.2022,158.6381,10.0,4.6,2
18.6458,-66.2358,102.0,3.63,1
52.3265,160.298,20.77,5.0,2
-17.275,-69.5359,166.067,4.3,3
50.3595,159.4427,10.0,4.6,2
32.432,-110.5513,12.183,2.6,1
18.1928,-67.705,141.0,3.49,1
-5.9835,151.5836,10.0,4.4,3
-57.7279,157.6139,10.0,4.9,3
51.9943,161.5636,10.0,4.0,2
50.1171,158.5604,18.252,4.2,2
51.77,158.181,70.157,5.0,2
52.4626,160.6514,34.887,4.4,2
39.1345,-119.0839,7.0,3.5,1
40.6716,47.9972,10.0,4.4,2
49.8277,155.8277,75.365,5.0,2
18.396833333333,-67.488833333333,6.94,3.16,1
18.399,-67.513333333333,8.88,3.36,1
53.7415,-166.2254,78.274,3.3,1
50.933,157.3036,101.641,4.3,2
-4.617,142.2445,114.529,4.1,3
-7.6841,-74.7589,153.529,4.5,3
-16.8789,-69.7573,183.72,4.2,3
54.482,-159.6347,35.0,2.7,1
54.6041,-160.1045,35.0,2.7,1
49.5798,156.166,60.602,4.3,2
53.3547,161.6702,25.139,4.5,2
53.3773,161.6507,22.376,4.3,2
51.7582,159.5458,60.563,4.6,2
51.6285,159.9338,10.0,4.8,2
53.5974,161.4502,35.0,4.2,2
38.178,-87.683833333333,18.77,2.58,1
52.0941,160.4904,29.511,4.4,2
54.7183,-156.757,25.7,2.9,1
51.6647,159.923,10.0,4.4,2
18.214,-68.0555,102.64,3.33,1
54.6042,-156.6973,11.7,3.5,1
48.9808,156.1301,35.0,4.3,2
49.5992,155.2978,86.286,4.1,2
54.5853,-156.677,11.8,3.2,1
49.8668,155.6986,76.128,4.4,2
-24.1663,-115.4342,10.0,4.5,3
52.0828,161.7033,10.0,4.1,2
50.1569,157.6475,34.849,4.3,2
37.793,142.0056,58.649,4.3,2
51.3717,156.4834,10.0,5.0,2
-5.1828,35.1436,10.0,4.4,3
60.0461,-152.327,71.1,3.2,1
49.921,156.1567,70.475,4.3,2
50.1518,158.1682,20.654,4.2,2
51.0585,159.5736,10.0,4.4,2
9.4054,40.0981,10.0,4.6,3
51.6622,159.8232,22.555,5.0,2
52.3802,160.636,33.93,4.3,2
51.8643,159.4794,58.392,4.4,2
65.3286,-170.4239,2.0,2.5,1
-5.6734,68.47,10.0,4.6,3
43.7384,-105.384,0.0,3.1,1
52.224,158.1292,77.898,4.5,2
52.895,159.8513,65.03,5.0,2
51.5403,159.858,20.855,4.3,2
32.1694,87.9985,10.0,4.4,2
43.7755,-105.3519,0.0,2.9,1
51.2388,157.6283,75.506,4.1,2
52.3755,160.6875,10.0,4.8,2
54.6143,-159.0877,27.123,4.1,1
3.45,122.7234,540.502,4.2,0
51.6374,179.5642,79.406,2.7,2
-22.8304,-177.7355,390.205,4.1,0
51.7264,179.3857,99.366,2.8,2
-24.2075,-67.2333,169.312,4.7,3
40.4693,141.9773,66.932,4.4,2
54.5912,-159.7975,22.367,2.5,1
-6.2975,130.4813,125.809,4.6,3
50.419,159.8194,10.0,4.5,2
45.7924,-106.8087,0.0,3.2,1
51.392,-176.4133,35.0,3.1,1
-37.7905,50.0346,10.0,4.4,3
50.3673,156.5662,81.153,4.1,2
49.4111,154.816,106.074,4.4,2
51.2704,-177.0625,35.0,2.6,1
-14.3466,166.454,10.0,4.3,3
50.6611,156.4043,79.088,4.2,2
49.9205,158.6058,10.0,4.7,2
52.1322,158.3349,84.63,5.0,2
51.9003,160.574,33.637,4.3,2
51.4771,159.7448,26.02,4.5,2
-15.0801,167.6184,127.744,4.7,3
51.4766,159.5266,41.306,4.2,2
1.7903,127.1031,108.684,5.0,3
51.0822,159.6574,25.678,4.3,2
-9.0158,123.9117,97.897,4.7,3
52.1572,160.3757,27.57,4.3,2
61.8582,-147.038,27.8,3.2,1
51.3472,157.5132,83.04,4.4,2
50.7904,156.4799,76.225,4.3,2
36.4192,141.5995,35.0,4.7,2
49.085,154.7268,87.088,4.3,2
34.8011,26.4845,54.9,4.2,2
50.8257,159.0104,10.0,4.4,2
-4.0563,152.968,10.0,4.6,3
54.6573,-160.2352,6.3,2.7,1
49.1522,155.5654,64.685,4.8,2
50.2005,157.3356,43.805,4.6,2
54.5653,-160.1872,16.4,2.6,1
51.8618,158.4508,56.723,4.3,2
51.4566,158.0741,79.5,4.4,2
51.3006,159.7661,10.0,4.3,2
54.6159,-160.1931,13.9,2.7,1
-4.9991,35.0991,10.0,5.0,3
54.5566,-160.4107,12.9,2.6,1
50.4654,159.93,10.0,4.4,2
-21.4584,-66.6489,237.347,4.4,3
-15.0853,167.4736,144.812,4.6,3
29.8542,138.7888,420.468,4.1,0
51.5411,158.814,55.478,4.1,2
18.265666666667,-67.117833333333,76.35,2.76,1
50.3016,159.2088,10.0,4.5,2
50.7851,157.6646,41.065,4.6,2
67.3934,-168.7353,21.7,3.6,1
50.6322,160.3551,10.0,4.1,2
61.7061,-147.6271,25.0,2.8,1
54.4948,-159.7294,35.0,3.7,1
40.6629,72.0828,10.0,4.5,2
37.5398,19.8784,35.0,4.0,2
52.0116,161.6483,10.0,4.2,2
49.2429,156.3237,36.446,4.9,2
43.146,-126.412,10.0,3.7,1
63.4585,-147.2077,70.9,2.7,1
63.5106,-147.6203,0.8,2.6,1
-22.3438,171.5008,126.548,4.6,3
58.2022,-137.9203,9.1,2.8,1
50.4674,157.669,35.0,4.9,2
27.1196,140.2645,440.762,4.3,0
71.7952,-161.1053,6.7,3.4,1
53.1326,-160.3707,9.8,2.8,1
18.890833333333,-66.751333333333,15.52,3.21,1
50.6765,156.3032,103.4,4.8,2
12.4011,-55.7232,10.0,4.5,3
19.3151,-68.0156,62.0,4.2,3
2.5724,-79.7378,10.0,4.9,3
52.1095,161.5346,10.0,4.3,2
60.0238,-151.4344,46.8,4.0,1
31.1981,49.525,10.0,4.0,2
51.3075,159.2253,52.424,4.5,2
61.4356,-147.542,19.7,2.8,1
49.1483,156.5494,35.0,4.2,2
54.6945,-159.7253,30.021,3.1,1
19.4315,-155.84016666667,8.81,2.61,1
54.6983,-160.3476,10.0,3.5,1
49.8763,157.0729,35.0,4.3,2
54.9891,-159.2953,25.627,2.9,1
52.3542,160.3992,35.0,4.0,2
50.4277,158.8244,10.0,5.1,2
53.0125,160.7785,33.191,4.1,2
51.1666,158.2123,64.156,4.3,2
52.0317,161.5645,10.0,4.2,2
50.3203,158.6166,10.0,4.2,2
13.8676,145.119,107.614,4.3,2
31.528,66.9695,10.0,4.4,2
51.7594,-169.7021,10.0,3.3,1
51.6183,-175.1839,35.0,2.7,1
51.4805,159.9432,10.0,4.1,2
-17.9312,-178.5335,597.459,4.3,0
51.5168,160.2277,10.0,4.6,2
51.4913,160.044,10.0,4.0,2
38.075,72.8846,139.763,4.2,2
51.1022,160.8218,10.0,4.2,2
52.2135,161.644,10.0,4.8,2
51.0594,160.7981,10.0,4.3,2
50.1257,159.4975,10.0,5.0,2
51.0814,159.487,10.0,4.0,2
51.1307,157.653,66.948,4.3,2
51.4578,160.565,10.0,4.1,2
49.2029,155.5603,64.406,4.5,2
55.9908,-158.7903,65.4,2.6,1
52.1872,159.2574,59.053,4.5,2
41.3895,-127.0848,10.0,2.6,1
19.8475,-64.0865,10.0,3.1,1
50.9787,157.5246,67.91,4.8,2
-4.2241,152.9274,19.0,5.9,3
49.8458,155.3023,100.54,4.5,2
49.0365,157.5405,10.0,4.1,2
1.3202,98.9615,95.873,5.0,3
51.2099,159.4249,10.0,4.5,2
38.043166666667,-118.784,8.7,2.7,1
50.9789,160.8626,10.0,4.4,2
20.2387,96.2024,10.0,4.5,2
66.2046,-135.5373,19.5,3.5,1
-14.6052,166.9762,41.888,4.6,3
32.412,-101.922,8.7646,2.7,1
58.7613,-138.923,22.7,3.8,1
50.9656,158.0824,32.08,4.1,2
51.7298,158.2367,65.567,4.1,2
39.8604,-29.5871,10.0,4.5,2
51.5711,159.8421,10.0,4.2,2
49.7286,158.5829,10.0,4.2,2
51.1388,-176.0789,10.0,2.6,1
48.9102,155.8496,35.0,4.1,2
36.958,21.8613,22.983,4.8,2
-12.1176,166.2266,35.0,4.9,3
18.7959,145.561,227.288,4.3,2
50.1435,157.2331,35.0,4.3,2
51.7733,159.4237,10.0,5.2,2
51.4529,159.5911,35.0,4.7,2
51.6408,159.672,42.718,4.7,2
-13.9845,-72.5574,101.337,4.3,3
24.6133,122.9664,113.505,5.5,2
50.0856,158.6197,17.748,4.4,2
51.5301,159.6329,30.82,4.1,2
17.9073,-68.149,75.0,3.52,1
51.2261,160.9503,10.0,4.7,2
50.2431,159.0915,10.0,4.4,2
51.3326,160.6663,10.0,4.4,2
18.6265,-67.140333333333,71.95,3.21,1
52.5153,158.3911,10.0,4.1,2
51.8018,161.4027,11.502,4.8,2
51.3411,159.6707,10.0,4.2,2
18.2671,-68.1098,99.0,3.55,1
51.457,159.7619,10.0,4.6,2
-44.6833,-81.3578,10.0,4.3,3
41.4224,-127.0979,10.0,2.6,1
59.9195,-136.7335,2.238,2.5,1
-44.2974,-82.1364,10.0,4.1,3
4.2141,126.6853,50.309,4.5,3
-17.3053,-174.4254,155.524,4.5,3
2.9167,66.1387,10.0,4.4,3
51.7957,160.9284,10.0,4.2,2
52.6169,-32.0699,10.0,4.5,2
49.2161,156.0151,35.0,4.6,2
-57.5932,157.6924,10.0,4.2,3
18.4755,-67.8485,7.24,3.25,1
51.5881,159.9865,10.0,4.2,2
52.217,160.1147,44.441,4.1,2
-21.2176,-68.4558,136.441,4.2,3
-41.7988,-83.9195,10.0,5.3,3
-41.6242,-83.5423,10.0,4.6,3
19.6019,-70.7156,26.056,3.8,1
51.9406,-170.9855,35.0,2.8,1
51.5329,160.8796,10.0,4.7,2
52.3117,160.9074,10.0,4.5,2
17.912833333333,-66.9185,10.5,2.75,1
52.4016,-170.7259,51.462,3.2,1
49.6853,158.6128,10.0,4.2,2
-57.1605,-67.1881,10.0,4.7,3
33.1397,131.1214,9.817,4.9,2
52.8386,160.7325,35.0,4.2,2
51.2704,159.3608,29.156,4.3,2
59.8831,-152.8852,95.4,3.4,1
-6.6449,129.9538,138.814,4.0,3
36.5526,70.919,191.664,4.3,2
-46.031,-16.2286,10.0,5.0,3
52.2526,160.4386,25.588,4.7,2
51.8781,158.9736,60.423,4.1,2
-41.2658,-88.2075,10.0,4.6,3
49.887,155.7814,78.872,4.2,2
51.2496,-177.6833,35.0,3.0,1
-19.5149,-173.8574,35.0,5.3,3
54.4967,-160.084,26.299,2.5,1
54.4919,-160.2697,35.0,3.0,1
50.1129,157.3875,47.899,4.9,2
54.5902,-160.252,17.533,2.5,1
51.276,159.0858,35.0,4.0,2
-6.5386,131.4808,10.0,4.9,3
32.132,-102.214,7.1045,2.6,1
51.4567,159.451,33.883,4.5,2
51.4931,178.889,69.065,2.5,2
18.6484,-103.4094,57.872,4.3,3
50.0206,159.3567,10.0,4.4,2
62.4381,-151.2161,87.7,4.6,1
29.7003,138.4539,486.873,4.2,0
-6.7302,116.1086,558.862,4.2,0
14.0612,-92.7258,10.0,4.4,3
19.172666666667,-155.48433333333,30.75,3.16,1
38.632333333333,-119.817,0.42,2.5,1
47.5763,-92.6704,0.0,2.6,1
-55.0686,-128.6729,10.0,4.8,3
51.9941,161.2727,10.0,4.2,2
54.5823,-160.0128,28.143,3.3,1
-58.5996,-25.1282,35.0,4.6,3
52.7946,159.266,67.395,4.5,2
13.8612,144.8151,120.739,4.6,2
51.418,161.1206,10.0,4.3,2
-23.9343,-66.7161,195.058,4.5,3
54.5262,-160.312,27.998,3.2,1
-18.135,-178.4305,594.036,4.4,0
51.9161,159.6644,35.0,4.1,2
50.0196,157.7816,35.0,4.1,2
50.4554,159.2215,10.0,4.2,2
51.4903,160.8763,10.0,4.3,2
54.4173,-160.3111,17.178,3.1,1
17.968833333333,-66.878666666667,15.25,2.72,1
51.3832,159.7998,10.0,4.2,2
51.5233,160.8274,10.0,4.7,2
51.4774,160.7726,10.0,4.3,2
54.3384,-161.3134,35.0,2.5,1
51.0925,159.2291,26.201,4.5,2
50.8995,157.439,48.567,4.3,2
12.6049,-89.8876,10.0,4.5,3
54.5341,-160.2067,25.143,2.7,1
50.1556,155.8767,90.934,4.5,2
19.172666666667,-155.48316666667,30.77,3.21,1
51.5097,159.6275,27.756,4.6,2
52.6349,160.2711,41.188,4.0,2
53.0152,161.7833,10.0,4.7,2
19.064333333333,-66.122666666667,43.5,2.99,1
51.9013,-179.1499,140.311,3.3,1
51.2504,161.0323,10.0,4.1,2
51.223,159.4815,10.0,4.5,2
51.665,160.44,10.0,4.0,2
38.4542,-116.5103,9.9,2.6,1
51.6909,159.2249,55.863,4.2,2
52.6417,160.7034,35.0,4.0,2
50.0588,158.374,17.105,4.3,2
51.5428,159.6795,35.0,4.5,2
51.4793,160.908,10.0,4.2,2
51.2004,159.1994,35.0,4.8,2
49.902,156.1812,80.935,4.4,2
51.4249,159.6929,10.0,5.5,2
51.5455,158.3152,62.264,4.7,2
51.5638,159.448,16.0,5.8,2
52.0656,161.6507,10.0,4.1,2
48.9944,158.2069,10.0,4.4,2
-7.6841,127.8293,116.185,4.6,3
34.3106667,-117.492,11.87,3.66,1
36.5008,70.2911,211.153,4.1,2
49.8602,159.4591,10.0,4.3,2
54.672,-162.5416,10.0,2.5,1
61.5261,-141.2073,5.0,3.5,1
34.021,-117.5931667,6.13,3.43,1
-18.159,168.024,35.0,4.7,3
34.0196667,-117.5911667,4.01,3.18,1
34.0198333,-117.5901667,6.15,3.46,1
51.4401,160.6108,10.0,4.1,2
49.846,156.0705,64.658,4.5,2
50.4981,176.7332,10.0,3.4,2
53.1162,-166.6646,19.292,3.4,1
50.0292,155.6747,79.776,4.1,2
51.9416,161.6932,10.0,4.1,2
51.6204,158.5731,35.0,4.4,2
40.674,145.1876,10.0,4.5,2
36.6186,71.4303,112.7,4.3,2
51.6512,159.7281,35.0,4.1,2
51.586,159.6857,10.0,4.3,2
-5.9341,147.6485,92.875,4.6,3
51.582,159.752,10.0,5.2,2
51.3871,160.6396,10.0,4.6,2
51.4803,161.0963,10.0,4.4,2
60.1861,-152.7237,91.9,2.5,1
40.282,-124.48383333333,8.14,2.77,1
51.5017,159.5624,29.95,4.7,2
49.9407,158.798,10.0,5.1,2
17.945,-66.913333333333,10.68,3.18,1
40.5507,-126.1894,10.0,3.8,1
-23.1723,-66.464,226.98,4.0,3
51.7974,160.3915,10.0,4.4,2
52.3423,-171.1894,67.341,2.6,1
31.662,-104.398,5.6384,2.9,1
51.5468,159.9383,10.0,4.3,2
14.0755,-89.8354,10.0,4.4,3
49.4802,157.8111,10.0,4.5,2
19.179333333333,-155.485,30.55,3.09,1
51.5787,159.7664,10.0,4.8,2
54.6018,-159.7865,23.02,2.7,1
25.2576,126.5237,35.0,4.2,2
50.2333,-176.7328,34.996,2.5,1
54.4945,-159.6423,35.0,3.6,1
61.8916,-150.9949,10.7,3.0,1
27.9779,128.1353,10.0,5.0,2
51.3099,159.8509,10.0,4.1,2
52.6639,160.9064,10.0,4.6,2
-17.4204,-173.687,38.466,4.4,3
51.8209,161.125,10.0,4.4,2
34.1455,-117.4141667,6.66,3.48,1
51.6455,159.4825,10.0,4.2,2
51.1038,159.5442,10.0,4.2,2
-8.7654,-80.3006,10.0,4.4,3
51.9466,159.7344,45.632,4.1,2
40.4573,52.8519,10.0,4.2,2
50.9192,159.0129,10.0,4.2,2
61.1503,-151.127,55.0,2.6,1
50.4253,158.9304,10.0,4.3,2
52.9277,160.0982,35.0,4.4,2
13.9108,144.6955,197.907,4.0,3
51.692,160.1257,10.0,4.1,2
52.3552,160.4302,10.0,5.2,2
52.2394,160.4024,10.0,5.1,2
51.8921,161.1957,10.0,4.4,2
52.1847,160.2739,33.969,4.9,2
52.4803,-174.028,166.258,2.6,1
-6.6831,129.8243,158.697,4.5,3
43.6275,-105.345,0.0,3.1,1
49.906,159.5267,10.0,4.3,2
51.9347,161.4937,10.0,4.2,2
49.2125,157.8883,10.0,4.5,2
52.4486,-179.0189,189.354,2.7,1
51.5015,160.4463,10.0,4.1,2
-18.3904,-177.9348,542.938,4.2,0
-13.5367,167.5465,10.0,4.5,3
51.4358,-177.8758,58.424,3.1,1
51.1705,-173.3961,15.9,2.7,1
-17.5888,166.9272,10.0,4.5,3
-22.2384,-68.568,142.402,4.3,3
51.6161,178.2508,71.15,2.8,2
33.0369,131.581,83.433,4.4,2
56.3272,-148.7758,10.0,2.6,1
56.567,-149.357,10.0,3.1,1
40.366666666667,-124.94033333333,18.97,2.55,1
50.4384,-177.2761,38.459,2.7,1
18.6007,147.7537,10.0,4.0,2
51.3386,160.6475,10.0,4.5,2
52.0883,160.6467,21.806,4.4,2
51.2935,160.7032,10.0,4.2,2
41.0145,-74.0383,12.436,2.8,1
51.5009,159.6624,32.366,4.2,2
52.877,160.2527,35.0,4.1,2
39.3866,-99.6548,8.856,2.5,1
49.8141,155.6833,88.394,4.2,2
54.4246,-159.5771,13.97,3.6,1
52.6348,159.1796,62.543,4.7,2
52.2937,158.6507,10.0,4.5,2
57.6543,-154.5763,40.8,2.8,1
-17.7009,-176.4748,593.912,4.1,0
53.6168,162.1129,10.0,4.2,2
53.1058,160.5281,43.154,4.3,2
51.2706,-176.3503,34.413,2.5,1
49.9891,157.6864,10.0,4.1,2
49.5133,155.5075,83.016,4.3,2
-20.0028,-175.9397,171.181,4.8,3
57.985,-155.9777,132.2,2.7,1
51.6201,160.8177,10.0,4.2,2
49.664,155.3451,95.727,4.4,2
53.2217,161.2928,10.0,4.3,2
51.0955,159.4438,10.0,4.2,2
51.403,160.751,10.0,4.4,2
54.478,-160.0854,20.959,3.1,1
51.7149,159.8915,10.0,4.3,2
32.151,-101.05,5.9326,2.8,1
41.3637,72.6422,10.0,5.1,2
51.9947,160.701,10.0,4.0,2
51.3466,159.5999,10.0,4.1,2
51.0978,157.1931,92.317,4.5,2
50.8321,-173.4721,10.0,2.9,1
50.1719,158.2134,25.912,4.1,2
39.8414,141.656,69.618,4.1,2
19.173833333333,-155.48233333333,30.6,2.96,1
50.3926,158.2487,33.987,4.8,2
51.121,158.7069,35.0,4.7,2
51.3999,159.6505,10.0,4.2,2
51.6249,159.8114,27.973,4.5,2
52.5356,160.6832,26.601,4.2,2
54.5545,-159.927,25.906,2.8,1
52.1092,160.4426,10.0,4.5,2
51.8748,-177.4302,86.518,4.8,1
17.4304,-63.1106,126.347,4.4,3
51.1257,158.7013,35.0,4.9,2
49.6341,160.0691,10.0,5.0,2
40.364166666667,-124.89116666667,14.12,2.66,1
18.1665,-68.3226,168.0,5.7,3
52.129,161.5997,10.0,4.1,2
17.976,-66.848833333333,16.06,2.56,1
52.1594,160.5927,10.0,4.3,2
32.9133333,-115.531,12.51,3.11,1
51.4203,159.505,24.468,4.5,2
-20.0717,-69.273,92.922,4.1,3
50.5041,157.9105,35.0,4.4,2
50.3392,158.5233,21.723,4.3,2
50.5209,158.2162,10.0,4.8,2
50.3895,158.6931,10.0,4.5,2
53.2864,168.4951,10.0,4.5,2
49.8939,157.6733,22.694,4.3,2
51.7832,161.3132,10.0,4.3,2
32.9125,-115.5358333,16.19,3.8748961209283,1
18.062833333333,-65.444833333333,19.97,2.76,1
49.771,158.8063,10.0,4.6,2
51.395,161.0675,10.0,4.1,2
32.9115,-115.528,11.74,2.72,1
19.203333333333,-155.38016666667,30.23,2.74,1
41.2934,140.6781,138.052,4.1,2
51.8691,161.475,10.0,4.1,2
-38.6796,-74.9114,10.0,4.5,3
42.5413,142.8743,90.819,4.1,2
50.4117,156.5472,80.71,4.4,2
28.0709,59.0117,76.745,5.6,2
-21.9866,-68.6449,104.358,4.6,3
-37.6544,176.9334,154.406,4.1,3
50.3444,159.023,10.0,4.4,2
50.6392,158.3678,35.0,4.4,2
54.4504,-159.8454,26.666,2.9,1
52.0143,160.4604,10.0,4.2,2
51.6656,160.2727,10.0,4.6,2
-54.3952,5.4974,10.0,5.0,3
52.315,160.3324,30.084,4.4,2
31.8666667,-114.7105,14.42,2.53,1
18.6149,-72.2148,10.0,3.9,1
50.1937,157.2521,35.0,4.6,2
52.5306,160.5399,42.644,4.1,2
28.1878,51.7175,10.0,4.4,2
52.406,161.0786,18.497,4.2,2
33.0551,-109.2889,0.0,2.8,1
52.3824,160.1635,42.42,4.8,2
52.2338,160.3119,38.415,4.5,2
-20.9115,-178.7395,558.535,4.4,0
52.3046,159.2205,56.95,4.0,2
50.7671,157.9673,33.271,4.3,2
52.3794,160.0307,51.821,4.7,2
33.2131667,-115.5678333,3.76,3.11,1
51.6356,160.2222,10.0,4.5,2
52.2569,160.1579,21.714,5.1,2
51.8821,160.0998,35.0,4.4,2
49.3466,157.3035,20.729,4.4,2
35.3825,-118.4825,7.33,2.67,1
51.3124,160.6289,10.0,4.7,2
18.2699,145.4569,493.731,4.0,0
51.5587,-176.1085,35.0,2.5,1
51.3799,159.7982,10.0,4.3,2
51.5318,159.9153,10.0,4.3,2
50.3763,157.2986,35.0,4.7,2
51.4227,161.1201,10.0,4.3,2
31.0285,141.8237,10.0,4.4,2
50.2263,158.6348,10.0,4.3,2
27.8464,128.013,10.0,4.6,2
51.835,159.4281,35.0,4.2,2
38.6742,-97.538,9.896,3.3,1
19.0225,-65.396833333333,49.0,3.42,1
12.2091,-87.6562,35.0,4.6,3
27.9136,127.8973,10.0,4.3,2
52.273,160.0847,35.0,4.2,2
52.7724,160.8405,10.0,4.6,2
51.1091,158.89,35.0,4.2,2
51.2727,158.5086,35.0,4.3,2
51.4578,159.7431,10.0,4.9,2
52.8568,159.5039,61.315,4.1,2
13.9342,92.3481,10.0,4.2,2
51.3629,160.977,10.0,4.2,2
49.286,157.9737,10.0,4.3,2
36.603,54.8547,10.0,4.1,2
50.9847,158.3137,35.0,5.0,2
51.2541,159.0675,35.037,4.0,2
50.9503,159.085,28.932,4.0,2
48.9497,155.8422,35.0,4.2,2
44.368,147.4856,108.046,4.2,2
48.5461,157.5499,10.0,4.6,2
52.33,162.1056,10.0,4.0,2
-11.9776,166.3038,58.458,4.3,3
43.7143,-105.2896,0.0,3.2,1
49.9421,158.1099,10.0,4.1,2
50.737,157.9449,48.699,4.0,2
49.7002,158.3167,19.776,4.2,2
52.5477,160.5014,40.23,4.3,2
52.1637,160.6701,21.891,4.6,2
52.1572,160.3489,25.964,4.5,2
48.4937,157.4303,10.0,4.2,2
38.829666666667,-122.819,1.99,2.53,1
54.4576,-160.1214,35.0,3.0,1
52.4202,159.9964,35.0,4.4,2
49.7861,155.8326,74.104,4.1,2
51.8688,159.2945,35.0,4.9,2
51.4736,158.4131,48.203,4.3,2
54.4261,-160.2431,35.0,2.7,1
51.321,161.0129,10.0,4.4,2
50.172,158.1827,10.0,4.3,2
54.4791,-160.2159,35.0,3.0,1
50.6749,-172.9854,10.0,2.9,1
50.1175,157.3413,35.0,4.3,2
54.5013,-159.7889,35.0,2.9,1
49.0982,156.2726,10.0,5.2,2
51.6779,160.0257,10.0,4.4,2
50.6173,158.465,10.0,4.4,2
50.0025,155.9659,75.444,4.5,2
51.794,-170.8214,40.789,2.9,1
52.2397,-170.4427,45.229,3.6,1
50.2465,159.1692,10.0,4.3,2
52.2856,160.185,35.0,4.4,2
51.0766,159.0676,40.463,4.2,2
56.7834,-154.2672,43.3,3.2,1
43.1049,144.8522,78.177,4.3,2
1.1555,124.2603,14.576,4.5,3
31.629,-104.015,6.3177,2.5,1
49.2197,156.2966,44.356,4.2,2
50.6536,156.7887,75.01,4.3,2
54.5647,-159.9309,19.265,3.0,1
51.3451,159.7239,33.793,4.2,2
51.0642,159.5188,23.123,4.2,2
51.7592,159.3382,35.0,4.9,2
50.157,158.5795,10.0,4.6,2
15.4482,-94.7268,32.337,4.2,3
54.417,-160.1079,35.657,2.6,1
51.414,161.1404,10.0,4.3,2
-5.932,128.0331,387.735,4.3,0
50.0851,158.3609,26.091,4.0,2
50.1825,158.911,10.0,4.9,2
52.2617,160.6691,19.962,4.2,2
19.173833333333,-155.48783333333,31.21,2.56,1
51.2485,159.5548,10.0,4.3,2
51.2059,158.6169,41.411,4.2,2
50.5179,157.9788,29.165,4.3,2
-10.2062,162.5802,46.547,4.7,3
51.5803,160.0888,10.0,4.4,2
51.3119,160.5287,10.0,4.2,2
49.8661,156.912,35.572,4.0,2
-8.6145,129.1101,10.0,4.6,3
50.2216,-177.9064,10.0,2.8,1
51.7707,176.4769,35.0,3.6,2
61.5687,-146.4474,16.4,2.8,1
51.1468,159.5447,22.326,4.5,2
51.332,159.7044,24.879,4.2,2
52.3102,160.6634,10.0,4.8,2
51.9383,159.4489,35.0,4.2,2
51.6218,159.2507,35.0,4.2,2
51.9219,160.1888,25.716,4.0,2
51.369,-173.8966,35.0,2.9,1
48.6505,157.5813,10.0,4.6,2
54.5316,-159.9653,26.657,2.5,1
61.5529,-151.5304,74.1,2.6,1
49.6295,156.7144,38.78,5.0,2
52.2855,160.4546,10.0,4.9,2
0.2614,122.0062,164.366,4.6,3
50.2464,156.9062,60.442,4.0,2
51.652,-173.4891,35.0,4.2,1
51.9732,161.5776,10.0,4.3,2
50.0735,158.2095,10.0,4.4,2
59.2766,-152.9588,88.6,2.6,1
51.35,159.6083,11.165,4.5,2
50.1604,158.8486,10.0,4.3,2
40.643,-124.32283333333,16.65,2.6,1
18.885833333333,-66.126833333333,39.01,3.14,1
50.0861,158.3665,18.535,4.9,2
53.7714,-164.4347,35.0,4.1,1
48.8586,156.3666,16.0,6.2,2
50.5075,-175.9485,10.0,2.7,1
51.4867,159.6201,25.756,4.4,2
-8.8943,159.8465,78.842,5.0,3
51.4311,159.3289,35.0,4.4,2
52.1899,-175.6804,178.656,2.8,1
51.9812,159.8638,10.0,5.0,2
50.2297,158.3352,29.28,4.1,2
51.4092,-177.464,35.0,2.5,1
49.3583,157.3698,10.0,4.0,2
51.457,159.4917,28.205,4.7,2
53.9928,-163.5262,51.245,2.6,1
51.6023,159.5305,10.0,4.8,2
54.4285,-159.9754,25.702,3.1,1
-24.1838,179.8728,512.792,4.2,0
51.6269,159.5529,24.776,4.6,2
17.6488,145.3274,339.6,3.7,0
51.6721,160.7083,10.0,4.2,2
39.9357,113.5049,10.0,4.3,2
12.7375,-88.5933,53.012,4.1,3
51.2863,159.087,35.0,4.3,2
51.6358,158.1961,59.345,4.1,2
50.8196,158.995,11.993,4.6,2
50.9043,157.4601,69.365,4.1,2
51.8584,158.3929,75.698,5.1,2
52.7357,160.7206,35.0,4.3,2
1.7035,127.4272,136.91,4.2,3
19.037333333333,-64.672833333333,5.04,3.18,1
54.5368,-160.4593,14.644,2.8,1
52.5424,160.527,10.0,4.1,2
50.3592,158.7342,10.0,4.3,2
52.7805,160.2293,35.0,4.5,2
51.3186,157.5609,75.027,4.1,2
53.6856,-166.1872,80.065,2.8,1
50.092,156.2119,66.34,4.5,2
54.6799,-160.3979,10.0,3.0,1
51.5344,159.1375,35.0,4.2,2
38.6961,-97.5252,5.0,3.3,1
-20.4738,-178.2955,554.869,4.3,0
52.6226,160.6475,24.27,4.6,2
50.7426,160.2086,10.0,4.2,2
48.8347,155.4251,35.0,5.1,2
49.2367,158.5882,10.0,4.5,2
52.3212,160.5594,10.0,4.9,2
52.3724,160.6238,20.581,4.7,2
52.4126,160.4179,10.0,5.0,2
20.8614,96.0989,10.0,4.5,2
51.4135,161.2335,10.0,4.1,2
52.7808,159.2192,70.561,4.8,2
52.6468,160.5315,10.0,4.6,2
52.4216,161.1532,10.0,4.2,2
54.4138,-159.8866,35.0,2.8,1
49.9629,157.1438,40.505,5.1,2
51.4792,-174.9628,35.0,2.7,1
50.0186,159.539,10.0,5.1,2
52.1916,160.8387,33.507,4.5,2
51.5651,159.5352,10.0,5.1,2
50.0476,159.5665,10.0,4.3,2
43.6108,-105.295,0.0,3.2,1
52.1311,160.5927,17.191,5.1,2
51.564,159.3669,10.0,4.6,2
51.1233,158.738,29.535,4.2,2
51.1998,157.4633,83.88,4.6,2
19.8621,-68.7939,13.171,3.2,1
52.4344,160.5642,10.0,4.8,2
51.853,159.0741,35.0,4.3,2
54.5366,-159.9867,35.0,2.7,1
51.4368,160.8984,10.0,4.4,2
51.7915,159.8475,22.905,5.1,2
51.5294,-173.4994,35.0,3.7,1
50.2411,158.8955,27.34,4.8,2
52.546,160.9573,10.0,4.4,2
52.4978,160.6678,9.0,5.6,2
51.3015,161.2126,10.0,4.1,2
60.2001,-152.6626,101.3,3.4,1
51.5991,159.0342,47.395,4.5,2
51.0908,-178.6133,35.0,2.6,1
51.4317,178.3942,35.0,2.7,2
51.766,159.844,10.0,4.0,2
52.5119,160.9786,10.0,4.6,2
50.3139,157.1431,35.0,4.1,2
53.2871,161.6454,10.0,4.7,2
53.4416,-163.5929,35.0,2.5,1
49.9712,159.7477,10.0,4.6,2
52.1808,160.4261,10.0,4.4,2
-47.7857,115.9829,10.0,5.4,3
51.4434,161.1637,10.0,4.3,2
51.5793,161.3969,10.0,4.3,2
54.5219,-160.153,35.0,2.6,1
17.191,-65.297,26.55,3.38,1
51.5273,161.0624,10.0,4.7,2
51.8159,160.1211,29.241,4.9,2
49.0866,157.9168,10.0,4.5,2
50.4088,157.936,10.0,4.5,2
52.3341,160.7572,10.0,5.2,2
52.4283,160.6912,10.0,5.6,2
63.3911,-153.4607,8.4,2.5,1
51.2479,159.3673,32.603,4.7,2
-9.362,-71.6273,319.416,4.1,0
50.227,159.1358,10.0,4.7,2
51.6948,160.2336,10.0,4.5,2
50.2744,159.5324,10.0,4.2,2
50.3111,159.0682,10.0,5.2,2
-5.3708,133.6391,10.0,4.5,3
50.0408,159.4326,10.0,4.2,2
50.3965,158.8016,10.0,4.4,2
50.4204,158.9038,10.0,5.0,2
50.2859,158.9868,10.0,5.1,2
50.2826,159.0167,10.0,4.0,2
40.856666666667,-124.83366666667,14.17,3.19,1
49.8206,157.1933,33.543,4.7,2
51.5862,-175.9323,44.109,2.6,1
-22.0927,-68.5618,118.442,4.4,3
52.244,160.8543,39.167,4.3,2
50.7263,157.0367,72.868,4.2,2
50.8617,158.6144,33.748,4.4,2
-9.183,-71.2911,481.669,5.0,0
50.3016,156.639,73.704,4.1,2
50.3704,158.5853,10.0,4.3,2
50.7604,159.9497,10.0,4.2,2
18.520333333333,-66.744333333333,124.99,3.24,1
54.3634,-159.721,35.0,3.0,1
61.7049,-151.7427,91.9,3.2,1
54.5416,-159.8941,35.0,3.6,1
50.9094,159.0052,10.0,4.3,2
52.7029,-169.4959,44.238,2.9,1
18.195,-68.0831,99.0,3.62,1
50.8267,160.273,10.0,4.5,2
50.1614,158.9455,10.0,4.4,2
60.9762,-150.1851,47.0,2.9,1
67.3322,-156.272,2.6,2.5,1
50.7266,158.0204,25.865,4.6,2
50.8744,158.6797,10.0,4.2,2
51.9869,161.6613,10.0,4.0,2
50.5088,157.8643,35.0,4.4,2
32.9098,-39.8434,10.0,4.4,2
4.1014,126.4683,59.115,4.3,3
60.7576,-150.8701,53.3,2.5,1
51.6151,159.5085,36.715,4.8,2
50.6681,157.8147,35.0,4.7,2
51.8445,159.2863,35.0,4.1,2
-6.5736,146.8916,65.778,4.4,3
51.4172,161.0597,10.0,4.1,2
50.6175,158.0024,33.576,4.5,2
3.4403,126.5724,52.284,4.1,3
48.6113,157.4971,10.0,4.4,2
49.2985,157.5274,10.0,4.3,2
50.5853,157.8643,30.0,6.8,2
-4.5409,102.379,47.958,4.6,3
53.5468,161.4989,10.0,4.3,2
25.8739,128.9672,10.0,4.6,2
52.1276,160.2459,29.823,4.4,2
-55.2284,-128.6508,10.0,6.3,3
56.3735,162.373,10.0,4.4,2
-5.155,151.3527,190.4,4.3,3
50.763,158.9827,10.0,4.1,2
51.914,160.1233,35.0,4.7,2
51.0992,158.5497,35.0,4.2,2
50.1621,158.8847,10.0,5.1,2
29.7915,92.3503,10.0,4.5,2
-14.138,167.2447,196.569,4.4,3
52.534,-172.5469,111.524,3.6,1
52.5279,158.9657,67.462,4.3,2
50.4064,158.0205,10.0,4.1,2
17.996833333333,-66.835833333333,16.51,2.53,1
51.537,161.154,10.0,4.4,2
52.4464,160.5575,35.0,4.5,2
-55.3641,-127.8359,10.0,5.8,3
40.8535,-74.0507,10.0,3.0,1
34.2627,-113.4083,10.0,2.5,1
-47.2934,-13.2903,10.0,4.9,3
50.5,157.633,47.958,4.5,2
51.0313,159.0254,10.0,4.4,2
52.322,161.9981,10.0,4.5,2
53.1649,160.8182,35.0,4.2,2
51.461,159.7026,10.0,4.5,2
51.4892,159.7334,10.0,4.9,2
52.6319,160.3175,35.0,4.0,2
51.7976,160.2803,10.0,4.4,2
51.5831,159.7586,10.0,4.8,2
50.3131,158.2444,10.0,4.5,2
51.7412,159.1298,50.729,4.3,2
52.3226,160.3259,30.443,4.7,2
54.3056,-160.0673,35.0,3.0,1
50.3078,158.4395,25.262,5.0,2
50.3317,158.3979,22.634,4.1,2
65.4835,-144.222,15.5,2.5,1
51.2216,-176.3125,35.0,3.3,1
19.3148,-64.9181,45.0,3.66,1
49.9492,156.5751,70.919,4.8,2
52.4948,161.9899,10.0,4.3,2
32.2685,-115.1065,15.95,3.43,1
51.4214,159.5896,10.0,4.8,2
51.5482,159.6724,10.0,4.9,2
51.3206,159.6445,25.82,4.4,2
52.5496,-163.0649,18.388,3.0,1
52.2317,160.1337,35.0,4.2,2
50.3301,159.134,10.0,4.4,2
-14.685,167.5855,10.0,4.9,3
51.9185,159.9547,47.801,4.4,2
38.6855,-97.5596,5.0,2.7,1
51.496,159.5546,10.0,4.9,2
38.4415,-116.4863,11.8,2.6,1
-15.1925,-176.8391,10.0,4.7,3
37.837,69.8187,10.0,4.2,2
-5.5698,152.3977,10.0,4.2,3
18.105833333333,-68.459,54.06,3.41,1
51.7348,-173.7613,49.648,2.9,1
51.1556,158.7331,58.64,4.3,2
-20.932,-67.5033,177.033,4.1,3
38.7075,-97.5441,5.0,3.4,1
54.5681,-159.9476,24.785,3.4,1
50.3453,158.7601,31.077,4.5,2
50.1947,159.0612,10.0,5.1,2
-0.0936,123.2974,146.886,4.4,3
51.4447,160.8939,10.0,4.5,2
51.6776,158.2914,71.792,4.1,2
51.3758,-167.5738,10.0,2.5,1
38.4543,-116.4781,5.3,2.8,1
50.5297,159.7647,10.0,4.2,2
51.3729,160.9167,10.0,4.2,2
33.2677,73.2789,10.0,4.9,2
54.5758,-160.2893,22.34,2.9,1
50.2511,159.0888,10.0,4.9,2
50.3121,158.7994,10.0,4.5,2
52.2702,160.4299,27.061,4.5,2
48.6614,157.3988,10.0,4.7,2
34.2435,-116.8828333,8.17,3.0,1
51.2851,159.4375,20.422,4.5,2
50.8117,159.9977,10.0,4.5,2
52.1609,159.9379,41.142,4.1,2
17.1124,-96.2645,62.566,5.8,3
51.3019,159.2558,10.0,4.5,2
52.3366,158.7476,71.149,4.9,2
50.8157,160.0723,10.0,4.5,2
19.245833333333,-155.51983333333,9.43,2.7,1
51.6296,159.8964,35.211,4.2,2
50.1751,157.2812,55.875,5.0,2
54.4651,-159.8219,29.817,3.1,1
51.9771,159.3433,64.69,4.7,2
48.4313,155.512,10.0,4.3,2
-20.8705,-178.6275,600.489,4.1,0
37.446,-23.8103,10.0,5.2,2
51.4836,159.7335,25.182,4.6,2
51.6685,160.0534,10.0,4.5,2
47.7055,-122.62666666667,25.1,2.93,1
40.4567,77.3601,10.0,4.4,2
-15.8374,166.9705,10.0,4.1,3
51.0686,-176.2582,10.0,3.2,1
51.4759,159.745,10.0,4.0,2
2.7733,128.3501,237.054,4.0,3
49.5385,154.808,105.317,4.0,2
53.4337,-163.4309,16.488,2.8,1
54.4921,-159.9303,35.0,2.9,1
51.893,159.2298,68.808,4.4,2
54.5758,-159.8867,35.0,2.8,1
51.588,159.788,44.421,4.6,2
49.7936,155.8633,69.691,4.6,2
51.3157,160.1429,10.0,4.6,2
51.638,159.5993,10.0,5.2,2
51.5911,159.4631,17.0,6.0,2
51.1533,159.2446,35.0,4.4,2
52.2614,160.3235,10.0,4.8,2
51.7306,159.9049,10.0,4.3,2
51.6744,159.7699,10.0,4.6,2
-6.261,155.0497,132.382,4.6,3
54.61,-160.2111,35.0,3.8,1
50.3063,159.2626,10.0,4.4,2
51.8105,158.4135,73.035,4.4,2
50.4259,159.1208,10.0,4.3,2
49.215,156.4101,36.884,4.0,2
19.087833333333,-66.5075,28.76,2.83,1
51.2982,158.7853,40.804,4.3,2
51.6114,159.5838,25.735,4.5,2
-59.7937,-26.2061,13.731,4.4,3
51.5576,159.5842,22.818,4.7,2
-59.2708,-25.9853,35.0,4.3,3
51.5932,159.6045,28.403,5.4,2
-15.2903,-177.1887,414.82,4.3,0
-6.9532,129.4996,160.292,4.3,3
52.286,160.2326,35.0,4.4,2
51.2743,159.8264,10.0,4.5,2
51.7765,160.3005,10.0,4.5,2
50.5727,159.8847,10.0,4.4,2
52.1871,160.6277,10.0,4.5,2
51.0604,159.7403,10.0,4.3,2
-17.8259,-178.7257,591.26,4.3,0
54.6498,-161.9082,50.241,2.7,1
49.1823,157.8409,10.0,4.3,2
52.9074,159.8884,56.008,4.6,2
51.2524,159.0823,35.0,4.4,2
51.4095,177.1479,35.0,3.7,2
50.1902,159.1222,10.0,4.3,2
52.2797,160.7404,38.454,4.8,2
52.0942,160.3142,28.984,4.6,2
51.5116,158.6402,35.0,4.1,2
49.3182,155.4996,73.373,4.6,2
51.7882,159.5901,33.285,4.1,2
14.3209,144.2649,10.0,4.1,2
51.0842,158.8473,32.512,4.0,2
51.8244,159.2093,42.795,4.0,2
54.5063,-160.1562,36.195,3.6,1
51.8234,160.0484,28.589,4.4,2
54.5485,-160.2774,35.0,3.2,1
51.9929,161.3522,10.0,4.6,2
52.8158,159.8236,54.694,4.1,2
3.2525,126.2225,50.714,4.5,3
9.1689,126.7853,9.868,4.7,3
9.0513,126.2212,10.0,4.3,3
51.5283,159.4974,35.0,4.2,2
54.6117,-160.2576,10.404,2.9,1
50.4323,160.0336,10.0,4.4,2
-29.0429,-71.5543,17.723,4.1,3
49.0132,158.0894,10.0,4.5,2
39.2824,71.8998,10.0,4.1,2
49.9279,157.1885,42.769,4.3,2
51.7473,159.3619,34.855,4.4,2
52.683,160.5281,32.689,4.0,2
51.3262,161.0457,10.0,3.9,2
49.9806,159.4416,10.0,4.6,2
52.1932,160.7425,10.0,4.0,2
51.9805,160.2649,35.0,4.2,2
-6.5676,148.9066,66.477,4.3,3
52.241,160.4042,35.0,4.7,2
-24.2082,-66.9797,175.427,4.3,3
53.8159,-163.7792,35.0,2.6,1
-29.7529,-71.8422,27.059,4.3,3
49.3716,156.3627,34.158,4.5,2
52.0518,159.8465,54.657,4.3,2
52.6084,160.6974,35.0,4.2,2
51.215,159.1854,35.933,4.4,2
51.2783,159.6687,10.0,4.4,2
52.3278,161.2628,10.0,4.2,2
49.8313,156.5677,40.609,4.2,2
11.6266,-86.3268,76.518,4.3,3
52.8619,161.9184,10.0,4.4,2
51.2404,157.6078,84.239,4.5,2
52.3592,160.4874,35.0,4.3,2
49.0048,155.8154,35.0,4.4,2
51.0072,159.2361,20.95,4.5,2
-24.7768,-177.3032,152.542,4.4,3
50.322,159.4558,10.0,4.0,2
52.7995,160.6735,35.0,4.4,2
49.2126,156.3492,39.072,4.9,2
49.831,157.0212,35.0,4.3,2
23.3843,142.8833,41.105,4.7,2
51.0514,159.2082,10.0,4.6,2
52.3606,160.4646,35.0,4.4,2
49.7987,156.9021,35.0,4.4,2
-57.5804,157.5833,10.0,4.2,3
50.4326,159.5148,10.0,4.2,2
50.1888,157.7444,35.0,4.7,2
50.0176,159.243,10.0,4.3,2
51.8027,160.2414,10.0,4.5,2
14.1686,-93.0234,10.0,4.2,3
49.0746,156.2686,10.0,4.5,2
51.4339,158.7407,35.0,4.8,2
50.657,158.0758,35.0,4.9,2
51.6034,160.0568,35.0,4.6,2
50.0506,159.5146,10.0,4.7,2
50.2768,159.0998,10.0,4.9,2
65.9131,-147.4051,10.0,2.9,1
51.0453,157.0508,79.483,4.5,2
10.7143,-62.8249,109.287,4.7,3
23.762,121.5524,10.0,4.8,2
52.2331,160.285,35.0,4.4,2
51.874,159.7088,35.0,4.4,2
54.5263,-160.1702,37.004,2.7,1
52.2794,160.2634,35.0,4.3,2
65.9433,-147.3737,10.7,3.7,1
54.4172,-160.084,20.767,2.6,1
51.2196,159.7842,10.0,4.6,2
52.2516,160.7421,10.0,5.1,2
52.1725,160.7874,10.0,5.0,2
42.3163,145.5206,25.169,5.4,2
-0.3619,124.5287,64.707,4.4,3
50.4325,157.9377,26.823,4.2,2
51.8277,159.1275,48.446,4.4,2
51.6058,160.5796,10.0,4.4,2
50.329,158.7091,10.0,4.1,2
54.3988,-163.2859,11.224,3.7,1
49.8192,158.423,10.0,4.5,2
-4.9685,102.9052,59.367,4.7,3
-21.6202,-68.7253,107.557,4.5,3
52.1037,160.2698,10.0,5.4,2
49.4078,156.0024,35.787,4.3,2
51.9767,160.7987,10.0,4.3,2
50.0928,157.764,27.83,4.3,2
51.4128,159.5325,26.057,4.6,2
52.1576,160.2437,10.0,4.5,2
50.3244,159.005,10.0,4.1,2
51.7773,159.4346,35.0,4.2,2
43.2537,146.2984,75.477,4.7,2
36.0467,70.0486,120.208,5.0,2
51.5168,159.8108,35.0,4.3,2
51.0181,158.8,35.0,5.0,2
51.7184,160.9987,10.0,4.1,2
-23.1525,-114.2437,10.0,4.5,3
51.6292,158.6883,46.22,4.0,2
50.4404,156.3974,79.264,5.6,2
50.4968,156.3237,88.462,5.4,2
49.0853,155.4038,79.228,4.7,2
50.7234,158.5847,27.416,4.2,2
19.7015,-155.136,38.17,2.77,1
37.3275,142.1178,31.374,4.3,2
10.3608,-84.4112,117.228,4.8,3
50.3316,158.6584,10.0,4.7,2
52.4419,160.6186,26.448,4.5,2
50.3702,158.9085,10.0,4.5,2
51.2461,159.2095,10.0,4.6,2
51.6923,159.1684,10.0,4.7,2
49.7442,159.4915,10.0,4.4,2
40.2919,143.9546,10.0,4.4,2
50.173,159.0513,10.0,5.2,2
52.7977,161.4392,10.0,5.5,2
52.2865,160.7756,10.0,5.0,2
52.1506,160.1533,28.342,4.4,2
1.2098,126.1823,58.906,4.1,3
50.1629,159.3224,10.0,4.4,2
50.0326,158.8601,10.0,4.4,2
52.4,160.6678,10.0,4.0,2
54.4889,-160.0605,35.0,3.1,1
12.1239,-86.6872,121.963,4.8,3
52.2305,160.6079,10.0,5.0,2
49.5769,155.0091,103.902,4.7,2
50.3762,158.8164,10.0,5.3,2
50.2099,159.0659,10.0,6.1,2
61.9816,-150.8225,62.2,3.2,1
52.0022,159.2389,49.491,4.7,2
50.6975,158.3757,26.399,4.3,2
50.3103,159.6639,10.0,4.3,2
51.1834,159.3788,34.579,4.1,2
52.7014,158.8451,10.0,4.5,2
3.5115,126.6778,43.232,4.5,3
52.2098,161.1151,10.0,4.5,2
50.3543,157.0791,38.984,4.4,2
49.9782,158.4247,10.0,4.6,2
51.4961,159.647,24.649,4.8,2
54.4002,160.6908,10.0,4.3,2
51.4751,159.0546,57.334,4.5,2
49.8279,157.5025,25.716,4.3,2
51.9644,160.5511,10.0,4.4,2
51.0303,158.1624,52.976,4.9,2
52.3722,160.6769,26.021,4.9,2
35.905333333333,-89.951166666667,13.36,3.06,1
50.22,159.4483,10.0,4.1,2
54.5816,160.4498,10.0,4.3,2
54.6742,160.0174,10.0,4.3,2
50.2483,159.6183,10.0,4.4,2
54.6812,160.2454,10.0,4.3,2
-32.8133,-178.9014,35.0,4.8,3
49.968,159.4667,10.0,4.4,2
51.6457,159.3114,59.317,4.5,2
54.6117,160.4383,9.949,4.4,2
51.0504,158.6292,35.0,4.1,2
2.9503,126.4907,72.855,4.2,3
51.825,159.6059,40.446,4.4,2
-14.8999,66.9493,10.0,4.2,3
50.1143,159.4248,10.0,4.5,2
54.8264,159.9452,10.0,4.3,2
52.5026,160.1267,56.44,4.2,2
51.3049,-177.9698,35.0,3.1,1
49.2099,156.3941,35.0,4.4,2
54.5675,160.2387,10.0,4.3,2
54.9981,-159.4972,10.0,2.7,1
51.3914,178.3746,35.0,2.6,2
49.4694,158.9068,10.0,4.4,2
54.4568,-159.9533,33.181,2.7,1
50.3753,159.2399,10.0,4.3,2
54.6935,160.2488,10.0,4.0,2
54.5521,160.3007,10.0,4.3,2
50.0383,157.0695,35.0,4.2,2
54.7679,160.0941,10.0,4.3,2
53.2612,159.6037,61.165,4.4,2
54.8415,160.1378,10.0,4.1,2
-3.6014,151.3586,461.007,4.5,0
53.4486,161.446,26.986,4.8,2
50.8282,160.0911,10.0,4.3,2
51.6411,159.5849,38.818,4.6,2
36.2312,139.3515,116.03,4.4,2
54.6343,160.2809,10.0,4.3,2
54.4199,-159.8998,23.662,2.7,1
49.9056,158.961,10.0,4.6,2
51.9877,158.3749,23.0,5.6,2
50.3429,159.5699,10.0,4.7,2
52.3535,159.8069,55.322,4.2,2
52.5984,160.7032,10.0,4.5,2
51.1622,158.2612,35.0,5.0,2
54.7858,160.1692,10.0,4.2,2
52.3971,160.5343,35.0,4.2,2
54.5607,-160.3075,10.0,2.6,1
51.5226,157.9347,64.581,4.3,2
54.6464,160.4206,10.0,4.1,2
52.2207,159.9272,35.0,4.6,2
54.6966,160.1413,10.0,4.1,2
54.3029,-156.8969,12.0,2.7,1
54.7831,160.2415,10.0,4.2,2
48.478,157.5844,10.0,4.6,2
51.6032,158.7707,35.0,4.1,2
51.3569,159.515,35.0,4.7,2
51.3779,159.975,35.0,4.5,2
51.8609,160.1081,10.0,5.3,2
54.7442,160.2389,10.0,4.2,2
52.1633,160.5071,34.831,4.4,2
51.9687,159.7249,35.0,4.2,2
51.5708,159.0956,35.0,4.8,2
52.4567,160.7463,10.0,5.4,2
51.7269,160.0431,19.0,5.9,2
49.4262,157.9132,10.0,4.6,2
52.501,160.244,33.703,4.4,2
51.5792,-175.6939,35.0,2.6,1
51.3825,159.3876,35.0,4.9,2
50.3058,159.6425,10.0,4.1,2
40.6805,-123.99766666667,25.99,2.89,1
52.5238,161.8006,10.0,4.2,2
32.101,-102.128,8.3252,2.7,1
52.4521,160.737,10.0,4.6,2
-4.9586,106.671,377.131,4.4,0
49.9825,156.8591,35.0,4.9,2
50.0007,159.4509,10.0,5.1,2
50.527,157.8481,23.0,5.7,2
49.9763,158.331,10.0,4.6,2
52.0394,160.6021,10.0,4.2,2
49.909,159.03,10.0,4.6,2
51.845,159.707,24.111,4.4,2
54.9106,-163.5942,218.328,2.5,1
51.8851,161.2541,10.0,4.3,2
51.265,-177.6145,35.0,3.2,1
32.411,-102.027,8.9111,2.5,1
51.2831,159.1547,35.801,4.7,2
52.8617,160.643,32.683,4.7,2
48.6128,157.2859,10.0,4.4,2
51.4746,159.3602,35.0,4.2,2
52.7678,159.9575,51.899,4.1,2
51.3801,159.8844,10.0,5.0,2
50.9821,159.8999,10.0,4.3,2
51.3069,157.63,64.123,4.7,2
50.2248,158.6591,10.0,4.6,2
35.9045,-89.9495,12.84,2.56,1
49.4418,157.9298,10.0,4.2,2
52.71,160.0361,38.251,4.3,2
-24.5207,-67.5714,178.807,4.2,3
51.9758,159.1471,53.766,4.7,2
52.8059,160.146,28.0,5.7,2
51.2305,158.5035,43.097,5.1,2
54.4755,-160.1282,18.575,3.1,1
51.8442,160.1578,10.0,4.6,2
51.8356,159.3006,35.0,4.3,2
23.8707,122.6608,10.0,4.5,2
50.9601,159.2523,10.0,4.4,2
51.9493,159.4549,40.062,4.5,2
51.7662,160.4217,10.0,5.3,2
50.5974,158.2288,29.411,4.4,2
49.7363,155.8618,66.471,4.4,2
17.989166666667,-66.806,14.2,3.18,1
50.2231,158.9493,10.0,4.7,2
50.0075,157.8292,10.0,4.4,2
51.8869,161.3549,10.0,4.3,2
53.0063,159.6868,60.755,4.8,2
52.4051,161.6881,10.0,4.1,2
51.4709,159.8052,10.0,4.3,2
37.3898,141.8091,47.295,4.3,2
53.4111,-163.558,10.0,2.6,1
-20.8541,-178.4008,565.849,4.2,0
50.0292,157.9027,10.0,4.2,2
53.4327,161.8518,31.27,4.1,2
52.372,159.9301,37.852,4.2,2
50.0369,159.4184,10.0,4.8,2
52.6228,-31.4662,10.0,4.2,2
50.9661,158.7269,38.109,4.5,2
49.5484,155.9545,48.829,4.2,2
50.8792,158.7716,33.997,4.7,2
48.6211,157.4251,10.0,5.0,2
51.1538,159.6239,10.0,5.0,2
51.7178,158.1362,75.248,4.2,2
-13.3905,167.1888,186.092,4.7,3
51.8198,161.2018,10.0,4.2,2
50.6538,158.1272,28.102,4.6,2
51.5401,161.1661,10.0,4.3,2
52.8322,159.712,61.257,4.1,2
-21.8,-68.6279,121.783,4.2,3
51.0066,158.1956,35.0,4.2,2
49.7788,157.0846,35.0,4.7,2
57.2224,-147.4723,10.0,2.8,1
-0.0171,-17.3605,10.0,4.5,3
51.8377,160.2269,10.0,5.3,2
52.886,161.3167,10.0,4.4,2
51.5708,159.3325,30.8,4.5,2
51.1568,157.7994,66.119,4.2,2
49.3895,155.3101,78.282,4.4,2
18.2605,-67.9251,118.0,3.6,1
50.0155,157.339,35.027,4.8,2
53.4247,-163.5348,10.0,2.6,1
51.9095,161.5172,10.0,4.3,2
52.0987,161.5807,10.0,4.4,2
49.6406,157.9655,10.0,4.4,2
51.0719,158.3841,35.0,5.1,2
50.2986,158.1252,17.472,4.6,2
51.9812,160.3504,28.392,4.5,2
51.2131,157.8222,62.262,4.2,2
52.1141,160.2449,22.912,4.3,2
52.2529,159.1501,69.104,4.2,2
51.7771,158.3398,80.926,4.2,2
60.2187,-152.6347,100.0,2.9,1
-16.6068,-69.9776,200.742,4.4,3
50.0516,157.4532,35.0,5.1,2
52.82,161.0889,37.253,4.5,2
19.205333333333,-155.49516666667,31.39,2.79,1
52.811,161.3826,10.0,5.4,2
51.0821,158.8894,38.587,4.5,2
51.1255,157.1559,87.453,4.6,2
34.0464,86.4707,10.0,4.6,2
52.4134,160.5197,10.0,4.6,2
49.0127,157.92,10.0,4.2,2
49.5599,156.6463,36.293,4.2,2
51.4645,157.5154,65.98,4.4,2
52.6353,161.1811,10.0,5.0,2
51.8242,159.6653,27.956,4.6,2
49.8564,159.3639,10.0,4.5,2
50.1081,159.6599,10.0,4.3,2
52.8221,161.1872,21.259,4.4,2
51.5437,159.2549,35.0,4.7,2
51.332,159.1397,35.0,4.4,2
50.5344,157.9461,35.0,4.2,2
52.8321,161.3073,32.337,4.5,2
50.1972,156.8465,57.122,4.1,2
50.6499,156.9352,68.902,4.2,2
49.837,157.906,10.0,4.1,2
54.5077,-160.2785,24.416,2.5,1
49.2422,157.7258,10.0,4.0,2
49.5624,158.5308,10.0,4.6,2
34.5635,136.8457,337.168,4.8,0
51.2059,157.562,74.273,4.2,2
50.8295,-174.9716,10.0,2.9,1
50.3943,158.1563,10.0,4.8,2
50.5716,159.2754,10.0,4.6,2
52.701,161.0674,17.418,4.9,2
51.8377,160.8717,10.0,4.6,2
50.3319,159.625,10.0,4.4,2
49.6921,159.6208,10.0,4.4,2
54.5811,-160.2266,27.145,2.9,1
49.0396,155.733,57.976,4.1,2
52.0273,161.0265,24.522,4.8,2
51.7308,160.6197,35.192,4.1,2
-0.1296,123.1429,125.43,5.0,3
51.0967,159.745,10.0,4.3,2
-27.3,-175.678,10.0,4.4,3
53.1257,160.914,45.809,4.1,2
51.2677,158.9288,28.546,4.6,2
51.3009,158.1844,57.224,4.0,2
49.753,157.3946,10.0,4.6,2
51.8479,159.605,34.998,4.8,2
-34.028,-70.3976,8.101,4.2,3
52.2835,160.6646,23.152,4.0,2
49.1386,157.7232,10.0,4.1,2
51.6328,159.5252,10.0,4.5,2
51.3905,159.4854,10.0,4.6,2
49.0849,158.0317,10.0,4.5,2
51.3042,157.9211,68.817,4.8,2
36.9748,71.381,115.271,4.2,2
50.1139,157.3182,60.237,4.2,2
51.2231,158.3175,35.0,4.9,2
50.7666,157.0087,66.596,5.0,2
51.6238,159.3358,38.135,4.1,2
50.3822,157.6686,35.163,4.4,2
49.1761,157.5701,10.0,4.5,2
49.2887,155.223,35.0,4.4,2
49.0807,157.7736,10.0,4.9,2
52.5859,160.9806,14.0,5.7,2
53.1798,161.3413,10.0,4.1,2
52.8179,160.9769,10.0,4.6,2
63.1768,-150.4834,117.6,3.1,1
51.3367,160.2931,10.0,4.3,2
52.3909,160.496,10.0,4.1,2
50.5924,157.9873,35.0,4.2,2
19.3568,-64.8046,63.0,3.6,1
55.0555,-159.3791,7.984,2.7,1
53.0146,160.918,10.0,4.2,2
51.959,160.8506,10.0,4.2,2
52.0133,159.2436,35.0,4.6,2
51.2092,158.9113,10.0,4.0,2
51.3546,159.589,10.0,4.2,2
49.1712,157.6072,10.0,4.4,2
51.5449,159.4431,10.0,4.4,2
50.701,160.097,10.0,4.2,2
50.6596,160.0355,10.0,4.3,2
52.8908,160.9803,24.304,4.4,2
50.369,158.6245,20.346,4.8,2
53.3411,160.8556,35.0,4.6,2
52.9657,161.1399,26.48,4.9,2
49.2104,156.0509,24.768,4.6,2
49.9721,158.4205,10.0,4.2,2
-17.7013,-178.4067,544.845,4.4,0
51.8525,160.3791,10.0,4.1,2
51.545,159.557,35.0,5.1,2
51.6047,159.3253,34.963,4.7,2
52.0422,160.4615,10.0,4.1,2
49.9425,157.5095,10.0,4.6,2
52.3073,160.3203,28.224,4.9,2
51.6425,159.658,10.0,4.4,2
50.2881,159.6747,10.0,4.0,2
51.605,160.6406,10.0,4.2,2
-21.2858,-173.7157,10.0,4.6,3
51.6612,159.6614,22.799,5.0,2
51.7806,158.593,35.0,4.0,2
-56.7908,-140.7658,10.0,4.2,3
-58.8909,-25.9676,97.36,4.5,3
51.2824,159.4064,10.0,4.2,2
51.8396,158.7165,60.623,4.2,2
50.4377,157.4172,35.0,4.1,2
52.1927,159.1702,47.059,4.3,2
51.3143,159.0421,37.142,4.3,2
51.7945,158.4856,55.333,4.6,2
52.2514,157.9536,98.201,4.5,2
51.4654,159.6286,28.466,5.1,2
34.1423333,-117.4101667,5.76,3.09,1
34.148,-117.4143333,5.26,4.3723843049394,1
50.4223,156.4143,80.433,4.0,2
54.604,-160.4351,35.0,2.8,1
54.5824,-160.1453,35.0,3.1,1
51.8115,159.312,24.395,4.4,2
49.9413,158.4115,10.0,4.3,2
-29.8408,-177.7271,81.137,4.4,3
51.0765,160.8599,10.0,4.1,2
34.1445,-117.4166667,6.05,2.72,1
51.6456,178.5453,90.218,3.5,2
50.9313,158.6765,35.0,4.4,2
34.1423333,-117.4175,6.41,2.85,1
50.5498,159.2551,10.0,4.4,2
52.3423,160.4263,35.0,4.3,2
52.8287,159.8657,35.0,4.0,2
49.8758,155.9782,68.967,4.3,2
51.6119,159.8887,10.0,4.6,2
51.1954,157.6095,78.998,4.3,2
51.3884,160.0065,10.0,4.2,2
73.9754,-73.2825,10.0,5.0,2
50.3286,158.1706,10.0,4.3,2
52.4269,160.957,10.0,4.4,2
52.1177,160.647,10.0,4.7,2
47.588833333333,-121.85366666667,20.48,2.75,1
51.587,159.8294,10.0,5.2,2
50.7367,157.8674,35.0,4.5,2
51.6419,159.7297,10.0,4.9,2
51.7307,159.8305,35.0,5.2,2
22.304,94.5958,108.963,4.7,2
50.4242,159.7308,10.0,4.4,2
53.1393,-166.0308,35.0,3.7,1
50.1343,156.9345,51.578,5.0,2
52.2686,160.1874,10.0,4.7,2
51.5809,157.3303,76.79,4.2,2
51.5978,159.6614,35.0,4.3,2
52.5625,160.7212,10.0,4.3,2
51.6577,159.4811,44.85,4.4,2
52.3254,160.6254,10.0,5.4,2
53.101,-170.3523,129.405,3.0,1
50.0802,156.7628,41.912,4.1,2
50.384,159.2589,10.0,4.4,2
49.6283,158.5194,10.0,4.3,2
50.1135,159.7547,44.95,4.4,2
49.8638,157.991,10.0,4.5,2
51.9748,161.0875,10.0,4.2,2
52.3776,160.505,10.0,4.4,2
50.3621,159.2207,10.0,4.4,2
49.519,158.4543,10.0,4.4,2
51.8911,160.372,10.0,4.5,2
50.3116,157.6571,30.803,4.4,2
48.2579,155.205,28.891,5.2,2
51.5075,159.8766,11.96,4.3,2
51.6714,159.5939,10.0,4.3,2
50.0822,157.2741,30.003,4.3,2
51.415,159.5968,10.0,4.2,2
51.2616,159.3019,10.0,4.3,2
51.6828,160.6606,10.0,4.3,2
50.6982,159.5,10.0,5.1,2
67.3213,-166.4685,10.0,2.5,1
51.2808,158.8548,35.0,4.6,2
49.6716,157.6478,22.252,4.2,2
54.5654,-160.6316,5.443,2.5,1
52.599,160.8781,35.0,4.1,2
52.4746,160.8807,19.214,4.1,2
52.4878,160.8602,30.064,4.1,2
54.5102,-160.3531,35.221,2.5,1
16.4988,41.3271,10.0,4.2,3
53.0919,160.5304,41.941,4.1,2
51.6343,160.144,10.0,4.3,2
49.5558,156.7439,43.16,5.2,2
53.725,-166.3393,71.243,3.1,1
50.3954,159.7703,10.0,4.1,2
39.195,73.5311,10.0,4.1,2
52.198,160.0414,33.306,4.1,2
50.4576,157.2437,35.0,4.6,2
-5.7989,147.903,161.579,4.2,3
51.5321,159.5113,20.719,4.9,2
52.6896,159.0092,61.378,4.2,2
51.5499,159.5243,10.0,4.8,2
49.1729,157.7286,10.0,4.3,2
52.006,160.318,10.0,4.1,2
53.0295,159.9195,55.946,4.3,2
48.8154,157.733,10.0,4.2,2
49.5336,155.2825,85.549,4.1,2
54.4551,-159.9521,32.255,2.8,1
51.1599,159.4698,10.0,4.1,2
50.2685,158.5438,10.0,4.7,2
51.5486,159.3566,34.161,4.6,2
51.0705,159.9538,10.0,4.0,2
50.2966,158.3914,10.0,4.1,2
54.6102,-160.2237,10.0,2.5,1
52.1464,161.3074,10.0,4.1,2
52.7173,160.8827,39.617,4.2,2
49.559,158.4613,10.0,4.6,2
52.5477,160.979,10.0,4.0,2
12.8918,-89.2348,52.717,4.1,3
50.6811,157.532,35.0,4.1,2
52.0669,159.1758,55.85,4.1,2
51.9825,158.4774,56.879,4.4,2
49.8591,159.5088,10.0,4.2,2
52.1093,160.947,10.0,4.6,2
49.9466,157.0641,10.0,4.2,2
51.8397,160.3231,36.34,4.7,2
52.0848,160.4567,10.0,4.9,2
52.3332,161.8944,10.0,4.5,2
51.8554,160.3445,10.0,5.2,2
51.8394,159.4133,35.0,4.5,2
50.5617,158.6172,10.0,4.5,2
50.4731,158.818,10.0,4.6,2
53.0444,159.9099,63.497,4.0,2
52.1637,161.4144,10.0,4.0,2
52.3267,160.8481,32.872,4.1,2
50.9438,159.9106,10.0,4.1,2
51.4325,159.4207,35.0,4.1,2
-5.4317,145.9904,64.308,4.6,3
50.2438,156.695,67.392,4.0,2
51.9639,159.6365,35.0,4.1,2
49.8616,158.7017,10.0,4.2,2
51.8258,160.8437,10.0,4.4,2
50.9353,158.3634,39.451,4.7,2
49.871,157.4706,43.871,5.5,2
50.8477,158.6407,10.0,4.5,2
49.2129,157.8451,10.0,4.3,2
51.2199,158.4085,35.0,4.6,2
50.4915,159.7905,10.0,4.6,2
49.2208,157.8044,10.0,5.2,2
52.0184,158.7075,63.28,4.2,2
51.7195,159.3697,35.0,4.6,2
51.2586,158.1456,49.062,4.1,2
52.3185,160.5619,24.34,4.3,2
52.5372,158.9161,72.361,5.2,2
50.865,158.7768,34.156,4.6,2
52.3277,161.5303,10.0,4.4,2
49.7989,156.4616,36.975,5.4,2
-23.4049,178.8971,565.388,5.1,0
50.9532,159.1082,19.859,4.3,2
50.2853,159.5098,10.0,4.4,2
52.571,160.6326,35.0,4.0,2
52.5896,159.243,59.739,4.8,2
54.5243,-160.1567,35.0,3.0,1
49.3543,157.6676,10.0,4.4,2
49.2109,156.415,35.0,4.1,2
52.1523,159.813,39.028,4.1,2
-6.5558,130.4839,89.393,4.4,3
-19.4395,-69.5259,96.593,4.2,3
51.3663,159.7691,35.0,4.2,2
52.8133,160.6528,35.0,4.2,2
50.1987,157.6286,35.0,4.2,2
51.4563,159.6767,35.0,4.0,2
49.6504,159.0291,10.0,4.3,2
50.9922,157.1274,60.58,4.3,2
50.4276,159.3625,10.0,4.5,2
52.8728,161.1066,10.0,5.0,2
51.23,159.9576,10.0,4.5,2
34.4366,25.4787,10.0,4.4,2
49.8442,157.0068,50.493,4.4,2
50.238,157.55,35.0,4.6,2
50.2045,157.9498,40.542,4.3,2
52.8668,161.0865,10.0,4.9,2
51.7861,178.6857,88.678,3.0,2
52.6604,160.6055,48.152,5.6,2
49.5,158.6499,15.0,6.2,2
50.9484,-177.4772,10.0,3.0,1
50.196,158.6701,10.0,4.5,2
50.4997,159.977,10.0,4.1,2
54.5371,-160.5674,13.082,2.5,1
51.3021,-176.4385,35.0,2.5,1
50.1568,157.6586,26.396,4.5,2
52.1417,160.5002,33.827,4.2,2
50.7887,159.5658,10.0,4.2,2
52.0239,160.7574,10.0,4.0,2
50.7947,158.8605,18.599,4.9,2
51.3455,158.9037,42.018,4.0,2
51.0187,-177.4937,20.724,2.7,1
52.3294,160.7829,10.0,4.5,2
51.3285,159.4095,10.0,4.5,2
15.2808,119.1473,10.0,4.3,2
50.2202,157.2466,35.0,4.2,2
50.0285,157.6496,10.0,4.7,2
51.1456,159.442,10.0,4.4,2
37.175666666667,-122.47533333333,13.88,3.11,1
16.2496,41.1584,10.0,4.3,3
51.4375,159.3951,10.0,5.0,2
51.4138,159.4919,35.0,4.8,2
18.051,-66.6125,18.78,3.22,1
50.2784,156.7675,35.0,4.6,2
51.3867,159.5006,10.0,4.5,2
-24.8036,179.8157,506.506,4.6,0
51.5969,158.5236,35.0,4.1,2
48.5608,157.3583,10.0,4.5,2
51.4159,161.019,10.0,4.3,2
50.6741,157.6954,35.0,4.5,2
51.404,159.1931,10.0,4.3,2
51.2896,158.5078,40.968,4.2,2
52.8834,160.4775,10.0,4.2,2
48.8986,156.1015,10.0,4.7,2
51.4159,159.8462,10.0,4.3,2
19.3955,-65.7856,60.0,3.74,1
51.0869,159.0487,10.0,4.2,2
50.0896,158.8437,10.0,4.1,2
52.7231,160.6649,10.0,4.7,2
61.2439,-150.1552,49.5,3.1,1
51.8762,160.9509,10.0,4.5,2
50.1491,156.2297,78.017,4.3,2
51.8309,159.1596,35.0,4.7,2
50.8934,158.3331,10.0,4.4,2
51.7884,160.0855,10.0,5.3,2
52.2964,160.5443,10.0,4.2,2
49.8646,156.0997,52.814,5.1,2
51.2404,159.048,10.0,4.4,2
51.8876,161.0691,10.0,4.8,2
49.6322,155.4731,10.0,4.2,2
49.6092,156.5584,35.0,4.7,2
51.9702,160.5809,10.0,4.0,2
49.5224,156.432,35.0,4.7,2
50.3652,159.5367,10.0,4.2,2
49.0173,157.824,10.0,4.6,2
51.5505,160.3305,10.0,4.2,2
52.1567,161.4508,10.0,4.3,2
52.382,160.4702,10.0,4.3,2
51.2567,159.4751,10.0,4.3,2
49.9576,157.2624,10.0,4.3,2
-21.9615,-175.3969,10.0,4.9,3
-30.3978,60.9107,10.0,4.3,3
51.7021,159.5088,35.0,4.7,2
51.0353,158.6013,35.0,4.6,2
51.3626,160.3989,10.0,4.0,2
51.24,157.3795,53.658,4.0,2
49.9353,158.107,10.0,4.3,2
51.3415,159.0757,10.0,4.3,2
51.0335,159.3382,10.0,4.0,2
52.3484,158.578,51.087,4.3,2
51.6248,159.0013,10.0,4.2,2
52.2917,160.6075,10.0,4.2,2
52.4633,160.7965,10.0,4.2,2
52.4488,160.2141,35.0,4.4,2
51.3484,159.3689,10.0,4.3,2
-3.5148,140.67,35.0,4.7,3
52.4633,160.7493,10.0,4.4,2
51.3487,159.6993,21.383,4.6,2
51.5314,159.6948,10.0,4.8,2
51.0052,157.833,35.0,4.1,2
48.6205,157.4589,10.0,4.5,2
50.244,158.6693,10.0,4.5,2
50.2456,158.7095,10.0,4.5,2
13.9924,-89.8803,10.0,4.0,3
51.7623,159.4274,35.0,4.0,2
51.6753,159.1235,35.0,4.2,2
51.7541,159.2102,35.0,4.2,2
52.3854,160.7731,10.0,4.4,2
51.5882,160.6574,10.0,4.3,2
51.1177,159.7668,10.0,4.4,2
52.2013,160.9796,10.0,4.4,2
51.1923,159.1619,6.043,5.0,2
50.6683,157.9862,29.132,5.0,2
38.2658,134.2568,420.401,4.0,0
52.2697,160.5661,10.0,4.6,2
50.7997,158.8166,26.649,4.2,2
52.1655,160.3738,10.0,4.9,2
50.2982,158.1486,10.0,4.2,2
51.1532,160.7605,10.0,4.3,2
54.4339,-160.148,22.394,2.5,1
51.436,159.9191,26.47,4.4,2
50.9945,158.6141,48.463,4.3,2
52.4163,160.7465,10.0,4.3,2
51.5195,158.8552,35.0,4.6,2
54.5375,-159.963,26.683,3.1,1
49.9828,158.2756,10.0,5.0,2
51.5134,159.8419,10.0,4.6,2
49.8937,158.2996,10.0,5.0,2
51.5494,159.4998,35.0,5.0,2
52.4118,160.7681,10.0,5.8,2
-57.783,157.9936,10.0,4.4,3
49.7593,157.2811,10.0,4.4,2
43.2393,-126.9507,10.0,3.9,1
52.2952,160.6851,24.74,4.4,2
-57.7004,157.8334,10.0,4.3,3
52.1981,160.5016,25.366,5.1,2
50.3119,158.4337,10.0,4.7,2
32.134,-101.082,8.4229,2.5,1
49.2862,156.6862,19.898,4.6,2
49.9265,156.5318,69.127,4.9,2
54.5346,-159.812,33.856,2.6,1
51.0905,159.0182,32.499,4.5,2
52.2259,160.1627,34.018,4.4,2
18.107,-68.260166666667,89.21,3.44,1
51.9803,159.1864,59.406,4.0,2
51.8128,159.6095,35.0,4.2,2
52.8552,159.6834,58.048,4.3,2
52.7157,160.2948,35.0,5.1,2
52.2321,160.2649,17.0,5.7,2
52.4865,160.998,25.289,5.1,2
49.1492,156.2055,35.0,4.4,2
49.9908,157.3473,10.0,5.2,2
51.1013,158.6547,36.964,4.4,2
51.3378,159.3872,32.999,4.7,2
50.7971,158.7351,28.445,4.4,2
52.0766,160.0971,35.0,4.5,2
49.9086,157.5936,24.879,4.2,2
51.9229,161.136,10.0,4.6,2
50.0368,157.5188,33.667,5.3,2
49.4969,158.6625,10.0,5.6,2
51.4632,159.3405,35.0,4.2,2
3.7252,127.3883,47.66,4.2,3
51.389,157.9912,68.062,4.2,2
-15.5024,-177.3614,10.0,4.9,3
50.7054,156.5478,12.234,4.7,2
49.4452,157.2969,28.46,4.4,2
50.1047,159.4145,10.0,4.6,2
48.9197,156.3752,10.0,5.1,2
50.625,158.9095,17.599,4.8,2
51.7892,160.1862,39.581,4.3,2
53.0958,161.2612,10.0,4.1,2
52.2659,160.8305,56.854,4.0,2
32.125,-101.105,6.1279,2.5,1
51.5092,160.9855,10.0,4.4,2
54.5386,-159.9139,43.856,2.6,1
52.1653,161.4418,10.0,5.0,2
51.4032,159.5752,26.928,4.2,2
54.6197,-160.2353,15.326,2.5,1
51.3461,158.9338,42.251,4.2,2
49.3942,155.4985,66.436,4.2,2
51.8928,160.4765,10.0,4.4,2
65.8429,-151.5019,18.4,2.5,1
52.8466,161.1368,22.918,4.8,2
52.1538,159.7305,38.226,5.0,2
53.3263,159.4113,77.507,4.2,2
53.0173,159.5249,73.11,4.3,2
50.9242,159.1394,21.179,4.3,2
32.119,-101.939,8.2764,3.0,1
52.1436,160.4931,26.649,4.7,2
51.6657,159.7874,10.0,5.2,2
18.271833333333,-68.041166666667,99.93,3.42,1
50.259,157.0046,35.0,4.5,2
51.3725,158.9547,42.945,4.4,2
51.2307,159.2636,10.0,4.8,2
50.3547,156.5142,74.738,4.4,2
52.7189,159.245,82.882,4.4,2
51.8718,158.3396,43.391,4.4,2
51.754,159.4027,35.0,4.7,2
51.3493,159.4764,10.0,4.6,2
50.5549,158.783,10.0,4.7,2
51.6259,159.5998,10.0,4.9,2
51.135,159.0378,35.0,4.8,2
51.3292,159.5839,10.0,4.9,2
51.3983,159.6883,10.0,5.3,2
50.255,158.4461,18.756,4.7,2
50.2829,157.2626,59.736,5.0,2
52.0672,159.8494,35.0,4.2,2
54.498,-160.1055,35.0,2.6,1
-6.0321,106.3069,169.249,4.2,3
52.2616,160.5939,27.805,4.5,2
51.4083,160.7803,10.0,4.1,2
54.5217,-159.8126,26.322,2.5,1
50.2492,159.4324,10.0,4.5,2
52.8141,159.5711,57.941,4.2,2
51.4523,160.301,10.0,4.5,2
50.7737,159.8055,10.0,4.5,2
51.772,160.5723,10.0,4.4,2
52.333,160.2423,43.243,4.6,2
49.1775,156.4662,35.0,4.8,2
50.441,158.766,10.0,4.7,2
51.4902,159.7095,25.654,4.5,2
54.4927,-160.1757,26.073,2.6,1
50.2957,157.5735,30.211,4.5,2
50.9137,157.0616,65.35,4.3,2
-11.4339,166.3739,67.553,5.0,3
50.7677,158.3223,29.636,4.2,2
52.0358,160.2686,27.232,4.6,2
51.138,159.7792,10.0,4.9,2
51.149,158.5587,35.0,5.2,2
51.9558,159.3282,67.252,4.0,2
50.3222,158.9527,28.158,4.4,2
52.298,160.5322,10.0,4.9,2
52.149,160.03,34.614,4.0,2
52.0859,158.9701,51.775,4.4,2
52.5473,160.8152,10.0,4.1,2
49.8415,157.7129,25.1,4.3,2
49.5765,157.7946,10.0,4.8,2
52.6177,161.5813,10.0,4.2,2
51.0673,158.6531,57.099,4.1,2
52.6952,159.6643,82.85,4.4,2
49.9439,158.0148,20.971,4.8,2
52.3954,160.1722,52.759,4.6,2
51.1777,159.3074,35.0,4.5,2
50.6519,157.2101,35.0,4.2,2
52.1256,160.2687,36.347,4.6,2
49.986,156.6867,37.494,5.3,2
51.8196,159.2957,46.132,4.3,2
9.3633,93.9614,40.127,5.0,3
51.4177,159.5689,39.035,5.2,2
52.4831,160.728,10.0,5.0,2
49.4127,156.648,10.0,4.4,2
54.5715,-160.2255,15.725,2.6,1
49.8856,157.4616,36.287,4.5,2
51.6421,160.0768,10.0,4.7,2
49.9809,157.2667,35.066,5.1,2
53.3089,-163.5395,35.0,3.0,1
49.8958,157.5715,10.0,5.6,2
53.4213,-163.5331,35.0,3.5,1
49.6348,157.3719,35.0,4.4,2
51.0136,158.2839,35.0,4.5,2
50.4224,159.7368,10.0,5.7,2
53.0026,159.6915,39.905,4.4,2
52.3794,160.2225,35.0,4.8,2
50.1159,155.2219,35.0,4.5,2
50.6226,159.1987,10.0,4.4,2
-57.8131,157.7777,10.0,4.2,3
54.5539,-160.1922,21.49,3.2,1
51.3743,159.5821,10.0,4.2,2
50.3809,158.3908,10.0,4.4,2
50.9774,158.4049,35.0,4.8,2
52.0922,161.4827,10.0,4.4,2
31.666,-104.19,6.4075,2.5,1
49.6696,157.2746,35.0,6.0,2
51.4713,159.968,28.078,4.5,2
51.3205,157.7731,74.263,4.6,2
51.8051,160.8378,10.0,5.2,2
52.557,160.2028,35.0,4.5,2
50.3306,156.7503,74.284,4.6,2
-14.3947,167.2219,185.544,4.7,3
51.4509,159.4171,24.648,4.7,2
52.4346,161.8002,10.0,4.4,2
52.482,161.5163,10.0,4.4,2
51.8308,161.5487,10.0,4.6,2
49.7494,157.5526,10.0,4.9,2
52.9538,160.7893,10.0,4.5,2
43.7625,-28.7597,10.0,4.8,2
51.6955,160.6594,10.0,4.5,2
51.3574,158.7471,27.701,4.2,2
50.6852,160.052,10.0,4.3,2
49.1206,155.6578,35.0,4.7,2
49.9381,157.3568,10.0,4.2,2
51.0919,158.7089,35.0,4.3,2
51.0631,158.8749,35.0,5.2,2
52.3289,160.1775,38.776,4.3,2
50.2184,157.4213,35.0,4.5,2
52.2349,160.75,23.482,4.1,2
50.6307,159.9132,10.0,4.0,2
50.0087,158.1033,63.466,4.4,2
51.1882,158.9964,45.774,4.5,2
-4.3852,35.1531,10.0,4.6,3
50.3387,158.0856,12.187,5.2,2
52.0488,160.2824,35.0,5.2,2
52.4386,160.6506,10.0,4.4,2
50.8439,159.4199,10.0,4.9,2
54.7888,-161.9257,10.0,3.3,1
50.0671,157.7699,23.309,5.9,2
48.7738,156.2107,10.0,4.7,2
19.526833333333,-64.414666666667,20.36,3.37,1
52.2875,158.0763,47.365,4.2,2
52.5217,160.6052,28.367,4.3,2
48.9896,156.1798,10.0,5.2,2
50.1142,157.2083,35.0,4.6,2
51.419,159.7448,10.0,4.9,2
51.6342,159.609,30.238,4.7,2
51.2911,159.8501,10.0,4.5,2
50.1129,158.7514,10.0,4.3,2
51.5777,159.6258,10.0,5.0,2
51.1304,159.147,31.471,5.1,2
52.7373,161.549,10.0,4.2,2
51.6696,159.8556,10.0,4.3,2
52.6811,160.9531,10.0,4.3,2
51.8879,160.5654,10.0,4.0,2
52.2925,160.7737,32.138,4.6,2
52.1385,159.527,52.868,4.4,2
51.7371,159.3009,10.0,5.1,2
52.3337,160.2758,30.306,5.1,2
-57.7559,157.4226,10.0,4.2,3
49.9298,157.2372,34.618,4.7,2
52.8515,160.8605,10.0,4.1,2
52.3165,161.5162,10.0,4.2,2
52.5233,160.802,10.0,4.5,2
51.5411,158.3911,35.352,4.4,2
50.8403,158.6814,10.0,4.3,2
52.2023,160.2228,31.82,4.8,2
51.4051,158.6277,35.0,4.4,2
52.6478,161.157,10.0,4.1,2
50.3372,157.0102,42.62,4.7,2
50.0312,156.4607,75.809,4.7,2
51.6947,159.1933,30.051,4.3,2
51.9564,-173.2807,35.0,2.7,1
51.3262,159.049,10.0,4.4,2
51.4392,159.2978,10.0,4.1,2
52.5197,161.1593,10.0,4.0,2
32.119,-101.92,8.8623,2.5,1
52.3058,159.9664,37.434,4.8,2
52.5731,160.2333,10.0,4.6,2
52.7024,160.2014,25.076,4.8,2
49.908,156.3518,41.138,4.7,2
52.4792,160.7599,10.0,4.7,2
52.177,160.5133,28.637,4.9,2
53.8028,158.2148,10.0,4.3,2
52.4856,160.6764,37.912,4.3,2
51.913,159.416,35.146,4.6,2
51.8676,160.1839,30.71,4.3,2
52.1052,160.3138,10.0,4.7,2
52.9192,159.8899,35.0,4.3,2
49.8985,157.532,35.0,5.3,2
50.2468,158.3374,10.0,4.4,2
51.0697,158.0192,35.0,4.4,2
52.0221,160.4813,35.0,4.2,2
54.4303,-160.1879,35.0,3.3,1
52.5755,160.6702,35.613,4.4,2
51.5078,159.4426,35.0,4.9,2
-24.0951,-66.7639,192.487,4.7,3
50.8443,157.1652,72.792,4.4,2
51.341,159.1032,10.0,5.0,2
52.3091,160.0054,35.0,4.2,2
51.4402,159.5518,21.448,4.9,2
49.1596,156.5101,28.085,4.9,2
52.2522,160.364,10.0,4.2,2
50.4387,158.3035,10.0,4.3,2
51.6882,159.3657,51.442,4.4,2
49.722,156.7413,35.0,4.8,2
51.7295,159.3804,35.0,4.3,2
51.043,159.0621,18.614,5.1,2
51.7781,159.7399,35.0,4.7,2
51.0085,158.5209,26.694,4.6,2
49.8497,157.0971,24.164,4.3,2
52.4067,160.5803,10.0,4.6,2
52.2406,162.221,10.0,4.3,2
52.648,160.4299,35.0,4.3,2
51.5588,160.0252,10.0,4.4,2
50.9032,158.2388,35.0,5.1,2
51.7947,158.3571,63.946,4.5,2
51.566,159.6404,10.0,5.1,2
52.0097,161.0573,10.0,4.7,2
48.964,156.0534,43.397,5.0,2
51.4621,159.7297,26.352,4.5,2
52.2804,160.8335,35.0,4.3,2
51.0052,159.3263,35.0,4.4,2
50.442,158.1906,10.0,4.7,2
51.6609,159.3338,37.457,4.4,2
49.5793,157.5322,16.76,4.5,2
50.933,157.8383,31.271,4.4,2
51.4268,159.555,28.582,4.4,2
49.8529,157.5905,32.543,4.2,2
52.4282,160.6807,10.0,4.6,2
50.9309,158.5442,10.0,4.4,2
50.3159,158.8756,10.0,4.9,2
52.2073,160.4286,44.12,4.0,2
51.6705,159.0636,35.0,4.3,2
52.0022,160.335,35.0,4.3,2
54.6964,-156.8019,25.0,3.0,1
51.3533,159.6584,10.0,4.9,2
52.0813,159.8409,47.97,4.2,2
52.1012,161.1627,10.0,4.4,2
50.1261,156.8098,59.048,4.2,2
50.5767,158.9402,10.0,4.8,2
48.8812,155.9025,35.0,4.6,2
52.6618,159.9063,39.226,4.3,2
52.2758,161.193,10.0,4.2,2
52.4535,160.961,28.626,4.3,2
51.5876,160.0455,10.0,4.4,2
52.339,160.7464,19.625,4.3,2
50.9031,157.4111,44.347,4.3,2
51.6105,158.4606,51.492,4.3,2
52.1154,160.5132,21.747,4.5,2
52.3504,160.366,35.0,5.1,2
52.2299,160.6111,10.0,5.2,2
51.7916,159.2703,66.976,4.6,2
51.3138,159.6768,35.0,5.4,2
51.845,178.1146,90.576,2.5,2
51.6041,160.0013,10.445,6.1,2
52.2549,160.8089,10.0,4.4,2
52.1346,161.0574,13.172,4.4,2
52.3331,160.0237,37.905,4.7,2
52.2109,160.841,10.0,4.7,2
52.1538,160.7119,27.022,4.6,2
51.1714,159.494,10.0,4.9,2
50.9933,158.249,35.0,4.5,2
52.3877,161.6361,10.0,4.5,2
50.1512,157.6116,35.0,4.3,2
51.7276,159.6064,35.0,4.4,2
51.9508,159.3584,47.65,4.4,2
49.7696,156.6007,35.0,4.5,2
52.263,160.126,32.103,4.4,2
52.6033,160.3283,34.411,4.4,2
51.8288,160.4985,10.0,4.6,2
51.8491,160.4163,19.954,4.5,2
50.5441,157.3479,35.0,4.3,2
51.373,159.4387,10.0,4.4,2
51.6804,159.8877,33.748,4.3,2
51.6576,160.11,35.0,4.3,2
51.4931,158.2431,32.584,4.6,2
-58.926,-26.2034,126.3,5.5,3
51.7803,160.3074,10.0,4.5,2
51.1324,159.1921,29.392,4.4,2
52.3361,160.4705,42.506,4.1,2
51.4088,158.3431,18.877,4.3,2
51.1493,159.2897,10.0,5.3,2
50.9991,159.3177,10.0,4.5,2
49.8707,157.7339,10.0,4.8,2
44.7535,-110.9395,11.85,2.78,1
52.6104,160.9417,22.815,4.9,2
50.3851,158.1232,24.934,4.6,2
51.5556,159.4736,35.0,4.6,2
50.3229,157.3196,35.0,4.9,2
50.9796,158.9758,26.593,4.2,2
52.0687,159.9883,10.0,4.9,2
51.1329,159.0694,10.0,4.8,2
52.3976,160.7673,10.0,5.0,2
52.5031,160.8273,10.0,5.1,2
49.6905,155.962,66.239,5.0,2
50.5404,160.2637,10.0,4.3,2
48.9678,156.1093,10.0,4.6,2
51.5041,159.3391,38.295,4.5,2
51.4405,159.828,10.0,4.8,2
52.5168,160.6683,10.0,4.4,2
51.3451,158.9883,35.0,4.5,2
51.752,160.1481,10.0,4.2,2
52.4647,160.4842,10.0,4.4,2
51.6484,159.695,35.0,4.3,2
51.7686,159.5178,10.0,4.6,2
-6.3373,148.7999,53.067,4.1,3
51.6326,159.3946,10.0,4.6,2
51.1354,159.4812,10.0,4.6,2
50.1315,157.763,26.355,4.6,2
49.9338,157.562,10.0,4.8,2
-57.7441,158.499,10.0,4.2,3
52.1986,159.5556,48.659,4.2,2
51.4034,158.6437,49.257,4.2,2
52.3704,160.4888,10.0,4.2,2
51.6429,159.3992,10.0,4.3,2
49.8,158.9046,10.0,4.4,2
50.767,158.5127,37.511,4.1,2
51.4181,159.6997,10.0,5.3,2
49.8432,155.9557,68.479,4.2,2
51.6197,160.3343,10.0,4.8,2
48.102,156.8116,10.0,4.5,2
52.3793,160.8381,10.0,4.5,2
-1.1938,99.9771,75.629,4.6,3
52.2962,160.7368,10.0,5.1,2
50.0134,156.7199,35.0,4.7,2
51.4756,158.0179,42.348,4.6,2
48.8612,156.301,10.0,5.6,2
51.0231,158.389,35.0,4.7,2
51.9723,160.5938,10.0,4.5,2
52.0917,161.0989,10.0,4.2,2
50.7248,158.2866,35.0,4.3,2
44.5994,149.1718,80.443,5.2,2
51.3184,159.7347,10.0,4.5,2
51.4111,159.6447,10.0,4.9,2
51.3993,158.7285,18.834,5.0,2
42.8047,146.6813,29.954,4.6,2
-8.3816,111.8241,147.957,4.5,3
50.2564,157.1007,39.866,4.3,2
50.5285,156.9016,57.476,4.2,2
51.7165,159.5101,10.0,4.4,2
-57.5127,157.3086,10.0,5.0,3
51.3084,159.7239,10.0,4.4,2
39.9983,142.5154,39.281,4.4,2
52.147,160.3335,29.386,4.5,2
49.0097,156.1011,30.299,4.5,2
51.331,160.1171,10.0,4.6,2
52.2029,160.3558,10.0,5.0,2
49.0812,156.2578,10.0,4.7,2
-57.5918,157.0671,10.0,4.6,3
51.683,159.9053,29.48,4.6,2
50.7164,159.6289,10.0,4.6,2
51.7614,158.3786,65.518,4.7,2
52.1431,160.1341,10.0,4.2,2
-56.9741,156.667,10.0,4.4,3
51.2507,158.9781,35.0,4.4,2
52.4082,160.9779,10.0,4.7,2
50.9755,157.8615,35.0,5.0,2
52.0546,160.4213,10.0,4.7,2
50.9878,159.374,10.0,4.7,2
51.3402,158.9506,34.768,4.4,2
52.7639,160.8662,10.0,4.5,2
51.0438,158.446,43.261,4.8,2
51.502,159.6566,10.0,5.2,2
51.4757,159.519,10.0,5.3,2
51.0843,158.2602,35.0,4.3,2
52.3124,160.2713,10.0,4.4,2
50.93,157.9778,42.627,4.2,2
52.334,160.3121,13.422,4.7,2
52.5061,160.862,10.0,4.2,2
52.2369,160.7992,10.0,4.3,2
51.0846,158.9278,35.26,4.2,2
51.2127,158.899,32.829,4.3,2
51.2325,158.4987,35.0,4.2,2
50.121,157.216,33.212,4.2,2
51.5614,159.0909,35.0,4.1,2
50.1684,158.5559,10.0,4.4,2
-9.2516,112.6426,66.245,4.0,3
51.9802,160.2155,10.0,4.5,2
52.2899,159.5543,35.0,4.8,2
51.4789,159.4455,10.0,4.7,2
51.5004,159.6915,10.0,4.9,2
50.9945,159.2193,10.0,4.5,2
51.9883,160.3935,10.0,4.3,2
52.877,160.775,20.19,4.2,2
53.1638,160.0687,43.696,4.2,2
52.3518,160.2752,33.344,4.4,2
51.9186,159.2403,17.275,4.5,2
51.8382,160.4373,10.0,4.7,2
50.4496,159.0006,10.0,4.7,2
50.8559,158.9274,10.0,4.7,2
51.291,158.7914,35.987,5.3,2
54.6074,-159.9998,29.642,3.8,1
52.5815,160.8164,10.0,4.6,2
56.5384,-148.6662,10.0,3.2,1
51.376,159.6812,10.0,5.4,2
51.1875,159.7868,10.0,4.4,2
52.4476,160.8111,10.0,4.4,2
-39.0242,175.7827,125.573,4.9,3
51.2367,159.6402,10.0,4.6,2
51.5352,159.8356,10.0,4.6,2
51.5628,158.7086,35.0,4.8,2
51.4188,158.7366,10.0,5.4,2
50.8384,158.7659,10.0,4.5,2
52.5009,160.346,35.0,5.2,2
54.4319,-160.1787,10.0,2.6,1
51.814,159.5999,10.0,4.5,2
51.0576,159.9783,10.0,5.0,2
50.2127,157.3502,45.368,4.6,2
51.453,-177.7576,40.843,3.1,1
50.0903,157.3962,10.0,5.3,2
50.7225,157.9712,35.0,4.8,2
51.3683,159.3155,35.0,4.9,2
50.7377,157.8617,61.759,5.6,2
51.2578,159.6254,10.0,4.5,2
51.8831,160.1375,10.0,5.0,2
51.098,158.941,34.661,4.8,2
51.4833,159.9705,10.0,5.3,2
52.6102,160.8792,35.0,4.6,2
50.6179,158.0622,30.811,4.4,2
52.1584,160.4659,10.0,4.5,2
51.1203,158.2101,46.91,4.9,2
51.631,159.1432,35.0,5.0,2
16.476,40.9347,10.0,4.5,3
49.3466,156.9729,10.0,4.4,2
-24.8259,179.6191,511.254,4.5,0
52.4316,160.2105,34.265,4.5,2
50.284,158.3323,10.0,4.8,2
49.2759,158.6892,10.0,4.4,2
50.9796,158.2957,35.0,4.4,2
52.2784,159.7298,35.0,4.5,2
51.137,159.8127,10.0,4.7,2
52.2352,160.3469,35.0,4.5,2
50.9761,158.9383,10.0,4.4,2
51.4587,161.2101,10.0,4.7,2
50.1538,157.9433,10.0,5.2,2
51.0086,158.7706,37.597,5.0,2
49.3297,156.5319,35.0,5.6,2
51.6515,159.3701,10.0,4.9,2
51.5999,158.1903,38.568,4.9,2
50.1601,157.2531,35.0,4.7,2
51.5145,160.0144,10.0,4.6,2
50.2153,158.0272,10.0,5.1,2
52.2192,159.9407,35.0,4.6,2
51.3058,158.4395,45.709,4.5,2
51.0239,158.8265,35.0,4.9,2
51.3528,157.5778,69.897,4.5,2
51.098,158.1973,45.839,4.4,2
52.3232,158.5801,89.371,4.6,2
53.4072,159.1192,98.093,4.6,2
51.6771,161.082,10.0,4.8,2
51.4551,159.0953,35.865,4.7,2
52.497,160.7237,10.0,5.4,2
51.1853,160.0947,10.0,4.2,2
51.3628,156.931,10.0,4.5,2
50.2924,158.1625,10.0,5.1,2
49.97,157.0665,35.0,4.4,2
50.4294,158.3403,10.0,4.6,2
52.1293,160.4161,10.0,4.5,2
-17.4206,-69.4571,168.518,4.7,3
51.7872,159.3719,35.0,4.2,2
50.4798,157.7594,45.219,4.5,2
49.1808,156.0573,35.0,4.8,2
51.5665,160.271,10.0,4.5,2
51.2532,159.238,28.854,4.5,2
50.5943,157.6929,35.122,4.3,2
52.3254,160.39,10.0,4.4,2
51.6417,159.5294,35.0,4.8,2
50.1652,158.1262,10.0,4.7,2
52.3296,159.8039,56.52,4.6,2
51.883,160.538,10.0,4.9,2
51.5043,159.8164,10.0,4.9,2
52.7107,159.5146,63.772,4.6,2
-24.4566,-179.4699,478.47,4.6,0
50.9447,158.2915,69.424,5.1,2
54.6464,-159.7944,20.881,2.8,1
51.8385,159.1797,35.0,5.5,2
52.2197,160.2154,46.188,4.5,2
51.8831,159.094,66.013,4.7,2
52.4679,158.9129,68.956,4.7,2
50.8553,159.0797,35.0,5.0,2
18.5795,-68.8245,116.0,3.92,3
49.6826,157.3207,10.0,5.4,2
52.7151,160.8644,10.0,5.3,2
52.8756,160.8815,24.949,5.5,2
51.7321,159.309,35.0,5.5,2
51.1902,159.4949,10.0,5.2,2
52.8384,160.9578,27.95,5.3,2
52.5349,160.6137,10.0,4.4,2
53.0811,159.5427,35.0,4.9,2
50.9809,158.1246,35.0,4.3,2
50.8059,158.8419,19.732,4.3,2
51.5092,159.4718,10.0,4.4,2
50.398,158.0693,21.941,4.6,2
51.6973,159.5179,35.0,4.9,2
52.3296,160.2624,35.0,4.4,2
52.2064,161.3435,10.0,5.1,2
51.6283,158.9044,35.0,4.2,2
51.6136,158.4984,73.349,4.6,2
49.9492,157.2242,28.646,4.5,2
51.7982,157.6924,10.0,4.5,2
51.3919,157.5509,61.529,4.6,2
49.2196,157.1683,10.0,5.2,2
49.4212,156.6202,10.0,4.7,2
51.0898,159.345,10.0,4.9,2
51.8194,159.5352,35.0,4.8,2
52.2343,159.6189,35.374,4.9,2
28.809,-98.922,5.8193,2.5,1
49.8435,157.9922,10.0,4.8,2
51.1059,159.6807,10.0,4.9,2
-3.4075,143.5057,10.0,4.2,3
49.8278,157.4403,10.0,5.3,2
50.6541,157.4441,37.52,5.9,2
52.1778,157.7694,96.387,4.6,2
52.1134,162.0791,10.0,5.7,2
52.0961,159.2382,35.0,5.0,2
51.4984,159.2461,35.0,5.2,2
52.7758,160.6391,29.606,4.8,2
-23.9044,-66.7902,226.072,4.3,3
51.7012,159.1609,42.058,4.9,2
52.913,160.9005,10.0,5.0,2
50.5746,157.7638,10.0,4.9,2
26.3752,124.7013,10.0,4.3,2
52.2925,159.8143,35.0,4.2,2
50.9478,158.6285,32.531,4.2,2
50.9759,159.2047,35.0,4.6,2
54.3224,-161.5624,18.903,2.6,1
51.3202,158.9,35.0,4.8,2
50.619,157.9071,35.0,4.4,2
14.0602,-89.8196,10.0,4.3,3
50.8759,158.5559,35.0,4.2,2
50.103,157.6078,35.115,4.4,2
53.0392,159.4689,73.723,4.5,2
49.8017,157.3539,22.714,5.3,2
52.1106,160.5416,10.0,5.0,2
52.3363,159.7504,37.28,4.4,2
50.2371,158.41,10.0,4.4,2
51.5754,157.8617,87.774,4.5,2
50.9898,158.4075,35.0,4.9,2
52.4912,160.5727,10.0,4.5,2
50.9224,160.5181,10.0,4.5,2
52.157,160.4571,10.0,4.6,2
51.6833,159.3075,35.0,5.3,2
50.4101,157.5478,69.115,4.7,2
50.766,159.0552,10.0,4.6,2
50.5753,157.4751,35.0,4.7,2
52.1663,160.0372,10.0,5.1,2
50.1868,157.2929,35.0,5.5,2
51.9212,157.8016,85.262,4.4,2
51.9929,160.593,10.0,5.4,2
51.0169,158.3088,35.0,5.6,2
52.285,160.5955,10.0,4.9,2
51.3465,159.4824,36.23,4.5,2
51.8021,158.8091,26.956,4.5,2
52.3646,158.8843,64.315,4.6,2
52.7402,158.578,79.127,4.5,2
50.4604,157.8554,30.288,4.8,2
51.1809,158.8957,43.213,4.4,2
52.3181,160.0639,35.0,4.4,2
51.6098,159.5587,23.56,5.0,2
51.804,158.9139,35.0,4.5,2
49.7264,155.8592,65.055,4.6,2
53.4962,160.2949,10.0,4.6,2
50.9466,158.3248,42.979,4.4,2
17.995,-67.980833333333,63.78,3.4,1
50.067,156.1445,77.136,4.9,2
51.6531,159.3432,35.0,5.1,2
52.2594,158.0752,10.0,5.3,2
52.5706,160.5659,10.0,5.4,2
52.6369,160.1565,35.0,4.4,2
50.1777,157.445,27.139,4.7,2
54.5637,-160.035,10.442,2.7,1
51.4337,159.5434,10.0,5.1,2
50.5956,157.9756,35.0,4.8,2
49.2559,155.9504,35.0,4.7,2
50.5721,157.4975,35.0,4.7,2
51.0629,158.716,35.0,5.0,2
52.338,160.0971,35.0,5.3,2
-48.8483,123.8442,10.0,4.9,3
52.062,159.6171,35.0,5.0,2
50.9371,157.3459,92.599,4.7,2
51.8308,158.9979,56.964,4.9,2
50.7446,157.1493,50.573,5.2,2
52.3284,160.0652,32.112,5.0,2
51.1774,158.5719,46.083,5.1,2
52.7348,158.8849,80.957,5.3,2
51.6577,158.8083,35.0,5.7,2
51.734,159.5148,35.0,5.0,2
51.4017,159.6648,19.591,5.0,2
51.8202,158.4768,71.892,4.9,2
51.585,159.8996,10.0,5.7,2
51.5818,159.4382,35.0,4.7,2
49.7005,155.3961,65.747,5.3,2
51.5583,159.1846,38.813,5.1,2
52.566,160.2341,35.0,5.3,2
51.9332,161.3322,10.0,5.1,2
51.7491,159.0146,35.0,5.1,2
51.9108,159.2399,35.0,5.2,2
50.7638,158.0584,35.0,4.7,2
52.2714,158.6845,64.8,4.3,2
51.4871,159.1092,35.0,5.2,2
52.5351,159.2508,57.268,5.3,2
51.7073,158.8994,35.0,4.6,2
50.9075,159.5402,10.0,4.5,2
51.9131,159.255,35.0,5.7,2
52.5274,157.9077,10.0,4.8,2
51.211,158.8515,35.0,4.6,2
52.3338,160.1487,35.0,5.4,2
52.3363,158.2404,10.636,4.7,2
51.0322,158.4846,35.0,5.0,2
28.891,-98.938,6.1078,2.7,1
51.8231,160.2184,10.0,5.0,2
51.2842,158.4725,35.0,4.5,2
50.9849,158.6593,35.0,5.4,2
52.2812,159.8921,35.0,4.7,2
51.8385,159.5442,35.0,5.2,2
51.0064,158.5045,35.0,5.3,2
52.6654,159.2701,43.981,4.8,2
35.0235,-97.96,6.39,2.6,1
50.4486,157.5188,35.0,5.0,2
52.1048,159.692,35.0,6.2,2
52.1516,159.7633,35.0,5.2,2
51.7857,159.8227,25.681,5.8,2
52.1946,159.8008,36.622,6.9,2
51.6796,159.5076,35.0,5.0,2
51.6403,159.2254,35.0,5.2,2
51.9301,159.5625,35.0,5.1,2
51.4077,159.3025,35.0,4.7,2
52.5004,159.003,45.918,4.9,2
52.0603,160.0392,10.0,5.2,2
51.3443,159.8402,10.0,4.7,2
50.3027,157.364,35.0,5.2,2
50.1538,158.3695,15.284,4.9,2
51.548,159.5784,10.0,4.6,2
49.1548,156.4018,27.618,5.1,2
-57.7617,157.687,10.0,5.1,3
50.8049,158.7836,10.0,5.7,2
50.4763,159.1169,10.0,5.2,2
51.394,159.4668,35.0,4.5,2
50.7772,158.3042,38.704,5.0,2
51.133,160.2137,10.0,4.9,2
51.4327,158.2852,35.0,5.4,2
52.6478,160.2382,35.0,5.4,2
53.3099,159.2493,19.149,5.1,2
51.7599,160.1586,10.0,5.6,2
49.4264,156.1591,35.0,5.7,2
51.8275,160.1908,10.0,5.0,2
51.6288,159.6054,10.0,5.4,2
50.8173,157.7211,39.461,5.4,2
51.5974,159.1555,35.0,5.2,2
49.2988,156.5191,10.0,5.7,2
51.0614,159.0547,10.0,5.8,2
52.3144,159.5397,35.0,5.7,2
51.5092,159.126,35.0,6.0,2
51.7541,158.2503,35.0,6.0,2
51.8593,159.121,35.0,5.9,2
53.665,160.4312,42.734,5.9,2
52.6498,159.5787,25.423,6.1,2
52.5195,159.7031,16.375,6.3,2
52.4948,160.2395,35.0,8.8,2
40.768,-125.10633333333,9.22,4.51,1
53.4836,-163.5604,35.0,2.7,1
14.0537,-89.8537,10.0,5.2,3
54.388,-159.8428,29.146,3.2,1
14.1402,-89.8738,10.0,4.3,3
30.3359,138.4046,437.673,4.2,0
54.2623,-159.703,10.0,2.7,1
53.9919,-164.6334,56.803,3.0,1
30.6634,51.3301,10.0,4.1,2
-7.4159,128.3368,171.764,4.3,3
54.5758,-159.9902,35.0,2.7,1
7.4423,126.5296,103.392,4.5,3
14.0569,-89.8169,10.0,4.4,3
14.0829,-89.8038,10.0,4.2,3
14.0639,-89.9381,10.0,4.8,3
14.0663,-89.8711,10.0,5.7,3
14.0993,-89.791,11.913,5.6,3
59.9085,-152.4146,86.6,3.0,1
16.4311,41.1504,10.0,4.2,3
-23.7033,-66.7788,195.353,4.5,3
52.7507,-163.2498,10.0,2.5,1
50.1874,87.5456,10.0,4.1,2
-47.8636,116.0066,10.0,4.5,3
12.7745,-88.2994,42.488,4.0,3
-57.6684,157.6305,10.0,4.4,3
28.2622,101.9056,10.0,4.4,2
-57.6622,157.525,10.0,4.6,3
53.3517,-163.5343,18.904,3.4,1
9.1076,93.8628,10.0,4.3,3
31.663,-104.379,5.1257,3.3,1
36.1631,139.9632,77.977,4.1,2
53.543,-163.5715,18.535,4.3,1
-23.5749,178.8762,558.428,4.4,0
62.9027,-150.8601,92.7,2.6,1
-23.4497,178.858,553.0,6.6,0
-23.5094,178.9624,550.0,5.8,0
9.3982,94.0014,10.0,4.5,3
-15.8409,168.1644,187.857,4.4,3
22.7049,95.8746,10.0,4.4,2
53.4351,161.5246,10.0,4.1,2
9.3593,93.9247,10.0,4.9,3
9.2521,93.9445,10.0,4.0,3
20.280833333333,-155.67216666667,40.69,2.59,1
9.357,93.9629,10.0,5.0,3
17.5359,-96.8204,56.197,4.1,3
9.4782,93.9663,10.0,4.8,3
22.7101,95.897,10.0,4.6,2
53.9026,-166.3806,87.378,2.8,1
53.5437,161.963,10.0,4.8,2
-55.8526,-27.2111,81.45,4.6,3
-18.1853,167.9304,25.671,4.5,3
-18.2455,-178.001,635.293,4.2,0
50.4179,-171.9354,10.0,2.6,1
83.4353,115.4628,10.0,4.0,2
-57.7724,157.7288,10.0,4.2,3
16.5187,41.105,10.0,5.2,3
54.5369,-159.9504,29.98,2.9,1
44.0449,147.0617,128.652,4.4,2
16.5283,41.2595,10.0,4.7,3
51.2766,-177.3498,35.0,3.1,1
51.2944,-177.3471,47.381,2.9,1
36.5653,70.7257,154.345,4.4,2
-57.6584,157.6936,10.0,4.3,3
16.3136,40.8407,10.0,4.4,3
21.6891,143.5156,272.302,4.4,2
39.2158,-99.821,9.474,2.8,1
-57.8235,157.5935,10.0,4.2,3
-57.9908,158.0373,10.0,4.6,3
-17.8225,-179.1344,560.052,4.1,0
51.5052,-177.2374,46.235,2.5,1
16.3948,40.97,10.0,4.4,3
-5.8359,112.4206,10.0,4.2,3
-23.3228,-67.9044,156.468,4.3,3
16.4835,41.2462,10.0,4.4,3
48.5218,153.455,121.27,4.6,2
54.6201,-160.3597,35.0,2.6,1
54.5015,-160.224,35.0,3.7,1
13.967,-92.5853,22.359,4.6,3
-57.9029,157.8923,10.0,5.1,3
-57.96,157.536,10.0,4.2,3
16.7792,41.0783,10.0,4.1,3
27.9847,56.3651,10.0,4.3,2
-57.7114,157.6615,10.0,4.7,3
16.4171,41.5819,10.0,4.2,3
16.5982,41.1068,10.0,4.3,3
16.5883,41.0434,10.0,4.3,3
18.586833333333,-66.377166666667,103.43,3.21,1
-57.6915,157.3496,10.0,4.7,3
16.6744,41.2269,10.0,4.2,3
16.6983,40.9583,10.0,4.3,3
51.4089,-177.2178,38.479,3.8,1
-17.518,-178.8212,551.788,4.1,0
-57.534,157.4797,10.0,4.2,3
14.4811,144.1856,10.0,4.5,2
-57.7897,157.7542,10.0,4.7,3
52.098,-178.7467,180.819,2.6,1
54.6218,-160.3109,10.0,2.6,1
-22.5857,-179.736,567.806,4.2,0
13.7793,120.866,10.0,4.4,2
13.8035,120.8927,10.0,4.4,2
13.9328,144.7317,163.462,4.1,2
-57.7704,157.628,10.0,4.6,3
-57.6378,157.5389,10.0,4.6,3
53.8437,160.997,37.762,4.7,2
54.5647,-160.2226,10.0,2.5,1
-19.564,-176.4719,308.266,4.6,0
34.4524,62.1148,9.422,4.1,2
-57.6714,157.9909,10.0,4.2,3
-57.6295,157.2052,10.0,4.2,3
-31.7668,-69.7166,113.316,4.5,3
-6.8978,129.9973,108.8,4.3,3
-57.9903,157.741,10.0,4.5,3
31.971,-102.314,8.2275,2.6,1
-20.1401,66.3055,10.0,4.8,3
54.4485,-161.2339,35.0,2.6,1
-20.3338,66.2018,10.0,4.7,3
-20.1415,66.4213,10.0,4.5,3
-57.6969,157.4795,33.873,5.1,3
18.953833333333,-68.133333333333,21.57,3.35,1
52.2113,160.5807,10.0,4.4,2
-57.9045,157.8263,33.218,5.4,3
53.9497,-165.5872,111.85,2.5,1
-57.6193,157.9536,39.626,4.3,3
-57.7302,157.6717,33.485,4.2,3
-57.6755,157.4881,10.0,4.3,3
-57.5812,157.5031,30.874,4.3,3
51.5398,-179.1039,72.947,2.5,1
14.0294,-92.7623,10.0,4.2,3
-57.5726,157.7867,32.868,4.8,3
-57.8241,157.5828,10.0,5.0,3
-57.85,157.672,34.726,4.6,3
-57.5946,157.9058,38.39,4.5,3
40.5065,144.9975,10.0,4.5,2
-57.6772,157.9203,16.773,4.9,3
-57.6794,157.7824,35.942,4.4,3
-4.7589,129.2347,205.022,4.1,3
-57.7727,158.171,36.909,4.8,3
63.6467,-149.4375,113.0,2.6,1
-57.8059,157.7149,34.854,5.3,3
-57.7392,157.6493,10.0,5.1,3
-57.9072,157.6187,10.0,5.8,3
-57.605,157.0388,31.0,7.0,3
42.5225,-111.2444,5.0,3.0,1
44.1785,87.0464,10.0,4.4,2
53.3645,-163.4896,35.0,2.6,1
60.1712,-150.9545,45.8,2.7,1
43.6718,-105.26,0.0,3.3,1
11.1451,-86.7945,44.034,4.9,3
-32.1142,-70.0243,116.655,4.2,3
52.8882,161.1933,10.0,4.2,2
43.6858,-105.2637,0.0,3.5,1
6.6907,93.0637,21.0,6.4,3
54.5647,-160.3064,32.262,3.1,1
33.9618333,-116.7871667,11.18,3.12,1
33.9623333,-116.7888333,10.78,3.04,1
40.342666666667,-124.80583333333,11.93,2.8,1
30.6279,140.2385,10.0,4.4,2
54.5189,-160.1971,37.428,2.8,1
19.1348,-68.0878,48.0,3.5,1
-18.3391,167.6771,10.0,4.9,3
41.2835,-126.1203,10.0,2.7,1
19.103333333333,-66.476666666667,31.08,3.08,1
27.3659,52.528,10.0,4.2,2
32.119,-101.924,7.8369,2.7,1
51.917,178.8638,152.843,3.3,2
-3.7409,29.2421,10.0,5.2,3
18.173166666667,-67.077833333333,21.67,2.59,1
54.5281,-160.1584,35.0,3.3,1
-24.4752,179.7507,541.888,4.1,0
54.5036,-160.0612,21.562,2.5,1
-3.5845,-79.8973,59.178,4.4,3
45.2233,-130.0989,10.0,3.6,1
52.7405,161.1469,10.0,4.1,2
54.5477,-160.0832,33.975,2.6,1
52.811,160.611,10.0,5.1,2
54.5186,-159.8083,21.481,2.9,1
27.4166,52.5515,10.0,4.4,2
-25.9624,-177.1884,113.105,4.6,3
27.338,52.482,10.0,4.2,2
54.5749,-160.3648,11.945,2.6,1
52.3946,-174.4804,159.899,2.9,1
51.745,-173.119,32.071,3.0,1
-7.008,130.6568,73.928,4.3,3
18.6105,-66.765166666667,17.23,2.97,1
31.708,-104.171,6.0999,3.8,1
36.5334,70.122,219.942,4.2,2
31.703,-104.172,6.1383,3.9,1
60.0527,-152.4255,99.3,2.5,1
27.5462,52.5287,10.0,4.2,2
18.027166666667,-66.7435,16.89,3.28,1
17.925833333333,-66.870666666667,14.95,2.52,1
15.2311,146.0652,62.592,4.5,2
18.7597,145.6392,149.037,4.2,2
-17.4618,-177.5031,394.174,4.6,0
27.4606,52.5881,10.0,4.4,2
54.5483,-159.83,35.0,2.7,1
40.280666666667,-124.551,10.01,2.73,1
12.4243,123.6545,10.0,4.4,2
11.6265,42.7636,10.0,4.5,3
27.4785,52.6021,10.0,4.5,2
19.5808,-67.2511,18.0,3.6,1
-3.1678,130.7028,22.49,4.8,3
27.4384,52.5615,10.0,4.2,2
27.4499,52.605,10.0,4.4,2
-58.69,-25.8509,61.44,4.4,3
27.3994,52.6368,10.0,4.5,2
54.4999,-159.8172,27.695,2.7,1
27.483,52.6537,10.0,5.0,2
18.033166666667,-66.75,16.1,2.8,1
53.0958,159.8413,60.141,4.9,2
42.3044,143.0558,57.999,5.2,2
18.026833333333,-66.738833333333,17.55,2.66,1
0.4033,123.5481,243.0,4.4,3
-57.3384,-67.3971,10.0,4.3,3
-5.3847,151.6376,113.89,4.1,3
54.4434,-160.0661,10.0,3.1,1
-6.5702,149.0854,56.726,4.6,3
52.2,-170.4212,46.445,4.0,1
-37.7041,178.42,35.0,4.8,3
53.476,-166.9213,67.592,2.5,1
0.1473,126.7177,68.024,4.1,3
64.5425,-17.2733,10.0,5.3,2
53.7555,-166.2418,87.345,3.1,1
54.0969,-166.602,83.0,5.3,2
29.1179,129.1083,10.0,4.2,2
54.5306,-159.8912,35.0,3.1,1
60.822,-146.2021,15.0,2.6,1
-7.6194,148.3235,35.0,4.1,3
-19.8222,-177.3193,533.934,3.8,0
13.7808,120.7068,184.79,4.4,3
51.8763,152.8394,413.902,4.3,0
51.3745,175.213,10.0,4.1,2
51.2845,-176.3784,35.0,2.5,1
58.2259,-151.4894,30.2,3.2,1
21.7329,95.7478,10.0,4.0,2
52.3241,-176.4393,225.754,2.5,1
53.7886,-164.1205,35.0,3.4,1
37.9443,141.6335,74.803,4.3,2
18.847666666667,-64.7135,6.66,3.36,1
54.3275,-160.2117,35.0,2.5,1
54.251,-160.3162,35.0,2.5,1
54.4714,-160.222,35.0,2.8,1
49.9239,-178.3072,10.0,2.9,1
18.866,145.0601,620.987,4.0,0
19.284833333333,-155.20533333333,8.72,2.61,1
59.5922,-153.2633,107.0,4.0,1
-32.7859,-71.9664,15.58,3.9,3
54.2905,-161.4298,13.446,2.6,1
54.5397,-159.8952,37.57,3.4,1
14.507,53.6755,10.0,4.4,3
-7.4124,130.6464,22.162,4.3,3
38.3902,119.3497,10.0,4.5,2
48.6975,154.8069,71.578,4.2,2
-58.9949,-25.6535,35.0,4.3,3
-29.2807,-71.833,18.954,4.6,3
-8.8331,-74.659,129.228,4.4,3
54.5363,-160.5734,12.335,2.5,1
-60.1114,-18.6513,10.0,5.2,3
-60.0878,-18.745,10.0,5.6,3
17.925333333333,-66.856166666667,12.35,2.85,1
-17.9396,168.104,35.0,4.2,3
33.8262,79.4981,10.0,4.3,2
54.5237,-159.8277,18.18,2.9,1
-3.4009,146.2897,10.0,4.5,3
27.3931,52.5727,10.0,4.2,2
57.0068,-145.7694,10.0,2.6,1
-20.7057,-68.7581,128.91,4.5,3
-1.609,-77.9864,171.439,4.1,3
31.71,-104.177,6.4075,2.9,1
54.5366,-160.3326,29.566,2.6,1
27.4113,52.5321,10.0,4.1,2
3.0275,126.9067,10.0,4.2,3
40.403,-125.33333333333,10.0,4.2,1
-35.4292,-71.2382,99.625,4.2,3
51.7505,-177.8295,83.815,4.0,1
18.2307,-102.2938,56.13,4.2,3
-26.811,-71.2979,22.971,4.1,3
51.5824,-173.8195,40.436,4.2,1
18.5916,-64.8988,100.0,3.63,1
54.566,-160.2244,12.267,3.1,1
9.4941,-40.9517,10.0,4.4,3
22.7272,95.9849,10.0,4.1,2
51.2059,-178.2725,35.0,2.6,1
-20.9565,-70.5112,29.639,4.3,3
51.3561,-176.6699,35.0,3.9,1
-26.8262,-71.0132,22.223,4.7,3
51.8623,-170.7921,9.563,2.7,1
39.085,-98.8802,5.0,3.0,1
54.4928,-160.0963,21.098,2.7,1
54.4509,-160.0043,28.714,3.0,1
0.5086,121.2234,92.951,4.3,3
-29.7222,-176.6496,10.0,4.6,3
54.4598,-160.0165,14.178,2.7,1
12.4439,-88.7541,35.0,4.8,3
-5.697,124.2715,609.233,5.3,0
-59.7085,-22.5681,15.076,4.6,3
-31.2815,118.021,10.0,4.1,3
54.4167,-159.7485,35.0,2.9,1
17.951333333333,-67.019333333333,4.69,2.62,1
54.6417,-160.4641,35.0,3.2,1
54.4936,-160.1299,35.0,3.1,1
18.4405,-68.8031,123.0,4.24,3
-8.229,117.9632,10.0,4.4,3
19.337666666667,-66.3095,14.64,3.21,1
40.5063,143.5264,35.0,4.1,2
-23.8735,-179.9338,530.336,4.2,0
52.0667,178.2398,135.161,5.1,2
60.2109,-151.0392,62.1,2.6,1
43.1974,-127.1698,10.0,2.5,1
53.2505,161.1095,35.0,4.0,2
54.474,-159.8463,35.973,3.2,1
-57.7122,157.7679,10.0,5.0,3
3.0339,128.068,73.673,4.0,3
52.9578,161.2303,10.0,4.4,2
52.3235,160.747,10.0,5.0,2
53.0284,161.3239,22.407,4.0,2
-21.3156,-67.2314,177.186,4.4,3
54.5799,-160.2149,21.943,2.8,1
0.597,119.0077,10.0,4.2,3
54.4947,-159.6986,26.236,3.0,1
52.2406,-173.6562,11.667,3.0,1
10.6993,-85.2721,16.868,4.3,3
-4.5746,-12.581,10.0,4.6,3
-57.6512,157.7609,10.0,4.7,3
-24.2597,179.3171,532.852,4.6,0
27.3722,52.6542,10.0,4.5,2
52.9529,161.2282,9.54,4.5,2
-57.7718,157.7252,17.0,6.2,3
52.0199,-169.62,18.055,2.7,1
53.177,161.0048,10.0,4.1,2
-6.4762,106.6644,166.82,4.4,3
54.5546,-159.7697,35.0,2.8,1
54.3408,-159.7172,10.0,2.8,1
54.5427,-159.9342,35.0,2.8,1
52.9886,161.1133,10.0,4.3,2
45.865,-112.3373,12.219,2.7,1
54.5363,-160.4349,26.495,3.4,1
52.4048,160.6361,11.326,4.5,2
40.439333333333,-124.73033333333,22.09,2.82,1
52.4182,-173.9835,158.962,2.6,1
54.5873,-160.1251,10.0,3.0,1
63.1705,-147.6927,5.9,2.7,1
54.4088,-159.7717,33.723,2.7,1
53.1568,161.0584,10.0,4.2,2
36.3415,-120.58666666667,10.97,2.52,1
17.893666666667,-66.862,14.42,2.87,1
9.2305,93.9309,10.0,4.5,3
27.5112,52.4805,10.0,4.1,2
18.5015,-68.430166666667,62.16,3.39,1
17.339,-68.5256,9.762,2.7,1
40.419166666667,-124.68416666667,23.25,2.81,1
28.66,-98.237,5.1008,2.5,1
27.4676,52.5955,10.0,4.9,2
54.5425,-160.1993,35.0,2.6,1
29.4902,129.073,10.0,4.5,2
52.3105,160.8878,10.0,4.4,2
54.4232,-160.2156,11.169,2.7,1
-6.4244,103.6124,35.0,4.7,3
-5.7317,148.9108,152.01,4.4,3
54.445,-159.9992,35.0,2.7,1
35.0886667,-119.0433333,12.68,2.87,1
54.6045,-160.3919,16.044,2.7,1
-58.924,-26.18,104.768,4.2,3
51.6496,-173.7224,35.0,2.5,1
54.5009,-159.8969,33.536,2.9,1
52.7232,-169.4299,51.683,4.1,1
54.499,-159.7207,22.69,2.7,1
54.4964,-159.8493,36.422,3.9,1
52.4376,160.9047,23.423,5.0,2
-0.3955,131.5362,10.0,5.6,3
54.4914,-160.3283,10.0,2.7,1
53.2985,161.1212,10.0,4.3,2
54.5694,-160.008,21.729,3.1,1
54.604,-160.5499,15.606,2.8,1
51.6717,178.3992,89.851,5.3,2
-11.8144,166.2909,82.143,4.2,3
53.9563,-163.1668,35.0,2.5,1
54.5715,-160.4228,35.0,2.9,1
54.5659,-160.2453,35.0,3.2,1
32.9053,76.1506,10.0,4.2,2
53.3887,-164.994,35.0,2.9,1
54.6926,-160.0604,17.957,2.7,1
53.2613,-168.8849,106.171,4.0,1
19.262166666667,-155.3825,31.43,2.99,1
33.9226667,-116.9106667,13.48,2.91,1
-48.9486,123.5658,10.0,4.6,3
54.4994,-160.164,39.79,3.8,1
52.6512,160.3204,10.0,5.0,2
2.0269,126.8751,88.157,4.8,3
-24.0586,-111.5597,10.0,4.4,3
54.5004,-160.4264,15.788,3.0,1
53.0606,161.3161,10.0,4.3,2
18.396,-64.7526,8.0,3.35,1
-7.1704,129.5056,10.0,4.4,3
2.0241,126.873,80.0,5.8,3
38.8638,142.1082,59.11,4.3,2
51.6989,-179.0893,10.0,2.7,1
13.3807,145.5516,74.932,4.4,2
54.0905,-164.027,26.547,2.8,1
33.9221667,-116.9116667,13.09,2.89,1
54.3838,-159.6087,12.008,2.8,1
27.1252,140.1384,478.222,4.3,0
-3.4946,128.7097,33.74,4.1,3
54.5292,-159.6017,28.677,3.1,1
47.0627,152.8241,67.469,4.2,2
28.0576,142.4236,22.272,4.3,2
32.2245,-116.5705,15.65,2.6,1
54.5337,-159.8648,32.554,3.4,1
52.9794,161.2571,10.0,4.2,2
38.2331,103.8304,10.0,4.7,2
59.881,-153.5182,145.4,2.5,1
-6.1896,142.4347,10.0,4.8,3
-2.7821,102.3375,170.385,4.4,3
51.4863,-179.3299,69.978,2.8,1
63.1206,-151.5183,15.0,2.5,1
54.5195,-159.8891,35.0,3.0,1
36.4749,70.3066,196.984,4.3,2
12.6857,144.5652,26.72,4.4,2
54.4224,-159.8954,22.739,2.8,1
53.0078,161.1149,10.0,4.3,2
9.2266,93.6356,132.895,4.9,3
-55.3251,146.4375,10.0,5.7,3
47.656,-70.0054,17.329,2.6,1
38.4652,-116.4884,4.2,2.5,1
-55.4066,146.5854,10.0,6.2,3
52.6158,160.694,10.0,5.0,2
59.6676,-151.6329,61.4,3.6,1
40.1638,-117.7186,6.5,3.1,1
52.1189,-174.3961,8.393,3.1,1
17.7236,-61.5323,35.0,4.3,3
18.8435,145.4266,246.909,5.3,3
15.179,-45.7693,10.0,4.8,3
36.6145,140.7705,78.872,4.3,2
-21.4558,169.8375,35.0,4.7,3
19.4891,-64.6718,41.0,3.85,1
34.461,62.0597,10.0,4.1,2
54.5127,-159.8963,37.645,3.6,1
-18.7994,-177.669,621.184,4.2,0
-18.7756,-177.8364,611.056,4.3,0
18.840166666667,-66.857833333333,17.19,3.1,1
54.5893,-159.9816,28.334,2.9,1
53.0062,161.3204,10.0,4.2,2
51.2407,-176.2763,35.0,2.5,1
54.5496,-159.8663,10.0,3.1,1
54.5541,-159.9971,35.16,3.9,1
8.9885,126.2206,69.615,4.8,3
52.762,160.1217,41.532,4.1,2
52.9891,161.1981,10.0,4.1,2
-5.3112,103.3402,42.754,4.4,3
54.6269,-160.0147,30.133,3.0,1
5.7949,126.383,104.85,4.4,3
18.6925,144.8485,10.0,4.2,2
54.5028,-159.8181,31.645,3.0,1
-38.3677,178.6045,10.0,4.9,3
32.3654,-104.1305,5.0,2.8,1
54.5693,-160.1136,30.464,2.9,1
-3.233,101.2736,35.0,5.1,3
37.0156,140.6629,63.551,4.3,2
54.4185,-160.0562,14.833,2.7,1
-20.0895,-69.9267,27.769,2.9,3
53.2463,160.8246,35.0,4.2,2
53.0767,161.0744,30.492,4.6,2
-22.2542,-68.4574,112.746,4.4,3
65.1483,-130.7498,9.787,4.2,1
32.7566,129.9934,10.0,4.6,2
35.8383,111.3104,10.0,4.6,2
18.033666666667,-67.083833333333,13.89,2.84,1
37.7163,-18.008,10.0,5.5,2
52.9672,161.0749,32.558,4.0,2
53.0157,160.7567,35.0,4.0,2
51.3241,-178.6369,8.858,2.7,1
52.6491,161.1977,20.044,4.1,2
41.398833333333,-125.9275,10.0,3.11,1
53.027,161.1634,25.995,4.7,2
52.8196,161.163,10.0,4.4,2
-25.7683,-176.8847,77.33,4.3,3
53.0393,161.2426,10.0,4.1,2
52.7497,160.9455,45.257,4.2,2
-14.9093,-175.7016,314.151,6.6,0
51.8361,-173.5554,10.0,2.5,1
53.0106,160.9939,28.799,4.4,2
53.0705,161.261,10.0,4.9,2
52.6973,161.3613,10.0,4.1,2
51.7335,-179.1074,10.0,3.0,1
52.8626,161.297,36.601,4.3,2
52.2003,161.1264,55.145,4.1,2
52.766,161.2899,10.0,4.0,2
52.9914,161.2738,12.541,4.7,2
54.7859,-161.6009,69.668,3.4,1
52.9584,161.0863,10.0,5.8,2
17.9315,-66.912166666667,9.78,2.61,1
53.0151,161.0626,14.0,6.0,2
-20.2638,-178.4018,594.8,4.3,0
-15.2696,-173.2225,10.0,4.3,3
59.0906,-153.0989,71.5,2.8,1
17.888,-66.862166666667,15.89,2.53,1
54.398,-159.9352,35.0,4.2,1
51.7528,159.8686,10.0,4.1,2
51.7226,-179.1125,10.0,2.6,1
18.1939,145.684,144.0,5.4,2
52.7532,160.5753,35.0,4.5,2
-1.9782,120.6432,10.0,4.3,3
19.9906,145.5086,10.0,4.1,2
35.8985,-97.34483333,7.95,2.94,1
0.383,125.4483,64.101,4.7,3
54.5332,-160.2588,23.568,2.8,1
61.1493,-149.5859,30.0,2.8,1
55.3949,-159.3888,13.2,2.6,1
32.3622,-104.1333,6.104,3.0,1
50.0804,178.9843,10.0,3.0,2
-16.2377,-174.0399,73.612,4.6,3
-4.2084,143.7515,108.0,5.7,3
60.0224,-140.7727,13.0,3.7,1
-26.3784,-177.9211,215.374,4.7,3
18.8687,145.8904,229.981,3.9,2
-58.2784,148.7591,10.0,4.6,3
20.2491,145.2841,10.0,4.6,2
54.5204,-159.8354,35.0,4.4,1
61.6618,-149.6511,52.1,3.2,1
-2.1428,120.7358,10.0,4.6,3
-2.0235,120.66,10.0,5.6,3
58.7894,-151.2082,7.0,3.0,1
-1.9763,120.7566,10.0,5.5,3
54.5577,-160.4216,35.0,2.9,1
54.4315,-160.1787,35.0,2.8,1
54.5514,-160.4567,35.0,2.8,1
44.461,148.0664,78.483,4.6,2
23.0801,94.7964,140.77,4.6,2
-60.9605,-38.8132,10.0,4.9,3
52.1296,160.3639,10.0,4.7,2
43.0292,145.6491,74.29,4.4,2
52.5018,160.6432,10.0,4.2,2
52.3048,-173.6592,11.806,2.9,1
52.4876,160.7329,10.0,4.1,2
17.866,-66.882166666667,13.81,2.54,1
16.5838,-100.7307,10.0,4.3,3
51.8666,160.1905,34.132,4.1,2
51.6119,160.1743,10.0,4.0,2
54.5863,-160.2917,15.135,2.6,1
51.1389,159.7792,10.0,4.3,2
52.2582,160.3396,10.0,5.0,2
52.2457,160.2142,35.0,4.5,2
13.4673,-92.4823,10.0,4.2,3
28.522,-100.121,1.3838,3.6,1
53.5354,-165.3377,35.0,2.7,1
35.1427,23.3629,63.649,4.0,2
-17.8315,-177.9729,590.108,4.2,0
51.5956,-175.1639,35.0,3.3,1
-10.8927,166.0672,112.694,5.3,3
52.7766,160.952,26.021,4.3,2
52.474,160.6684,26.903,4.3,2
52.6665,160.7739,35.0,4.5,2
52.911,161.0062,33.15,4.2,2
54.5768,-159.8789,31.418,2.6,1
52.6923,160.9851,10.0,4.2,2
51.3275,-176.838,35.0,2.5,1
-20.1311,168.4342,10.0,4.8,3
24.8149,-107.3051,10.0,4.2,1
51.3734,179.5293,35.0,2.7,2
54.5507,-160.1281,31.671,2.7,1
15.1364,-91.9166,169.648,4.3,3
54.5499,-159.631,35.0,3.1,1
52.5518,160.4883,35.0,4.1,2
-22.1968,-68.648,106.106,5.2,3
39.5126,143.5392,10.0,4.1,2
54.4428,-160.0288,29.441,2.8,1
52.793,-168.1977,51.543,2.8,1
52.06,-175.1017,88.3,2.7,1
52.8181,-168.2594,44.326,3.4,1
52.6935,-168.1453,34.088,3.1,1
28.1456,129.1021,59.049,4.3,2
54.6246,-159.833,21.069,2.8,1
54.5023,-160.1012,35.0,2.9,1
17.9323,-66.9168,9.0,3.55,1
52.6936,159.7926,72.232,4.4,2
0.4411,122.0874,142.0,6.3,3
52.4804,160.0866,35.446,5.1,2
52.7358,-168.2204,48.826,2.7,1
52.1893,160.4547,10.0,4.5,2
52.2371,160.42,10.0,4.3,2
52.7791,-168.2533,60.309,2.6,1
-3.1424,130.6649,38.4,4.5,3
53.282,160.9343,35.0,4.1,2
52.3837,160.7363,10.0,4.3,2
52.4399,-163.5873,10.0,2.6,1
52.0852,160.5072,10.0,4.6,2
52.915,160.6201,35.0,4.3,2
54.7351,-160.2016,10.0,2.9,1
51.6393,159.7321,10.0,4.2,2
52.5181,160.1833,35.0,4.0,2
0.5194,125.3184,55.33,4.4,3
44.0626,-105.4516,0.0,3.3,1
54.5926,-159.8225,24.306,3.2,1
-21.4368,-66.7089,226.33,4.7,3
44.4963,146.5691,147.488,4.5,2
53.4031,-161.3596,10.0,2.7,1
52.957,160.5551,35.0,4.1,2
-17.8948,168.1647,7.066,4.3,3
52.8924,161.2734,10.0,4.8,2
52.8077,160.0515,47.331,4.4,2
52.0084,160.3053,35.0,4.6,2
51.7041,177.2928,64.962,3.5,2
54.6032,-160.5616,35.0,2.8,1
35.8797,23.5212,65.955,5.1,2
-47.8804,115.9452,10.0,4.6,3
35.1996,139.0416,10.0,4.3,2
52.9133,160.8431,10.0,4.4,2
-22.8642,-66.5065,208.166,4.4,3
52.3125,160.5144,11.481,4.6,2
54.5835,-160.0123,20.761,2.5,1
3.9851,125.0875,8.304,4.5,3
49.3239,82.3489,10.0,5.2,2
6.4428,126.0354,135.093,4.5,3
60.4564,-143.1936,10.9,2.5,1
69.3911,-142.9306,1.6,3.0,1
14.5639,53.7975,10.0,5.3,3
67.3085,-156.4871,4.5,3.3,1
53.1746,161.1326,36.105,4.3,2
54.5653,-160.1019,34.909,3.0,1
37.4354,144.662,10.0,4.3,2
-2.9867,130.2673,10.0,5.2,3
52.5732,160.7526,10.0,4.5,2
-9.0256,67.1896,10.0,4.3,3
54.5653,-160.4956,13.201,2.7,1
-56.6935,-25.7262,35.0,4.3,3
30.6605,142.7651,10.0,4.4,2
53.9496,-157.6412,10.0,2.7,1
-17.9591,-178.4971,567.58,4.4,0
54.5463,-160.2427,35.0,3.4,1
51.8749,178.0556,113.862,2.7,2
54.4619,-159.8692,32.287,3.3,1
-11.0965,113.3877,10.0,4.3,3
54.5304,-160.4077,35.0,4.3,1
54.5533,-160.2762,35.0,2.7,1
52.8052,160.0663,35.0,4.2,2
8.1346,126.1909,10.0,4.7,3
-19.0881,43.7141,10.0,4.6,3
6.9544,-73.1265,147.834,4.2,3
-23.4563,-179.9105,532.691,5.6,0
54.5295,-160.4731,35.0,2.5,1
36.9357,141.2761,53.661,4.3,2
52.371,160.8023,10.0,4.1,2
54.529,-159.884,35.0,3.6,1
-16.3174,-74.3872,39.37,4.4,3
-7.0898,125.6438,517.463,4.8,0
25.8294,66.5927,10.0,4.1,2
13.2631,-90.9953,10.0,4.1,3
54.5817,-160.2777,15.628,3.1,1
31.717,-104.281,6.933,2.9,1
35.9999,140.0476,82.345,4.2,2
40.34,-124.83733333333,17.05,2.76,1
-11.5871,166.1977,79.255,4.2,3
34.4295,-118.9758333,6.96,2.91,1
-21.4938,168.8872,10.0,4.3,3
54.636,-159.7777,19.237,2.9,1
52.8406,160.816,28.0,5.4,2
-31.1514,-178.6343,60.457,4.6,3
52.0139,177.8921,135.644,2.7,2
-28.9838,-112.3195,10.0,4.6,3
54.6083,-160.2466,23.508,2.7,1
-54.4615,-55.5637,10.0,4.3,3
9.4274,126.5176,35.0,4.4,3
52.2253,160.7007,10.0,4.5,2
52.8593,160.6252,10.0,4.2,2
-63.1395,167.8656,10.0,4.3,3
52.4984,160.5854,10.0,4.6,2
54.6078,-160.1523,19.981,3.0,1
51.2364,-175.0511,10.0,2.9,1
54.6477,-160.3885,32.454,2.7,1
52.9781,160.5487,35.0,4.1,2
52.3404,160.6815,10.0,4.3,2
54.5886,-159.7621,25.051,2.7,1
-8.9159,106.0261,10.0,4.9,3
-12.6601,166.4009,70.742,4.6,3
54.5937,-160.2884,35.0,2.7,1
52.1821,160.8102,10.0,4.2,2
45.8222,-106.7519,0.0,3.3,1
54.5512,-160.1947,31.514,2.7,1
54.5985,-160.2048,19.068,2.7,1
54.601,-160.1975,18.335,2.6,1
52.7127,160.8119,10.0,4.1,2
39.4542,20.6484,22.053,4.1,2
-41.295,-91.3504,10.0,4.3,3
54.6378,-159.9433,23.071,2.5,1
59.0788,-153.0958,72.7,3.1,1
54.6408,-160.2428,32.853,2.9,1
7.6469,127.1659,10.0,4.8,3
52.4882,160.6529,26.59,4.1,2
52.4658,161.0192,10.0,4.4,2
53.1959,160.5831,46.725,4.2,2
58.7674,-137.6846,7.3,2.9,1
18.790666666667,-68.1565,24.84,3.33,1
59.8388,-150.7171,36.1,3.5,1
54.54,-160.188,28.98,2.9,1
54.4994,-159.6292,28.57,2.7,1
-3.8491,-12.0297,10.0,4.7,3
54.3556,-161.3772,35.0,3.2,1
53.1255,-166.9347,25.963,2.7,1
30.0948,-135.9731,10.0,4.3,1
-19.4061,-66.7365,248.695,4.3,3
-15.0234,166.8953,16.728,4.4,3
20.6086,121.1892,34.688,4.4,2
52.0062,160.2984,24.575,4.1,2
54.5508,-160.0559,35.0,3.1,1
52.3105,-176.1848,227.785,2.7,1
52.6587,160.8824,10.0,4.2,2
33.5443333,-118.2508333,2.19,3.01,1
52.1648,160.5199,26.845,4.4,2
54.5777,-160.5007,14.126,3.1,1
35.3241667,-117.8051667,7.08,2.53,1
60.6119,-150.4737,43.7,3.4,1
52.5533,160.7338,28.052,4.9,2
54.4989,-160.0128,33.004,3.1,1
52.5738,160.755,10.0,4.2,2
-49.5284,125.495,10.0,4.5,3
52.4597,160.7178,10.0,4.3,2
29.106,-97.749,6.6101,2.5,1
54.5203,-160.179,13.563,2.7,1
52.3861,160.8244,10.0,5.0,2
51.7493,16.2011,5.0,3.8,2
52.3028,160.4482,45.228,4.7,2
52.2071,160.475,27.885,4.9,2
51.6777,160.4766,35.0,4.4,2
54.5041,-160.3444,35.0,2.6,1
52.3334,160.7508,10.0,4.2,2
51.9391,160.3837,35.0,4.2,2
52.4341,160.8231,29.902,4.2,2
52.2027,160.2982,33.387,4.9,2
52.3501,160.4936,36.263,4.7,2
51.4749,160.078,10.0,4.5,2
52.622,160.711,39.84,4.1,2
51.1818,-175.0565,35.0,3.3,1
51.7423,160.6156,10.0,4.1,2
52.2263,160.477,30.846,4.8,2
52.5134,160.7669,28.866,4.2,2
54.4682,-159.9907,10.0,2.6,1
53.0355,160.7442,26.86,4.1,2
52.5294,160.7131,35.786,4.2,2
-7.8025,118.8538,38.505,5.0,3
54.5286,-159.6819,31.79,3.1,1
54.4175,-160.2306,24.13,2.6,1
52.5445,160.4283,35.0,4.5,2
54.5585,-159.7533,40.785,4.8,1
52.4684,160.47,10.0,5.0,2
53.101,160.7831,29.886,4.1,2
52.5662,-173.3813,10.0,3.6,1
58.3589,-153.8671,61.9,2.5,1
52.2398,160.6702,10.0,4.1,2
-57.9569,-10.5137,10.0,4.6,3
54.6194,-160.4776,14.118,2.8,1
19.510833333333,-155.92283333333,9.33,3.07,1
39.4908,20.7043,7.193,4.4,2
-4.688,-12.4335,10.0,5.1,3
52.7441,160.782,10.0,4.3,2
52.4513,160.8208,10.0,4.4,2
52.6455,160.7598,10.0,4.3,2
54.5797,-160.0488,26.529,2.6,1
52.5131,160.8858,10.0,4.4,2
52.5774,160.7184,29.329,4.4,2
2.8461,128.5351,10.0,4.4,3
14.4556,-92.6827,58.503,4.1,3
52.5503,160.7051,10.0,4.4,2
-4.7483,69.0774,10.0,4.5,3
-14.4629,167.3649,103.223,4.3,3
54.5516,-159.6211,31.747,4.0,1
51.7688,160.4012,10.0,4.6,2
32.2638,-103.2667,1.588,3.1,1
54.576,-160.4383,11.365,2.9,1
52.9016,160.8517,10.0,5.0,2
52.3429,160.6467,10.0,4.4,2
61.1314,-28.1208,10.0,4.5,2
-4.827,68.7987,10.0,5.5,3
61.1676,-28.0776,10.0,4.3,2
51.8807,160.314,10.0,4.4,2
54.4767,-160.3198,6.532,2.8,1
52.5653,160.8644,10.0,4.1,2
40.802666666667,-124.33816666667,24.57,2.89,1
52.2749,160.9115,10.0,4.2,2
-2.8116,129.494,10.0,4.3,3
52.5123,160.629,10.0,4.2,2
54.5572,-160.1895,25.114,2.7,1
40.4185,-125.253,10.0,2.94,1
52.5883,160.7176,10.0,4.2,2
54.488,-160.0037,28.877,2.6,1
54.5325,-160.038,23.223,2.7,1
52.7224,161.0234,10.0,4.1,2
52.7641,160.7261,10.0,4.2,2
52.7596,160.6849,10.0,4.1,2
19.0005,-63.7893,81.0,3.81,1
52.7315,160.8354,10.0,4.2,2
52.4435,160.7698,10.0,4.3,2
52.3426,160.747,10.0,4.1,2
52.7207,160.7473,10.0,4.2,2
52.517,160.6831,10.0,4.4,2
19.7813,-64.4133,38.0,3.87,1
6.6539,116.7771,634.664,4.3,0
52.5869,160.6429,10.0,4.9,2
52.5398,160.7671,10.0,4.5,2
52.5535,160.6703,10.0,4.8,2
51.6968,160.3565,10.0,4.3,2
52.6315,160.625,10.0,5.0,2
51.9237,160.4546,10.0,4.2,2
52.0868,160.4013,10.0,4.3,2
52.919,160.6041,35.0,4.3,2
51.4861,160.287,10.0,4.1,2
52.5336,160.5765,29.249,4.6,2
52.2803,160.8851,10.0,4.4,2
52.7616,160.911,10.0,4.3,2
52.5047,160.5991,24.004,4.6,2
51.1917,-179.8892,35.0,2.8,1
52.5234,160.7272,10.0,4.7,2
52.429,160.7348,10.0,5.3,2
52.2902,160.5002,10.0,4.9,2
52.598,161.0609,10.0,4.7,2
52.4133,160.6453,12.308,6.0,2
52.5395,160.7864,10.0,5.3,2
52.8417,160.7858,10.0,4.0,2
54.5565,-160.5268,17.23,2.7,1
54.5731,-160.1381,35.0,3.1,1
52.0683,160.3595,10.0,4.0,2
54.563,-160.5031,10.109,2.9,1
59.1844,-137.1372,11.134,3.2,1
-49.0053,164.4197,35.0,4.4,3
-26.1553,-69.1344,100.155,4.2,3
50.3026,-177.4698,10.0,2.7,1
52.7737,161.1913,10.0,4.3,2
-4.3346,-12.1798,10.0,4.9,3
-5.465,150.9384,103.873,4.6,3
12.9247,40.2398,10.0,4.2,3
-45.1712,167.0898,40.454,4.3,3
19.3325,-66.257666666667,26.17,3.03,1
-4.061,-12.0098,10.0,4.5,3
51.7751,160.3369,10.0,4.0,2
-14.6336,-176.063,314.955,4.2,0
53.1151,160.9712,10.0,4.3,2
52.2239,160.8208,10.0,4.3,2
-49.3328,124.9223,10.0,4.2,3
52.1876,-170.5951,35.0,2.8,1
52.425,160.8157,10.0,4.3,2
39.8143,140.3285,10.0,4.3,2
52.7393,160.2365,35.0,4.0,2
54.4708,-160.0986,35.0,2.8,1
-48.5895,124.7217,10.0,4.5,3
51.8197,160.4602,35.0,4.2,2
54.5896,-160.1651,31.605,3.3,1
40.348333333333,-124.95583333333,13.1,2.78,1
12.8612,-90.9307,10.0,4.4,3
52.8738,160.414,10.0,4.2,2
-4.5098,-12.5439,10.0,4.5,3
53.0726,160.707,30.099,4.3,2
43.7708,-105.3872,0.0,3.4,1
52.3921,160.8318,10.0,4.1,2
54.5539,-160.2418,17.518,2.8,1
53.6793,-165.8955,67.904,2.8,1
54.5524,-159.8601,22.137,2.6,1
51.2679,179.5187,49.643,5.0,2
52.4463,160.4617,10.0,4.5,2
54.4787,-159.7403,35.0,3.1,1
54.6498,-160.3255,12.216,2.6,1
52.3014,160.3121,10.0,4.7,2
54.3512,-159.925,24.313,2.7,1
52.4839,160.8309,10.0,4.2,2
11.0639,93.0478,92.727,4.5,3
52.3314,160.7951,10.0,4.2,2
54.4625,-160.4018,21.967,2.7,1
52.4339,160.2523,37.376,4.9,2
54.484,-160.1783,12.964,2.9,1
52.8952,161.3822,10.0,4.8,2
52.2207,160.4644,10.0,4.8,2
52.1396,160.3689,26.619,5.0,2
54.4595,-160.4603,12.264,2.5,1
-5.8623,146.6039,94.0,5.8,3
52.2517,160.6461,31.476,4.3,2
52.1008,160.2641,10.0,4.9,2
54.544,-160.2209,21.1,2.8,1
52.7939,160.5948,10.0,5.1,2
-41.195,-89.1036,10.0,4.8,3
52.8199,160.5122,11.1,4.3,2
54.5958,-160.2927,19.66,2.6,1
52.3702,160.811,6.954,4.9,2
52.4871,160.0617,57.62,4.3,2
52.5778,160.9712,10.0,4.4,2
52.4567,160.6495,17.555,5.2,2
60.9532,-28.0169,10.0,4.7,2
52.2589,160.7648,10.0,5.0,2
52.8633,160.876,10.0,5.0,2
51.4142,-178.4172,40.441,2.9,1
54.5618,-159.937,16.896,2.5,1
10.3866,121.8794,10.0,4.7,3
52.144,160.281,35.0,4.4,2
51.6158,160.3107,10.0,4.5,2
52.319,160.5494,29.898,4.5,2
52.2469,160.4026,33.178,4.1,2
52.7504,160.516,29.234,4.5,2
54.6032,-160.5432,15.899,2.7,1
52.441,160.4984,10.0,4.3,2
52.2595,160.4218,34.082,4.9,2
53.0129,161.0528,10.0,4.4,2
28.4439,54.0647,10.0,4.3,2
52.1887,160.7792,10.0,4.5,2
52.5285,160.6027,10.0,4.5,2
42.6921,-107.0098,7.106,2.5,1
36.7398,71.1247,241.348,4.0,2
51.5554,-176.5433,16.987,3.4,1
52.1117,160.3842,10.0,4.4,2
52.9218,160.7749,10.0,4.5,2
52.5726,160.2884,34.87,4.5,2
52.2697,160.473,10.0,4.7,2
53.1383,161.0665,35.0,4.3,2
52.6585,160.7935,35.0,4.5,2
52.0936,160.6397,10.0,4.3,2
52.4484,160.8817,10.0,4.4,2
54.7685,-156.8466,9.2,3.0,1
52.6072,160.4617,35.0,4.6,2
51.8739,160.7053,10.0,4.2,2
51.6429,160.2175,10.0,4.2,2
51.9658,160.6815,10.0,4.1,2
52.4441,160.7128,10.0,4.0,2
46.591,7.7142,10.0,4.1,2
51.5349,-179.9708,72.528,3.3,1
54.4255,-159.7442,30.153,2.7,1
52.1222,160.3216,27.84,4.3,2
52.23,160.4298,10.0,4.3,2
52.6806,160.6612,10.0,4.4,2
52.1414,160.3646,10.0,4.4,2
52.1912,160.7387,10.0,4.3,2
53.0053,160.5836,35.0,4.1,2
52.2504,160.3168,10.0,5.2,2
52.299,160.5772,10.0,4.9,2
51.3646,178.7012,54.417,2.6,2
52.5046,160.5912,37.794,5.2,2
52.2399,160.4176,10.0,4.8,2
51.6364,-168.3611,10.0,2.7,1
54.603,-160.4589,17.3,3.1,1
54.5143,-160.0185,19.305,3.2,1
52.022,160.3219,10.0,4.1,2
23.716,121.295,0.0,4.9,2
-22.9993,-69.2189,108.282,4.3,3
52.1522,160.744,26.096,4.2,2
-6.1958,131.2517,62.978,4.3,3
54.5062,-160.1274,28.889,2.9,1
52.3064,160.0833,10.0,4.2,2
54.4274,-159.7849,35.456,2.9,1
52.2324,160.5178,28.062,4.2,2
-20.0652,-70.2102,58.421,4.1,3
52.031,160.4215,10.0,4.3,2
52.2369,159.5656,35.0,4.2,2
52.1426,160.4155,10.0,4.6,2
52.1837,160.4573,25.466,4.9,2
51.9328,160.4582,10.0,4.4,2
54.5381,-160.1758,35.0,3.8,1
52.9244,161.1829,10.0,4.3,2
52.2503,160.4393,36.48,4.3,2
52.7541,160.9642,10.0,4.1,2
55.7962,-159.9092,87.5,2.6,1
52.7901,160.9724,10.0,4.2,2
18.047333333333,-68.012333333333,52.12,3.19,1
54.5554,-160.136,29.616,2.7,1
52.6161,160.9052,10.0,4.3,2
52.3541,160.9316,10.0,5.0,2
-30.4772,-178.3959,10.0,4.3,3
19.4078,-65.2633,111.0,3.71,1
52.6742,160.2915,15.627,4.2,2
-6.6972,127.835,316.959,4.4,0
53.1419,160.5207,32.874,4.0,2
6.9177,-73.1993,159.857,4.1,3
52.2858,160.5623,11.31,4.8,2
42.0733,142.5545,58.43,4.3,2
52.5145,160.8117,8.71,4.6,2
52.7396,160.9397,10.0,4.0,2
40.657,73.3118,10.0,4.2,2
-33.1967,-70.1194,104.314,4.2,3
54.5859,-160.057,15.97,3.0,1
54.4478,-159.8691,35.0,3.0,1
0.0302,123.2062,159.926,4.9,3
53.3328,160.5713,21.146,4.2,2
-18.9602,-69.4287,116.834,4.4,3
51.6191,-178.7546,16.99,3.1,1
52.6854,160.265,39.38,4.2,2
52.1463,160.24,31.385,4.1,2
53.063,161.0883,10.0,4.2,2
51.5683,-176.1993,47.938,2.8,1
52.4628,160.6428,10.0,4.3,2
54.2716,-159.933,25.056,2.9,1
52.3973,160.7279,10.0,4.2,2
52.1579,160.5211,10.0,4.2,2
52.4437,160.8731,10.0,4.1,2
51.913,-173.8232,64.376,3.1,1
52.2389,160.3916,10.0,4.3,2
54.6842,-160.4729,6.038,3.0,1
-23.8733,-68.3455,122.55,4.4,3
53.0413,161.201,10.0,4.1,2
52.7834,160.6207,21.723,4.1,2
15.5563,-47.1137,10.0,4.5,3
54.5551,-160.2599,25.222,2.7,1
53.112,161.0612,27.877,4.2,2
52.7063,160.7391,29.44,4.2,2
-18.5747,-177.7867,607.527,4.3,0
61.1631,-27.8186,10.0,4.3,2
53.3666,161.2353,10.0,4.3,2
-19.5757,-68.9497,122.804,4.5,3
52.3892,160.8127,10.0,4.2,2
53.139,160.6926,31.171,4.2,2
52.2281,160.8165,34.499,4.2,2
-8.8197,124.2686,105.059,4.3,3
52.5327,160.8379,10.0,4.2,2
17.9395,-66.923,9.18,2.52,1
54.3676,-159.6663,35.0,3.0,1
17.946333333333,-66.920833333333,9.5,3.06,1
52.9126,160.6553,35.0,4.1,2
52.6333,160.856,10.0,4.3,2
50.1942,179.8373,10.0,3.0,2
52.8006,161.064,10.0,4.5,2
51.6259,160.4499,10.0,4.3,2
52.9096,160.3364,35.0,4.4,2
52.2721,160.5301,10.0,4.4,2
53.2618,160.9282,35.0,4.2,2
54.4827,-159.9156,32.372,2.7,1
52.9902,161.0303,10.0,4.5,2
52.382,160.1014,10.0,4.7,2
52.6734,160.4363,10.0,4.0,2
51.5426,160.0946,10.0,4.4,2
-18.5347,-177.8323,618.605,4.2,0
53.015,161.1316,10.0,4.1,2
52.2293,160.432,35.0,4.2,2
37.5492,72.2407,205.283,4.1,2
52.8666,161.03,10.0,5.1,2
54.4151,-159.6023,10.0,2.7,1
40.0496,145.275,10.0,4.3,2
54.4621,-159.6011,27.68,2.9,1
52.5842,160.9213,10.0,4.4,2
51.6042,159.9212,10.0,4.0,2
52.8644,160.3704,35.0,4.3,2
54.6051,-159.8382,40.0,6.2,2
52.0262,160.4057,10.0,4.3,2
52.9217,161.1007,10.0,4.3,2
52.6161,160.8295,10.0,4.4,2
52.6784,160.8552,10.0,4.1,2
7.8436,94.6781,10.0,4.3,3
54.6321,-160.0242,16.064,2.8,1
51.4393,-176.7093,39.566,3.8,1
52.9044,160.8382,10.0,4.2,2
52.9211,160.9548,10.0,4.2,2
52.5892,160.78,10.0,4.6,2
30.7824,96.6483,10.0,4.2,2
0.4719,-79.3622,57.913,4.4,3
52.5886,160.8802,10.0,4.1,2
-4.892,152.3166,56.068,4.9,3
53.1494,160.6917,10.0,4.7,2
52.472,160.4989,26.558,5.1,2
54.5133,-160.5325,11.532,2.8,1
52.1947,160.4111,10.0,4.3,2
54.458,-160.0598,19.922,2.9,1
43.6929,-105.3183,0.0,3.2,1
52.2573,160.3981,10.0,4.4,2
52.9609,160.7587,10.0,4.9,2
39.0891,21.9981,12.72,4.3,2
0.1693,121.8634,213.526,4.2,3
52.7354,161.0394,10.0,4.2,2
54.5469,-160.2885,10.215,2.8,1
51.2817,-177.4418,35.0,2.5,1
52.9004,160.8399,10.0,4.1,2
54.2949,-160.0365,15.752,2.8,1
52.9636,161.0608,10.0,4.2,2
52.1241,161.0182,10.0,4.3,2
52.9546,-169.531,123.257,2.9,1
-56.7459,-26.9389,138.477,4.9,3
52.6046,161.1152,10.0,4.2,2
54.5882,-160.2972,15.068,2.8,1
52.7938,160.8617,10.0,4.3,2
54.458,-159.779,15.768,2.7,1
52.9365,161.177,10.0,4.6,2
-20.2152,-69.1538,96.072,4.1,3
52.3476,160.5712,27.555,4.8,2
52.3119,160.7523,7.749,5.3,2
52.8743,160.899,10.0,4.6,2
52.3284,160.6169,10.0,4.5,2
52.9424,161.0077,10.0,4.1,2
54.3622,-160.2572,19.74,2.9,1
52.8429,160.5055,10.0,5.5,2
52.7654,160.6993,10.0,5.1,2
52.5535,160.9023,10.0,4.5,2
9.169,126.2239,67.09,4.8,3
52.4526,160.726,10.0,4.2,2
52.7985,160.6553,10.0,4.5,2
52.9406,160.7209,10.0,4.9,2
52.3675,161.2903,10.0,4.1,2
61.1997,-152.1048,127.7,2.7,1
52.4136,160.5695,10.0,5.2,2
52.2893,160.5716,10.0,4.3,2
52.9581,161.1012,10.0,4.4,2
52.5972,161.0003,35.0,4.1,2
54.5562,-160.119,35.0,3.4,1
54.4245,-159.9591,10.0,2.6,1
52.2923,160.6074,10.0,5.2,2
52.7306,160.6623,10.0,5.1,2
52.404,160.49,10.0,5.2,2
52.8886,160.7292,10.0,4.6,2
62.8557,-151.1023,110.9,2.5,1
54.494,-160.2851,28.099,2.8,1
52.611,160.5691,10.0,5.0,2
52.7837,161.2096,10.0,4.5,2
54.5475,-159.8597,35.0,3.2,1
52.3215,160.4911,10.0,4.7,2
52.761,160.6984,10.0,4.2,2
54.4799,-160.2077,35.0,2.8,1
52.7211,160.2515,34.908,4.0,2
54.4762,-160.1031,35.0,3.6,1
52.5494,160.9169,25.765,4.0,2
54.4748,-160.1894,35.0,2.7,1
52.478,160.8769,10.0,4.2,2
52.8741,160.8404,29.932,4.0,2
52.5771,160.9314,10.0,4.3,2
52.5616,160.7597,10.0,4.5,2
52.5213,160.7646,10.0,4.7,2
0.2069,123.3796,201.173,4.4,3
40.396666666667,-125.0995,6.6,2.78,1
52.4967,160.8433,10.0,4.4,2
54.5417,114.3827,10.0,4.3,2
54.3736,-159.5278,10.0,3.6,1
52.2116,160.7926,10.0,4.3,2
52.5839,160.5147,35.0,4.4,2
13.183,-91.0471,10.0,4.3,3
52.8794,160.8061,10.0,4.5,2
52.5708,160.764,10.0,4.3,2
52.2414,160.5389,10.0,4.4,2
52.8426,160.628,10.0,4.3,2
52.7411,160.8139,35.0,4.1,2
52.6878,160.7325,28.431,4.3,2
54.54,-160.256,10.0,3.1,1
52.5234,160.4481,35.0,4.0,2
-22.8648,-68.8907,102.385,4.5,3
52.6761,160.5156,10.0,4.3,2
42.9029,45.2572,10.0,4.2,2
54.5791,-160.0466,17.672,2.8,1
52.8858,160.9343,35.0,4.2,2
52.5492,160.6448,10.0,4.1,2
52.6898,160.7912,10.0,4.3,2
54.5889,-160.0275,21.602,2.8,1
52.7353,160.6301,35.0,4.3,2
52.5367,161.0945,10.0,4.3,2
52.9258,160.7153,35.0,4.3,2
52.5692,160.3292,10.0,4.2,2
52.4642,160.713,10.0,4.1,2
52.8983,160.6814,10.0,4.3,2
53.0853,160.8313,33.238,4.2,2
52.605,160.8248,10.0,4.3,2
52.544,160.7502,10.0,4.5,2
32.74,-100.664,6.3232,3.7,1
52.8071,160.5994,38.482,4.2,2
52.7118,160.9134,10.0,4.4,2
52.7943,160.4277,10.0,4.2,2
18.9808,-68.9561,47.0,3.87,1
52.9843,161.1643,10.0,4.1,2
52.4997,160.6456,35.0,4.2,2
52.6596,160.7951,28.257,4.3,2
52.2757,160.5521,10.0,4.3,2
52.7905,160.529,10.0,4.2,2
52.3884,160.6799,10.0,4.2,2
52.6537,160.9446,10.0,4.5,2
54.5898,-160.3308,18.366,2.6,1
52.8793,160.1896,35.0,4.2,2
52.6679,160.536,35.0,4.2,2
52.8085,160.8139,10.0,4.3,2
52.8893,160.8106,10.0,5.2,2
52.8163,160.4631,36.527,4.1,2
52.8784,160.3235,35.0,4.3,2
54.5284,-159.7516,21.987,3.1,1
53.0676,160.2664,35.0,4.3,2
52.5646,160.8915,10.0,4.4,2
44.3166,-115.001,10.811,2.6,1
54.4914,-159.9275,33.993,3.0,1
52.9141,160.666,10.0,4.7,2
52.653,160.6257,10.0,5.1,2
52.9507,160.6176,35.806,4.3,2
52.847,160.457,10.0,4.5,2
52.4983,160.6494,10.0,4.4,2
52.7755,160.9359,10.0,4.4,2
52.4946,160.8156,10.0,4.2,2
52.4811,160.8098,10.0,4.3,2
52.7109,160.4741,10.0,4.2,2
-17.2837,-178.5077,550.557,4.3,0
54.5532,-160.1187,35.0,4.0,1
2.1834,126.7417,46.517,4.6,3
18.55,-65.573666666667,34.27,3.18,1
52.2901,160.6074,10.0,4.3,2
52.8555,160.7567,10.0,4.5,2
52.7644,160.489,35.0,4.1,2
54.4843,-160.4626,9.865,2.5,1
-29.2558,-112.2399,10.0,5.2,3
53.0455,160.5656,35.871,4.3,2
52.7186,160.7976,10.0,4.2,2
54.6237,-160.3042,26.176,2.9,1
52.8952,160.5992,28.802,4.0,2
52.8182,160.7089,35.0,4.2,2
52.7614,160.9525,10.0,4.4,2
52.8687,160.6724,37.555,4.1,2
52.8481,160.7097,10.0,4.2,2
-0.0062,123.6712,139.433,4.5,3
52.9883,160.5348,10.0,4.8,2
52.6215,160.791,10.0,4.7,2
54.4786,-160.0194,11.591,2.5,1
52.6396,160.7409,10.0,4.4,2
52.8692,160.7137,10.0,4.7,2
54.4663,-159.8944,37.134,3.0,1
52.8795,160.7762,10.0,5.0,2
52.6012,160.941,10.0,4.3,2
52.8618,160.2283,29.095,4.0,2
52.5319,161.1206,10.0,4.3,2
51.4212,161.2622,10.0,4.2,2
52.0033,160.6563,10.0,4.1,2
52.7787,160.924,10.0,4.6,2
52.6742,160.6953,10.0,4.7,2
52.583,159.8435,35.0,4.6,2
52.8614,160.8778,29.485,4.6,2
52.4512,160.7626,10.0,4.7,2
52.9122,161.0131,10.0,4.8,2
52.6312,160.6671,30.242,4.5,2
52.9454,160.7222,38.568,4.6,2
52.6221,161.0414,10.0,4.8,2
52.6408,160.6954,10.0,4.7,2
52.9657,161.0597,10.0,5.9,2
54.5862,-159.9777,15.122,2.7,1
54.4431,-159.8604,34.169,2.9,1
52.8915,160.7461,34.991,6.5,2
52.4701,160.8263,35.0,4.8,2
52.8847,160.7586,10.0,5.3,2
52.7333,160.9824,10.0,5.7,2
54.5493,-159.9974,14.316,3.1,1
54.3762,-160.5511,17.477,2.7,1
54.47,-159.911,17.062,2.5,1
52.8415,161.0175,10.0,5.6,2
52.6981,160.8332,10.0,6.6,2
52.6878,160.4527,10.0,5.2,2
52.8221,160.7552,10.0,4.6,2
52.7286,160.5232,10.0,4.8,2
52.8032,160.7971,10.0,4.8,2
52.8616,160.7938,10.0,5.2,2
52.5592,160.812,10.0,5.3,2
52.6641,160.7552,10.0,5.6,2
52.8301,160.6816,34.0,7.4,2
54.5459,-159.6353,28.057,2.6,1
52.7983,160.5959,10.0,4.7,2
52.8563,160.7139,10.0,4.6,2
53.0009,160.6658,35.0,4.6,2
35.3231667,-117.8088333,6.81,2.94,1
52.846,160.9248,10.0,5.2,2
52.9286,160.6233,23.0,6.6,2
54.5599,-160.0281,27.891,2.6,1
54.4783,-160.5683,15.362,2.7,1
54.1196,-159.7853,10.0,3.4,1
-17.8384,-178.5596,571.749,4.1,0
-22.7672,169.973,10.0,4.7,3
52.9166,160.7435,19.179,5.0,2
54.2554,-159.7947,10.0,2.8,1
19.6495,121.5052,45.853,5.5,2
58.3823,-152.8277,54.7,2.5,1
13.2889,-90.9944,11.649,4.5,3
-7.8084,106.5239,41.991,4.2,3
-0.2772,132.4382,10.336,4.5,3
54.4532,-160.1311,35.0,3.2,1
54.5692,-160.1228,40.25,4.7,1
36.418,-120.3715,8.93,2.67,1
3.228,-31.277,10.0,4.5,3
54.5187,-160.1843,35.0,2.7,1
54.3755,-159.8323,35.0,2.5,1
-46.2484,-75.5636,10.0,4.5,3
54.2781,-159.8759,35.0,2.8,1
14.2514,-92.9837,10.0,4.2,3
54.5089,-159.7278,33.329,2.8,1
54.5098,-160.2791,35.0,3.0,1
28.8711,129.9377,10.0,4.5,2
51.2635,178.7688,20.643,2.9,2
54.5899,-160.2018,18.827,2.7,1
56.7331,-148.2429,10.0,2.7,1
8.2335,127.5108,10.0,4.7,3
40.4,-125.08133333333,9.89,2.77,1
-24.388,-176.0835,10.0,4.5,3
54.5458,-159.9476,24.893,2.7,1
54.483,-159.8446,28.096,2.7,1
39.538,-121.99816666667,24.88,2.51,1
54.537,-160.1747,26.619,2.9,1
54.6112,-160.0759,10.0,3.6,1
52.0022,177.5731,153.772,4.1,2
36.821,54.9294,10.0,5.1,2
8.2601,-102.9954,10.0,5.2,3
13.1425,-91.0373,10.0,4.4,3
54.2395,-159.9044,10.0,3.7,1
-15.2168,-173.3241,10.0,4.5,3
54.578,-160.5173,17.19,2.8,1
54.4934,-160.3134,35.0,3.0,1
-47.2566,165.9072,10.0,4.2,3
54.441,-159.5484,22.758,2.8,1
54.3902,-160.3655,35.0,2.8,1
60.9347,-146.9087,20.0,4.0,1
54.5652,-160.1664,20.227,3.5,1
37.0962,71.932,227.633,4.1,2
54.2305,-160.0089,35.0,2.7,1
54.615,-160.3866,35.0,3.2,1
54.5334,-159.8544,35.0,3.2,1
44.2153,-129.7914,10.0,3.3,1
35.89516667,-97.348,6.95,2.74,1
54.4513,-159.7905,25.565,2.8,1
54.4832,-160.1437,31.252,2.9,1
-6.1493,124.299,619.672,4.3,0
54.418,-160.1114,35.0,3.2,1
55.103,-160.9484,64.017,2.5,1
54.5754,-160.3273,25.069,2.9,1
1.2912,126.412,41.015,4.4,3
54.5017,-160.1161,35.0,3.4,1
8.4799,-103.746,10.0,4.4,3
54.5526,-160.1044,38.786,3.8,1
8.1924,127.5937,10.0,5.4,3
52.9111,-168.9161,31.915,2.9,1
54.4392,-160.3767,38.202,4.0,1
54.4701,-160.2162,28.217,2.5,1
-17.7248,167.3727,10.0,4.4,3
54.4817,-160.3309,22.422,2.8,1
8.3465,-103.0158,10.0,5.6,3
54.6147,-160.0256,19.036,3.1,1
8.515,-102.8357,10.0,5.4,3
8.5058,-102.8953,10.0,4.2,3
54.4794,-159.5321,33.067,3.4,1
8.4092,-103.1554,10.0,4.4,3
54.5954,-159.628,35.0,3.6,1
14.8244,-94.1944,35.789,4.5,3
54.5533,-159.6922,35.0,3.3,1
38.8185,-122.79783333333,3.56,2.76,1
54.4196,-160.259,14.406,2.6,1
54.4639,-159.8454,35.0,3.1,1
54.6407,-160.2425,24.264,3.0,1
54.4313,-160.1286,35.0,2.8,1
51.4931,-175.5516,35.0,3.0,1
33.0832,90.0677,10.0,4.5,2
49.3816,-120.0345,7.451,3.4,1
54.4929,-159.6848,19.427,3.0,1
-8.0385,107.9432,45.43,4.4,3
22.7856,141.806,255.551,4.2,2
54.2088,-159.9883,10.0,3.8,1
54.4508,-159.7818,35.0,3.8,1
54.387,-160.557,25.3,3.3,1
54.464,-159.9144,27.66,3.0,1
54.4746,-159.6765,24.868,4.1,1
47.7253,-128.7573,10.0,3.1,1
54.4969,-160.1684,35.0,3.0,1
54.1295,-159.968,10.0,2.9,1
17.800833333333,-67.4015,18.13,2.85,1
-0.677,123.2858,10.0,4.3,3
54.0611,-159.8434,10.0,3.1,1
54.4836,-160.0679,20.31,2.8,1
54.3745,-160.297,35.242,3.5,1
54.4846,-159.8182,21.383,2.9,1
54.4815,-160.1856,31.57,2.7,1
19.8204,121.3394,41.517,4.7,2
54.4781,-159.956,24.919,2.9,1
19.8034,121.1294,31.607,4.4,2
18.156,-68.6183,127.0,3.74,1
-2.2019,140.0112,10.0,4.0,3
54.453,-160.3825,22.007,2.7,1
54.3956,-163.5877,77.044,2.5,1
54.3275,-160.2571,35.0,2.5,1
-0.6856,123.1922,10.0,5.0,3
54.4405,-160.2405,35.0,2.5,1
54.4154,-159.9667,35.0,3.0,1
19.7893,121.3766,40.045,4.7,2
51.9896,-178.5877,168.359,3.8,1
-21.1742,-175.5954,125.013,4.5,3
54.379,-160.1302,15.002,2.9,1
54.4153,-160.1691,35.755,3.0,1
54.4405,-160.0785,35.952,3.1,1
54.4816,-159.7675,35.0,3.0,1
54.5549,-159.847,35.537,2.6,1
54.511,-160.1422,30.877,3.1,1
54.277,-159.724,10.0,2.9,1
-56.1936,-28.0196,118.051,5.0,3
54.3528,-159.9515,31.789,3.0,1
54.4765,-159.8006,25.725,3.1,1
54.3403,-160.223,29.538,2.8,1
54.4402,-159.9098,32.357,2.9,1
54.4849,-159.9499,17.371,2.8,1
54.5203,-159.8596,35.0,3.2,1
14.1868,-92.9772,10.0,4.9,3
52.4463,-171.7111,125.213,3.3,1
54.4254,-159.8342,35.0,2.9,1
54.5669,-159.7324,35.0,4.1,1
54.4994,-159.871,31.322,3.2,1
-33.5032,-72.1028,37.971,4.1,3
54.4379,-160.2246,35.0,2.7,1
54.4068,-159.7927,29.898,2.6,1
54.3419,-160.1346,35.0,2.7,1
54.431,-159.899,29.688,2.5,1
61.6829,-149.5429,35.3,2.5,1
61.684,-149.5468,35.0,2.7,1
-27.4168,-175.1232,10.0,5.0,3
19.8236,121.3136,28.962,5.3,2
54.3722,-160.4163,35.0,2.5,1
54.5142,-159.9442,30.252,3.0,1
54.5138,-160.089,35.0,3.1,1
41.2164,-116.7124,8.8,2.7,1
54.6234,-160.1684,35.0,2.7,1
54.4438,-160.3645,35.0,2.5,1
-10.5971,120.1706,10.0,4.2,3
-10.2276,-74.2575,10.0,4.3,3
54.4645,-160.2239,35.0,3.0,1
54.4628,-159.6357,16.503,2.7,1
54.4649,-159.8965,35.0,2.7,1
54.5116,-160.1413,21.401,2.8,1
54.5052,-160.44,34.493,2.7,1
19.042666666667,-68.196666666667,5.1,3.12,1
-10.6964,120.0078,18.58,4.2,3
26.0221,128.3885,10.0,4.3,2
54.6079,-160.5602,7.302,3.1,1
14.1458,-93.0676,10.0,4.9,3
17.907,-68.719,46.94,3.13,1
-24.9219,179.7411,526.029,4.2,0
54.523,-160.2686,23.151,3.1,1
54.6417,-160.0755,35.0,3.0,1
54.5356,-160.2671,20.226,3.3,1
26.1022,128.4489,10.0,4.5,2
54.4527,-160.2428,35.0,3.1,1
54.4307,-159.9697,28.128,2.7,1
54.5525,-159.8968,35.0,3.1,1
-19.2671,-177.6451,596.72,4.5,0
53.4457,-165.2018,35.0,3.4,1
54.4204,-160.0886,35.0,2.6,1
54.5201,-159.8565,31.93,3.0,1
54.4308,-159.9801,28.556,2.6,1
54.5885,-160.2631,18.106,2.9,1
51.7927,-176.6728,80.575,2.6,1
59.92,-152.3892,92.5,2.8,1
54.4687,-159.9286,44.578,4.3,1
18.651666666667,-66.942,14.37,2.57,1
36.4991,70.7453,232.514,4.2,2
54.4999,-160.1345,35.0,2.8,1
54.1635,-159.8448,10.0,3.4,1
-24.2488,-67.2783,179.176,4.4,3
54.5597,-160.5094,19.009,2.7,1
-3.5108,101.305,43.266,4.3,3
54.3283,-160.5645,35.0,2.8,1
54.4854,-159.8134,35.544,3.8,1
54.4913,-160.1869,33.802,2.7,1
54.5347,-160.4239,35.0,3.4,1
18.4616,-69.1676,150.053,3.4,1
-17.8095,168.1927,25.311,4.4,3
54.4171,-159.7378,35.0,2.9,1
54.4063,-160.1441,33.203,2.8,1
52.4249,152.3759,540.388,4.1,0
-17.7459,-177.0657,363.088,4.3,0
14.4103,147.169,10.0,4.4,2
54.3982,-160.4373,22.256,2.7,1
15.2099,55.7074,10.0,4.4,3
41.8991,-119.607,4.9,3.2,1
54.5314,-160.0035,14.826,2.8,1
54.5087,-160.0146,30.955,3.4,1
2.1265,126.699,50.669,4.7,3
-19.8195,169.8249,10.0,4.6,3
67.492,-161.4297,1.7,2.5,1
-56.9407,-67.1374,10.0,4.6,3
54.5069,-159.9209,31.007,3.1,1
54.6287,-160.4554,14.66,2.8,1
42.279,144.4235,50.648,4.2,2
-27.8088,-66.3085,143.072,4.7,3
54.567,-160.227,35.0,3.1,1
37.2845,71.166,104.277,4.4,2
54.6084,-159.9766,17.938,2.8,1
43.8837,-105.2316,0.0,2.9,1
54.5031,-159.8533,35.0,3.0,1
54.5161,-159.6651,35.0,2.6,1
54.5046,-159.8339,17.112,2.7,1
53.4826,-163.5688,10.0,2.5,1
-51.5341,138.8301,10.0,4.5,3
-6.546,130.1043,157.368,4.2,3
54.3949,-160.4587,26.002,2.9,1
-5.5697,147.1227,181.98,4.7,3
14.6649,56.4839,10.0,4.3,3
54.6205,-159.9242,18.422,2.7,1
44.1072,-105.4441,0.0,3.1,1
28.2227,139.1995,520.38,3.6,0
-13.2903,167.002,206.545,4.4,3
54.5038,-160.1947,20.909,2.6,1
6.3234,126.8352,114.979,4.4,3
54.3415,-160.0486,35.0,2.6,1
54.4696,-159.897,35.0,2.7,1
54.5126,-160.281,35.0,2.6,1
-5.0562,151.1592,141.886,4.2,3
8.6469,58.5561,10.0,4.1,3
54.4389,-160.2485,34.755,2.8,1
54.4014,-160.1301,31.506,2.6,1
51.8039,-173.4178,59.616,3.0,1
-23.1187,172.1235,10.0,5.3,3
-19.0942,169.6384,10.0,4.2,3
14.6227,55.9407,10.0,5.2,3
54.5416,-160.1018,35.0,2.9,1
-38.691,177.2285,47.612,4.4,3
54.4426,-160.1824,35.0,2.5,1
54.6645,-159.9953,30.617,3.2,1
54.5722,-160.0975,26.254,3.1,1
51.2305,-175.0548,14.852,3.0,1
9.4795,-84.2616,10.0,4.0,3
51.1968,-175.0223,18.416,2.9,1
-19.1082,169.6775,10.0,5.1,3
54.598,-160.1728,11.609,2.9,1
54.5838,-159.8378,26.262,2.7,1
51.2673,-175.0737,22.169,3.0,1
-14.7822,167.3962,132.752,4.5,3
33.071,131.4406,102.665,4.5,2
54.5353,-160.0433,35.507,3.1,1
54.5492,-160.3304,35.241,2.9,1
-22.8178,-68.4882,110.59,4.2,3
22.6707,95.9569,10.0,5.1,2
27.7547,139.7373,490.607,5.1,0
54.495,-160.1118,36.433,3.4,1
-4.0203,129.6601,103.71,4.3,3
54.544,-159.9593,30.524,3.1,1
19.050833333333,-66.484333333333,15.42,3.24,1
54.5189,-159.8996,35.0,3.2,1
54.5171,-160.0244,10.0,3.1,1
54.542,-160.5768,15.513,2.9,1
54.3992,-160.5579,19.896,2.6,1
54.4915,-159.8717,35.0,3.4,1
54.5363,-160.108,30.854,3.0,1
54.5485,-160.0891,35.0,3.0,1
13.1257,-91.0028,10.0,4.4,3
54.4896,-160.5815,11.583,2.6,1
54.618,-160.6197,10.185,3.0,1
-23.6893,179.9095,514.058,4.5,0
54.5232,-159.9425,19.456,2.6,1
13.0165,-90.9706,10.0,5.1,3
9.5752,93.5098,107.569,4.2,3
8.4441,58.5586,10.0,5.3,3
51.2892,-176.2402,35.0,2.5,1
8.655,58.5807,10.0,4.3,3
51.3337,-178.2005,41.977,3.6,1
8.5741,58.4158,10.0,4.4,3
54.3467,-160.5578,10.0,2.6,1
-15.0289,-177.5036,10.0,4.6,3
8.2715,58.4983,10.0,5.0,3
36.8773,54.8561,10.0,4.6,2
54.7217,-159.9739,20.362,2.7,1
54.5683,-159.8815,35.0,2.6,1
54.7728,-160.0837,9.51,2.6,1
54.5596,-160.2702,26.211,2.9,1
54.4644,-160.0954,35.0,2.9,1
54.4792,-159.9752,15.524,2.6,1
51.8313,-164.7966,10.0,3.0,1
54.5533,-160.2105,27.735,2.7,1
4.5776,125.015,10.0,4.5,3
54.3615,-160.3673,35.0,2.8,1
54.4047,-160.1294,35.0,3.5,1
59.5123,-151.9679,71.2,2.7,1
54.591,-160.3942,35.0,3.3,1
-12.4119,166.4326,35.0,4.9,3
54.4647,-160.0365,35.0,3.1,1
54.5633,-159.7255,29.123,3.0,1
54.5389,-159.8307,31.05,3.1,1
-24.5576,-179.7019,479.142,4.5,0
54.4695,-160.0008,35.0,3.0,1
54.4792,-160.2951,35.0,3.4,1
54.6146,-160.4023,35.0,3.8,1
54.5747,-159.8835,35.0,2.9,1
54.4706,-159.8605,27.731,2.7,1
54.4064,-160.1717,35.0,2.7,1
54.5183,-160.2161,18.84,2.7,1
54.496,-160.0859,35.0,3.7,1
54.404,-160.1226,35.0,2.7,1
54.4837,-159.9808,35.0,2.9,1
54.439,-159.7289,35.0,2.9,1
54.5249,-160.1217,35.0,2.9,1
-9.8339,114.1307,36.132,4.2,3
-7.2759,130.1164,38.596,4.3,3
54.3318,-159.8772,26.319,3.2,1
54.5506,-160.1618,29.084,4.4,1
-1.9653,117.4942,10.0,4.6,3
54.4986,-159.7547,25.963,2.6,1
54.344,-160.0368,35.0,2.8,1
54.3852,-160.3327,35.0,3.0,1
54.537,-159.8538,18.645,2.6,1
35.3198333,-117.8145,7.09,3.11,1
54.4336,-160.145,35.0,3.0,1
54.4623,-160.0293,35.177,3.0,1
54.526,-160.1024,24.159,3.3,1
-15.1561,-173.9983,60.94,4.4,3
54.3081,-160.0571,35.7,3.1,1
54.3914,-159.843,35.0,3.0,1
54.2163,-160.4235,34.944,3.0,1
54.3727,-159.9186,33.552,3.0,1
54.5339,-160.1405,10.807,3.1,1
54.4592,-160.0254,30.265,3.2,1
54.4883,-160.2974,11.435,2.7,1
54.4663,-160.3163,16.425,2.8,1
54.4922,-159.5969,30.734,2.5,1
54.4885,-159.9277,36.7,3.3,1
54.4197,-160.0294,35.0,3.1,1
54.4717,-159.9055,35.0,3.1,1
-24.2908,-69.552,83.535,5.1,3
17.893833333333,-65.551166666667,36.3,2.65,1
54.5431,-160.1738,35.0,3.0,1
54.5009,-160.2199,23.516,3.0,1
54.6237,-160.0872,28.982,2.8,1
52.2828,-165.3849,10.0,2.8,1
54.2648,-159.9258,30.528,3.8,1
54.4797,-160.273,35.005,4.0,1
51.6696,178.2717,70.869,3.2,2
54.5262,-159.7453,28.104,3.0,1
32.312,-101.851,5.6396,2.5,1
54.6111,-160.0237,27.798,3.4,1
18.249,-67.078166666667,27.12,3.22,1
54.4166,-160.2807,29.668,3.4,1
41.1224,143.0732,33.402,4.2,2
-0.1668,99.3304,65.856,5.2,3
54.4485,-159.9426,26.745,2.8,1
54.3975,-160.1953,35.0,2.8,1
54.3718,-160.0267,26.33,2.8,1
54.49,-159.8859,26.365,2.5,1
41.2125,142.9725,45.06,4.8,2
54.5584,-160.5761,15.474,3.0,1
54.2461,-160.0439,31.246,3.1,1
54.5944,-160.1164,35.0,3.0,1
54.4521,-160.2029,35.0,2.7,1
54.4301,-159.9283,26.802,2.9,1
-29.2135,-13.6651,10.0,4.9,3
54.9564,-156.255,27.9,3.1,1
54.4306,-160.0603,35.0,2.5,1
54.5075,-160.1097,35.0,3.4,1
54.2195,-159.842,28.18,3.2,1
54.4474,-159.889,34.089,3.0,1
54.3791,-160.0629,35.0,2.5,1
-35.0456,-178.4819,10.0,4.5,3
-6.6323,129.939,125.45,4.8,3
54.4975,-159.6856,35.0,4.1,1
54.5903,-159.8804,15.478,2.5,1
54.5087,-160.1989,35.0,3.1,1
54.3946,-160.4685,35.0,2.8,1
54.5924,-159.9742,35.0,2.7,1
54.5033,-159.9855,35.0,2.5,1
54.5965,-159.8864,35.0,2.8,1
-62.5712,166.9254,10.0,5.1,3
54.5275,-160.1946,35.0,2.8,1
54.5482,-160.1427,35.0,2.8,1
54.417,-160.0495,35.0,3.2,1
54.4292,-160.4821,35.0,2.8,1
54.3205,-160.4256,35.0,3.0,1
54.4423,-160.0475,35.0,3.0,1
62.1658,-165.0905,18.5,2.6,1
54.2925,-159.76,35.0,2.7,1
51.58,-179.9725,78.551,2.9,1
54.5214,-159.9875,35.0,2.9,1
54.4099,-159.8399,35.0,2.9,1
53.1912,-161.7606,10.0,3.2,1
54.4744,-160.2695,35.0,2.8,1
54.4384,-159.8475,35.0,3.3,1
54.4957,-160.1632,35.0,3.5,1
44.328,-114.9825,10.0,2.6,1
54.2889,-160.0745,35.0,2.8,1
54.5304,-160.168,35.0,2.7,1
44.3205,-115.0293,10.0,2.7,1
54.4508,-159.7577,35.0,2.6,1
54.2991,-160.0057,35.0,2.6,1
54.5586,-159.7762,35.0,3.0,1
-21.1421,-179.0095,638.859,4.7,0
54.4917,-160.0953,35.0,3.3,1
37.170833333333,-121.19116666667,1.27,2.53,1
54.3651,-160.1087,35.0,2.7,1
54.5303,-159.9145,35.0,2.8,1
54.6025,-160.0086,35.0,2.8,1
54.4538,-160.1518,35.0,2.7,1
54.4825,-159.9779,35.0,3.3,1
54.4731,-159.9394,35.0,2.7,1
54.4515,-160.4189,35.0,2.8,1
54.4693,-160.2068,35.0,2.7,1
54.3487,-160.002,35.0,2.9,1
54.3305,-159.7619,33.692,2.9,1
-23.9969,-66.7009,196.538,4.4,3
54.4799,-159.9228,35.0,3.4,1
54.5068,-159.7158,27.172,3.3,1
54.559,-160.1643,32.909,2.6,1
54.417,-159.8696,14.921,2.5,1
-9.6951,122.1727,66.901,4.2,3
54.5646,-160.0007,22.628,3.1,1
54.4728,-160.0397,22.184,2.6,1
54.5126,-160.1279,38.279,2.8,1
54.5223,-160.3942,19.616,2.9,1
54.552,-160.2013,18.484,3.2,1
54.4717,-160.2621,19.1,3.0,1
54.489,-159.7922,35.0,2.9,1
54.5305,-160.1512,19.452,2.8,1
54.541,-159.944,27.575,3.2,1
54.4101,-160.3472,35.324,3.2,1
54.6258,-160.5283,10.42,3.1,1
54.5824,-160.5852,11.559,2.9,1
-6.0852,142.6566,10.0,4.9,3
54.4753,-160.4858,10.0,2.6,1
54.5487,-160.3023,10.896,3.0,1
54.6081,-160.2113,38.595,3.0,1
54.5912,-160.4319,18.232,2.9,1
54.435,-160.0721,12.098,2.9,1
54.4381,-159.8903,16.138,3.5,1
54.4688,-160.1312,35.0,3.6,1
54.66,-160.3371,7.427,2.8,1
54.6045,-160.2076,23.871,3.1,1
54.5743,-160.5021,14.888,2.7,1
54.6055,-160.4527,15.323,2.8,1
39.1529,-119.0613,11.1,3.5,1
54.4987,-160.0057,22.624,2.9,1
54.4069,-159.5414,10.0,2.8,1
-20.429,-178.6419,599.311,4.3,0
54.5393,-159.6102,27.634,3.0,1
55.5398,-158.5842,21.6,2.6,1
54.6121,-160.3322,17.623,2.9,1
54.6556,-160.1886,19.873,2.6,1
18.201333333333,-67.464,13.9,2.57,1
1.0899,122.0734,55.736,4.2,3
54.4562,-160.2497,10.0,2.7,1
54.4912,-160.0621,32.566,2.9,1
54.5932,-160.4505,18.918,2.8,1
54.5531,-160.0027,24.13,2.8,1
54.4762,-160.2691,11.062,2.5,1
54.5689,-159.8463,35.0,2.8,1
54.539,-160.0858,35.0,3.7,1
-20.4628,-178.2959,561.719,4.8,0
-10.1195,119.1925,24.0,5.6,3
54.5647,-160.5293,16.784,2.8,1
54.5215,-160.1558,24.588,2.9,1
54.4443,-160.1844,34.786,2.6,1
54.471,-159.9145,35.0,2.9,1
54.5733,-160.3123,15.972,2.7,1
54.6003,-160.1806,16.219,2.8,1
54.5283,-160.4068,13.155,2.8,1
54.5141,-160.1131,10.195,2.7,1
25.7982,125.8179,88.955,4.8,2
54.4756,-160.3621,16.521,2.5,1
-24.2938,-175.6366,37.867,5.0,3
54.5818,-159.9705,35.0,3.1,1
-23.8696,170.2865,10.0,4.6,3
54.522,-160.1338,13.645,2.9,1
23.3928,94.3928,93.83,4.6,2
54.5069,-160.1762,35.0,2.7,1
54.441,-159.7589,18.54,2.9,1
54.5235,-159.6828,30.579,3.9,1
54.4496,-159.8716,34.515,3.0,1
54.5268,-159.8224,24.108,2.9,1
54.4821,-160.2336,20.548,2.7,1
54.5118,-160.0319,29.708,2.9,1
-24.2993,-175.7043,31.869,5.1,3
54.5975,-160.2326,35.0,3.1,1
54.6479,-160.227,20.171,3.0,1
54.4586,-159.6487,34.814,2.9,1
54.5715,-160.1116,35.847,4.4,1
54.3704,-159.9762,33.456,3.8,1
54.4104,-160.0488,34.872,2.9,1
54.4192,-160.3098,36.651,3.3,1
54.4994,-160.0237,27.54,2.8,1
2.7147,-31.2289,10.0,4.5,3
54.4231,-159.7891,24.221,4.2,1
54.4762,-160.2964,15.478,2.8,1
54.4491,-159.8745,31.514,3.0,1
-7.5571,125.8132,337.207,4.0,0
54.6625,-160.1195,17.339,2.8,1
36.1881,69.0821,10.0,4.7,2
28.117,140.6942,184.387,4.3,2
54.6123,-160.4286,20.31,2.9,1
54.5569,-160.018,32.193,3.6,1
54.5694,-160.246,29.212,2.7,1
54.5953,-160.4591,10.321,2.8,1
54.4963,-160.1667,9.777,2.9,1
54.5027,-159.974,35.0,2.9,1
54.5295,-160.2222,36.311,2.9,1
54.578,-159.8249,24.998,3.0,1
54.3759,-160.0507,30.991,2.7,1
54.4714,-159.9748,35.0,3.5,1
54.4182,-159.91,15.339,3.6,1
54.4458,-160.1031,39.1,3.9,1
54.54,-159.9797,21.07,2.6,1
54.2412,-159.8322,10.0,2.8,1
54.6109,-160.2309,26.576,2.7,1
54.4643,-159.8534,35.092,2.9,1
51.755,179.38,94.036,2.7,2
51.2764,-176.5062,35.0,2.6,1
54.5072,-160.268,35.0,3.0,1
54.332,-160.1435,35.0,2.9,1
54.5807,-160.2324,17.823,2.8,1
54.6115,-160.1446,16.345,2.7,1
54.5313,-160.1088,35.0,3.0,1
54.5626,-160.0525,10.634,2.8,1
59.8324,-152.9858,97.7,2.8,1
54.6477,-160.0451,15.573,2.8,1
54.5053,-159.8304,35.228,4.2,1
54.5256,-160.1121,40.786,4.2,1
54.5352,-159.8974,29.145,3.4,1
54.5213,-159.9896,22.538,3.0,1
54.5764,-160.297,24.288,3.0,1
54.72,-159.6207,37.717,2.7,1
54.4903,-160.106,35.0,2.7,1
54.2262,-159.8465,10.0,2.8,1
54.5684,-160.2324,19.812,3.1,1
54.4443,-160.2419,18.71,2.6,1
54.6024,-160.3096,35.0,3.8,1
54.4307,-160.2155,16.777,2.7,1
54.5012,-160.1181,35.0,5.6,2
54.471,-159.7999,16.089,2.7,1
54.5969,-159.737,21.426,2.8,1
54.5241,-160.2109,25.321,2.7,1
54.5852,-159.9017,35.0,3.1,1
54.5199,-159.9284,40.907,4.2,1
54.4842,-160.3556,18.361,2.9,1
54.4181,-160.2007,35.0,3.3,1
54.5841,-160.4831,13.491,2.8,1
54.4555,-160.119,35.0,3.1,1
54.44,-160.098,49.646,3.3,1
-15.0451,167.7254,121.813,4.1,3
54.569,-160.0466,19.217,2.7,1
54.5856,-160.3171,12.16,2.7,1
54.5123,-160.5194,35.0,3.2,1
54.6732,-160.3373,10.0,3.0,1
54.5799,-160.2033,10.0,2.9,1
54.5682,-160.0388,35.0,2.9,1
54.4964,-160.053,32.25,3.8,1
54.5263,-160.0636,35.0,3.4,1
54.6009,-160.2833,22.554,3.0,1
54.6485,-160.3326,7.362,2.9,1
54.5979,-160.0906,17.983,2.9,1
54.3751,-159.8531,28.421,3.2,1
54.5018,-160.3698,17.732,3.2,1
54.4422,-159.7016,10.0,3.9,1
54.4742,-160.2889,11.426,2.9,1
54.5596,-160.1788,21.556,2.5,1
54.5602,-159.727,19.989,3.1,1
-5.707,146.2903,42.073,4.2,3
54.5988,-160.3619,15.487,2.9,1
54.612,-160.3197,10.274,2.8,1
54.5154,-160.3205,14.592,3.0,1
54.5749,-160.0505,35.0,3.2,1
54.4245,-159.9283,35.0,3.5,1
54.6962,-160.102,35.0,3.1,1
54.6162,-160.0357,35.0,5.2,2
54.6344,-160.5807,7.93,3.1,1
54.6046,-160.0027,19.22,3.0,1
54.5731,-159.661,22.521,3.1,1
54.3345,-160.7831,30.608,2.5,1
54.5971,-160.2928,13.735,3.1,1
54.4642,-160.4495,18.137,2.9,1
54.34,-160.0664,35.0,2.6,1
-3.2815,140.9983,10.0,4.1,3
54.4544,-159.771,10.0,3.6,1
54.5345,-160.2107,15.373,3.1,1
54.3922,-159.996,35.0,3.1,1
54.505,-160.0155,10.0,3.1,1
54.1292,-160.0184,10.0,2.5,1
54.4199,-160.3199,35.0,2.9,1
54.5637,-160.382,14.185,2.9,1
54.4527,-160.1923,38.355,3.7,1
54.5379,-160.5702,14.371,2.9,1
54.5388,-160.3422,18.028,3.3,1
54.576,-160.3758,18.59,3.5,1
54.5747,-160.2217,36.468,5.1,2
54.586,-160.1821,28.584,3.4,1
54.6066,-160.3477,19.406,2.9,1
54.5068,-159.8053,35.0,3.0,1
54.5458,-159.9651,35.0,3.0,1
54.5514,-159.9746,35.0,3.1,1
54.5892,-160.0078,23.848,2.9,1
54.63,-160.5486,13.542,2.7,1
54.4882,-159.8942,25.213,3.2,1
54.4613,-160.0262,35.0,3.0,1
54.5926,-160.2022,40.705,4.4,1
54.6427,-160.0571,28.245,3.2,1
54.6613,-159.9094,15.294,3.2,1
54.4377,-160.0625,35.0,2.5,1
54.0556,-163.6168,35.0,2.6,1
54.5599,-159.8372,34.724,3.6,1
54.5539,-160.4246,35.0,2.8,1
-18.9684,167.5432,10.0,4.9,3
54.458,-160.4158,35.0,3.5,1
54.466,-159.8209,22.654,4.4,1
54.3927,-159.9152,29.849,2.5,1
54.327,-160.0252,35.0,3.2,1
54.4458,-160.2102,35.0,2.9,1
54.1652,-159.5765,10.0,2.9,1
54.5717,-160.1603,10.0,3.0,1
54.2705,-160.2822,21.9,2.6,1
54.6279,-160.184,21.051,3.0,1
54.2413,-160.1974,32.641,2.5,1
54.5655,-160.2447,17.015,3.0,1
9.2857,94.2457,10.0,4.3,3
54.5739,-159.9549,27.033,2.9,1
19.2965,145.452,172.446,4.3,2
54.7177,-160.1279,13.815,2.9,1
54.4729,-160.2692,17.005,2.6,1
54.592,-159.9344,21.537,3.0,1
54.473,-160.1445,35.0,2.6,1
54.5902,-160.1205,30.019,2.7,1
54.5327,-160.0215,10.0,2.9,1
54.5473,-160.1622,21.472,2.6,1
54.5442,-159.7054,37.837,3.9,1
54.5132,-160.2302,35.0,3.9,1
54.4556,-160.0428,35.0,3.2,1
54.4859,-160.1038,27.097,3.0,1
54.5048,-160.108,35.0,3.2,1
54.5731,-160.1906,26.426,3.0,1
54.5227,-159.9857,35.0,3.1,1
54.4842,-159.9533,25.238,2.8,1
54.4683,-159.9886,18.694,3.5,1
54.3245,-159.8103,29.627,3.1,1
54.4684,-159.8958,35.0,3.5,1
54.4564,-159.9709,35.0,3.1,1
54.459,-160.76,10.0,3.3,1
54.4175,-160.1238,18.782,3.2,1
54.4456,-159.9294,35.0,3.1,1
54.5034,-159.8809,31.966,2.9,1
54.4234,-159.9423,35.0,3.0,1
54.4285,-159.9134,35.0,3.0,1
51.9181,-173.3161,35.0,2.6,1
54.5798,-160.5293,16.813,2.9,1
54.5838,-160.2929,35.0,2.8,1
54.5238,-159.9454,28.815,3.4,1
54.5847,-159.8738,27.962,3.4,1
-37.7369,-73.9014,19.885,4.1,3
54.5375,-159.8895,35.0,3.2,1
54.5752,-160.1982,30.304,3.3,1
54.4227,-160.3031,23.867,3.2,1
54.4117,-160.0042,35.0,2.7,1
54.4921,-160.001,35.0,2.7,1
9.4441,93.9067,10.0,4.2,3
54.5437,-160.2353,18.232,2.9,1
54.5449,-160.5075,13.199,2.9,1
54.5584,-160.4282,13.443,3.0,1
54.6312,-159.9816,22.371,3.4,1
54.4175,-160.3575,35.0,2.8,1
54.438,-160.1516,31.769,3.2,1
54.5784,-160.3587,16.985,2.9,1
54.413,-160.0371,29.724,2.8,1
54.4809,-160.2649,35.0,2.7,1
54.63,-160.3147,6.197,3.1,1
54.439,-159.8487,34.97,2.8,1
54.7837,-160.2681,4.55,2.9,1
54.6132,-159.5519,32.714,2.8,1
54.5987,-159.9856,21.686,3.0,1
36.4676,-112.2952,13.959,2.6,1
54.5182,-159.7927,27.154,2.9,1
54.6161,-159.8739,47.136,4.4,1
54.4227,-160.0084,33.419,2.8,1
51.5918,-175.2628,33.506,3.0,1
54.5936,-160.3073,35.0,3.6,1
54.4474,-159.9761,21.199,3.3,1
54.5042,-159.8669,31.886,3.3,1
54.5387,-160.3234,13.993,2.9,1
54.5245,-160.1727,23.829,3.0,1
54.4278,-160.1777,35.0,3.7,1
54.4792,-159.8743,26.285,2.9,1
54.4719,-159.8452,36.302,3.9,1
54.6575,-160.1088,22.98,3.5,1
54.4985,-160.4633,35.0,2.8,1
54.4505,-159.5663,35.0,3.0,1
54.4476,-160.0826,35.0,2.7,1
54.4764,-160.1153,35.0,2.9,1
54.4639,-160.2692,35.0,2.9,1
54.528,-160.1234,26.244,2.9,1
54.5321,-160.205,17.831,3.0,1
54.629,-160.3829,10.0,3.0,1
54.5811,-160.1003,28.252,2.5,1
54.5696,-159.8641,22.423,3.1,1
54.6557,-160.0003,11.404,3.3,1
54.2873,-160.2233,35.0,3.2,1
54.4357,-160.1583,20.875,5.2,2
54.5047,-159.8347,33.397,4.4,1
54.4643,-159.8395,36.259,4.2,1
54.4812,-160.1805,36.254,3.6,1
54.1452,-160.3511,35.0,3.5,1
54.4891,-160.3484,35.947,3.3,1
54.53,-160.4947,12.859,2.9,1
54.5375,-160.3916,35.0,3.3,1
54.6022,-160.1568,15.621,3.4,1
54.4223,-160.0319,35.0,3.1,1
54.5694,-160.2531,27.188,2.9,1
54.3775,-160.4915,11.574,2.9,1
54.5752,-160.3304,10.801,3.0,1
54.5977,-160.2839,10.0,3.0,1
54.7365,-160.1698,18.22,2.8,1
54.47,-160.3788,12.458,3.1,1
54.3343,-159.858,28.452,3.4,1
54.4974,-160.4104,17.259,3.7,1
54.5044,-160.051,25.446,4.4,1
54.6258,-159.8562,18.996,2.9,1
54.5233,-160.2474,16.819,3.8,1
54.4499,-160.2244,27.603,3.1,1
54.3724,-160.1062,31.436,3.1,1
54.5945,-160.5204,10.0,2.9,1
54.571,-159.9778,32.484,3.9,1
54.5052,-159.8552,35.001,3.2,1
54.4454,-160.3182,19.807,4.5,1
54.6479,-160.2117,23.48,4.2,1
54.4265,-160.4036,28.447,3.5,1
54.4335,-160.0759,35.0,3.6,1
54.5066,-160.616,35.0,3.3,1
54.6151,-159.8565,18.368,3.0,1
54.5645,-159.8742,38.316,4.0,1
54.4954,-160.2921,16.595,3.1,1
54.3943,-160.0397,29.832,2.9,1
54.6443,-160.2589,15.811,3.0,1
54.6015,-160.2532,13.897,3.0,1
54.5777,-160.2674,22.96,2.9,1
54.5899,-160.0632,35.075,2.9,1
54.4434,-160.0859,34.597,3.4,1
54.459,-159.6977,33.217,4.1,1
54.5762,-159.9767,30.235,3.6,1
54.5264,-160.4271,35.0,3.4,1
54.5394,-160.1504,32.407,3.1,1
54.4654,-159.8389,25.358,3.1,1
54.5543,-160.4894,17.022,3.2,1
54.4647,-160.0576,23.852,4.3,1
54.5475,-160.2015,23.175,4.3,1
54.3779,-160.1077,35.0,3.9,1
54.6002,-160.0429,9.813,3.2,1
54.3452,-160.0556,33.591,3.1,1
54.5118,-160.318,18.803,4.4,1
54.6579,-160.4966,10.081,4.0,1
54.5904,-160.2783,4.828,2.7,1
54.546,-160.3731,18.816,3.1,1
54.6334,-160.5009,9.74,2.9,1
54.5897,-159.9828,24.398,3.3,1
54.4346,-159.9709,33.483,3.0,1
54.626,-160.3044,26.694,3.1,1
54.5581,-160.8211,10.067,2.8,1
54.7297,-159.4826,33.047,3.2,1
54.3978,-160.1437,35.0,3.2,1
54.5378,-160.0731,10.802,3.5,1
54.6448,-160.383,20.197,3.4,1
54.5035,-160.2417,35.0,3.4,1
54.5273,-160.0566,24.659,3.3,1
54.2697,-159.8795,35.0,3.2,1
54.4787,-159.6669,25.956,3.0,1
54.4911,-159.9346,35.0,3.2,1
54.7547,-160.4441,35.0,3.2,1
31.2531,130.0771,185.884,4.0,2
54.5083,-160.1291,35.0,3.4,1
54.4232,-160.041,35.0,3.2,1
54.4103,-160.9885,7.905,3.5,1
54.5948,-160.3085,36.939,3.3,1
54.4039,-159.9474,27.443,3.1,1
54.5651,-159.8926,35.0,3.6,1
54.6237,-159.8593,24.203,3.5,1
54.4596,-160.1162,35.0,3.6,1
54.4675,-160.123,35.0,3.7,1
54.4779,-159.951,27.614,3.4,1
54.4899,-159.9242,35.782,3.2,1
54.492,-160.1889,35.0,3.8,1
54.474,-160.2867,23.119,4.2,1
32.412,-102.143,8.8135,2.5,1
54.5663,-160.1797,35.0,4.3,1
54.4137,-160.2245,38.451,3.7,1
54.5973,-159.8086,43.905,5.4,2
54.5652,-160.4689,38.0,7.3,2
24.309,124.949,35.0,4.2,2
43.8341,-105.3346,0.0,3.1,1
19.116166666667,-66.474,34.76,3.05,1
0.0511,123.3452,140.121,4.5,3
-53.9769,-1.7298,10.0,4.5,3
-29.7141,-13.6047,10.0,4.6,3
-17.2873,-177.093,383.261,4.6,0
19.253333333333,-155.377,3.42,2.53,1
-7.3356,127.6745,10.0,5.0,3
51.3726,-177.9151,57.269,3.4,1
52.1732,-173.3679,69.829,5.0,2
-6.0988,130.9364,123.502,4.1,3
33.5787,141.861,10.0,4.3,2
-14.8495,-70.6926,199.908,4.3,3
19.0925,-155.36066666667,33.13,2.97,1
19.2555,-155.3775,3.92,2.53,1
-59.7372,-26.4457,98.872,5.2,3
32.5133,137.4909,379.239,4.3,0
-28.1395,-70.8273,60.1,4.7,3
51.6082,-177.0465,69.28,2.5,1
12.8638,48.7384,10.0,4.4,3
-37.9039,-73.6818,16.673,4.1,3
19.5495,-64.4043,36.0,3.72,1
-9.6313,125.0453,10.0,4.1,3
-21.4276,-68.6174,126.387,4.2,3
56.1522,-149.061,10.0,3.4,1
51.3883,178.7449,35.0,2.9,2
-27.416,-177.087,74.662,4.4,3
48.1271,154.4595,42.831,4.8,2
83.339,-32.3826,10.0,4.0,2
83.2412,-32.7761,10.0,4.3,2
52.873,-174.2824,193.499,3.1,1
9.3115,94.1776,10.0,4.4,3
41.2072,-116.7265,6.9,2.5,1
41.1963,-116.7252,8.2,3.1,1
52.5875,-174.2611,199.562,3.4,1
29.3758,129.4362,10.0,4.5,2
29.2994,129.3616,10.0,4.6,2
17.959,-65.693166666667,7.61,2.86,1
17.964666666667,-65.7155,4.36,2.75,1
19.160166666667,-155.50016666667,31.76,3.04,1
0.1654,121.7758,204.055,4.1,3
51.6108,178.6221,74.345,2.7,2
34.518,-118.9365,0.17,2.66,1
63.8169,-148.9642,0.6,2.7,1
5.6485,61.4693,10.0,4.2,3
51.3503,-176.2513,35.0,3.3,1
42.0602,139.5657,190.876,4.6,2
17.9395,-65.704166666667,9.62,2.73,1
63.8264,-148.9729,2.4,2.6,1
42.4627,72.3418,10.0,4.2,2
29.277,129.5242,10.0,4.3,2
18.4277,120.7461,43.148,4.5,2
32.9076,-109.6119,0.0,2.6,1
3.1981,127.0838,35.0,4.4,3
-55.9542,-27.8536,111.301,4.2,3
13.1253,144.6479,64.001,4.8,2
-24.31,-67.2445,187.979,4.5,3
-6.1833,142.3374,10.0,5.2,3
22.0738,96.1641,10.0,4.9,2
-22.2697,-66.1409,238.209,4.2,3
51.0322,-179.9359,35.0,2.6,1
31.65,-104.426,5.6384,2.7,1
-21.7679,-176.6199,199.014,4.2,3
51.6585,176.339,35.0,3.7,2
39.598666666667,-93.386166666667,8.24,2.53,1
-18.0509,-178.4464,629.783,4.8,0
35.2821667,-118.464,6.46,2.64,1
52.2492,-170.4677,35.0,2.5,1
-3.4576,129.2547,53.948,4.3,3
19.666666666667,-64.8745,20.81,3.28,1
83.2703,-33.136,8.0,5.8,2
29.3123,129.4541,10.0,4.9,2
-10.9536,165.5544,10.0,4.1,3
40.463,-125.89216666667,10.0,2.75,1
60.2283,-153.3005,132.6,3.4,1
38.7751,70.4663,10.0,4.2,2
40.385,-126.046,10.0,3.1,1
0.2595,126.0832,44.422,4.5,3
-10.6787,110.1796,10.0,4.2,3
29.8146,98.7907,10.0,4.1,2
36.4413,140.6382,50.873,4.9,2
21.7114,121.0085,10.0,4.8,2
61.5786,-150.6132,64.1,2.7,1
29.2813,129.4995,10.0,4.5,2
-19.1652,-177.1744,335.954,4.4,0
19.162333333333,-155.50233333333,31.63,2.94,1
39.2201,-99.4601,11.695,3.0,1
-18.6787,65.6682,10.0,4.4,3
-5.5813,146.9977,206.732,4.3,3
63.1067,-149.4391,82.5,3.0,1
-17.4423,-71.2192,86.241,4.1,3
-18.6471,65.3925,10.0,4.7,3
19.159333333333,-155.5055,31.43,2.77,1
-30.0661,-177.9432,48.15,5.7,3
-18.7291,65.5576,10.0,4.6,3
17.950666666667,-66.979333333333,6.99,2.54,1
32.069,-103.726,6.8817,3.5,1
51.376,-176.012,19.077,2.7,1
-8.3553,116.017,10.0,4.5,3
53.6598,-166.9808,100.208,3.6,1
36.739,54.7048,10.0,4.6,2
9.4361,94.1008,10.0,4.3,3
-8.8999,-79.3322,56.381,4.4,3
51.1279,179.3277,20.536,3.1,2
54.7865,-156.533,25.6,2.8,1
-16.8565,-173.4989,39.87,4.3,3
19.4056,-64.7958,37.0,3.85,1
61.9604,142.1841,10.0,4.2,2
-20.5026,-174.28,35.0,5.0,3
18.3736,145.9056,185.544,4.3,2
29.3332,129.4346,10.0,5.2,2
4.1895,126.5775,35.0,4.5,3
-10.375,161.5426,67.9,4.2,3
-22.5347,-174.6256,10.0,4.9,3
18.1482,120.6989,50.0,5.4,2
19.652,-66.1565,37.0,3.48,1
-2.6246,129.5177,10.0,4.4,3
28.751,-98.835,3.7331,2.8,1
18.5166,145.6365,192.659,4.3,2
5.1156,125.3731,181.628,4.3,3
17.8277,119.7271,10.0,4.6,2
46.7405,151.2916,121.835,4.1,2
6.1721,-82.5237,10.0,4.3,3
-2.9195,129.5592,10.0,4.7,3
38.235,-115.9791,8.1,2.6,1
17.941,-95.1842,128.51,4.3,3
18.1543,-67.9576,89.0,3.66,1
51.1894,-179.9832,35.0,3.1,1
46.5459,151.4305,74.0,5.8,2
28.2086,130.9833,10.0,4.6,2
51.2363,-179.7611,40.483,4.0,1
19.194,-155.607,0.22,2.85,1
63.6226,-149.954,12.2,2.7,1
43.699,-105.3271,0.0,3.3,1
-34.8203,-179.7793,35.0,4.6,3
40.366666666667,-124.9215,14.79,2.8,1
-17.7979,-70.1269,112.26,4.6,3
-33.6042,-178.6284,10.0,4.4,3
-13.3198,-111.7371,10.0,5.1,3
28.7236,67.1787,10.0,4.3,2
6.1706,-82.7372,10.0,6.2,3
30.3115,140.8922,10.0,4.8,2
-16.814,-177.4186,414.293,4.5,0
12.5563,-88.137,50.904,4.3,3
51.3369,-176.5891,35.0,2.5,1
62.8566,-148.9783,64.5,2.8,1
28.0958,103.5573,10.0,4.3,2
-3.4937,140.5688,35.0,4.4,3
32.069,-103.728,7.6379,3.2,1
1.3278,126.6194,35.485,4.5,3
-51.561,139.4622,10.0,4.5,3
-51.5777,138.9079,10.0,4.4,3
38.819666666667,-122.76066666667,1.7,2.51,1
-51.5125,138.4991,10.0,4.3,3
-57.9207,-24.5323,10.0,4.4,3
-2.0582,120.7279,10.0,5.0,3
53.2483,-162.0436,10.0,2.7,1
-57.9396,-24.3082,10.0,4.4,3
59.9005,-153.5037,134.5,4.3,1
51.8986,-179.4308,163.219,2.8,1
-2.8451,129.5201,10.0,4.6,3
-7.4704,128.2213,144.482,4.5,3
34.807,-116.4336667,3.88,2.57,1
40.382166666667,-125.19516666667,10.0,2.73,1
-18.1153,169.1022,236.735,4.1,3
40.4447,63.1698,10.0,4.5,2
-17.7322,-178.7735,551.011,4.4,0
52.3381,-165.6053,10.0,2.5,1
19.033333333333,-155.4005,33.24,2.83,1
21.6642,99.7826,10.0,4.5,2
-49.7175,163.7419,10.0,4.5,3
19.33,-64.785666666667,43.76,3.38,1
61.0358,-147.4155,9.2,2.7,1
55.6669,164.9884,10.0,5.0,2
-6.2201,131.2331,70.687,6.7,3
1.3313,126.566,35.0,5.2,3
36.7449,-1.8443,10.0,5.2,2
17.927666666667,-67.0465,7.34,2.54,1
-0.6616,123.2397,18.91,4.5,3
2.9711,-31.3085,10.0,4.5,3
18.8325,-66.390333333333,52.26,3.11,1
18.5951,-68.8185,151.0,3.69,1
-24.1169,179.1512,545.062,4.7,0
21.6279,99.806,10.0,4.2,2
51.018,-176.036,10.0,2.5,1
29.3466,129.611,10.0,4.5,2
-58.5908,-8.1103,10.0,4.8,3
56.7348,-156.1842,64.4,3.1,1
-23.298,-177.1322,185.588,4.5,3
1.6654,127.3281,139.451,4.6,3
52.3211,-174.2675,186.53,3.3,1
-7.1031,101.9285,10.0,4.4,3
51.3801,-179.3756,10.0,2.6,1
36.4716,70.6872,196.009,4.0,2
22.7652,95.9256,10.0,4.3,2
37.4615,-118.81183333333,6.31,2.99,1
-22.5717,-67.6221,164.474,4.5,3
19.100333333333,-68.224,25.12,3.19,1
-20.0941,-69.0459,110.96,4.2,3
9.3592,93.5887,10.0,4.4,3
19.336666666667,-68.460166666667,39.52,3.33,1
-4.3094,136.2139,10.0,4.4,3
28.1367,131.1038,10.0,4.4,2
51.5215,-173.5238,35.0,3.0,1
19.122,-66.506666666667,18.26,3.01,1
-47.3633,165.4721,10.0,4.3,3
-19.0163,-174.7653,93.302,4.8,3
7.1206,127.3934,31.808,5.1,3
-56.3242,-25.8462,10.0,4.4,3
36.1745,-118.0305,2.0,2.66,1
-7.966,122.8202,233.285,4.0,3
40.494666666667,-124.85266666667,17.85,2.8,1
29.3696,129.4658,10.0,4.8,2
-6.7226,130.0323,157.367,4.5,3
-16.1686,178.2546,10.0,4.2,3
52.0144,179.476,184.178,2.7,2
9.3388,93.8813,10.771,5.2,3
7.065,-34.181,10.0,4.7,3
36.1743333,-118.0321667,2.03,3.98,1
51.2741,-176.7799,28.011,3.5,1
29.2619,129.4963,10.0,5.0,2
-55.3861,-129.7475,10.0,4.5,3
29.4111,129.1909,10.0,4.5,2
29.3681,129.5346,10.0,5.0,2
-23.8061,179.0328,544.666,4.4,0
36.0774,142.5814,10.0,4.6,2
6.9431,-73.1526,151.092,4.3,3
18.5209,-69.6478,101.815,3.9,3
-48.9031,-8.1979,10.0,4.4,3
13.2103,145.3437,74.39,4.2,2
10.8128,-86.6771,10.0,4.6,3
29.509,130.4384,35.0,4.2,2
29.3941,130.4834,35.308,4.4,2
29.314,130.5112,38.92,4.3,2
51.0959,-178.9082,22.589,2.5,1
35.89716667,-97.34333333,7.38,2.62,1
61.3823,-149.9846,50.2,2.8,1
-18.1332,168.3777,32.428,5.3,3
-24.1879,-66.7496,182.238,5.0,3
-5.9522,146.9104,102.019,4.2,3
-17.4241,167.8977,35.0,4.4,3
13.5274,120.7937,196.71,4.4,3
14.4978,-90.6886,6.024,3.5,1
67.5022,-161.3701,4.5,2.7,1
18.023666666667,-66.7925,14.0,2.51,1
-22.5933,-68.0144,153.524,4.4,3
32.7918333,-115.8293333,4.81,2.62,1
-9.8854,116.6311,54.034,4.1,3
50.3774,-175.2058,10.0,2.8,1
-49.4283,-8.074,10.0,4.5,3
51.0677,-173.9925,10.0,2.6,1
11.056,126.1894,10.0,4.5,2
53.4677,-165.5657,35.0,3.0,1
-20.9434,-178.7453,594.66,4.2,0
29.4338,129.3125,10.0,4.5,2
29.3521,129.3309,10.0,4.8,2
59.9872,-153.2259,136.7,2.6,1
53.4218,-163.1288,33.872,2.8,1
-24.2968,-179.9884,533.552,4.5,0
-5.8682,146.3753,115.4,4.6,3
-24.2684,179.9153,506.222,4.4,0
53.535,-162.8013,10.0,2.9,1
-8.135,-74.4482,156.869,4.4,3
51.549,-176.9975,65.221,3.2,1
40.347166666667,-124.74216666667,19.21,2.64,1
19.335833333333,-66.3055,21.05,3.18,1
50.4858,-173.0601,10.0,3.5,1
-17.5047,-178.7743,544.388,4.5,0
38.8069,70.9039,16.78,4.5,2
-6.5797,104.4407,54.834,4.5,3
46.6819,152.7237,55.83,4.1,2
18.9166,-69.3012,97.147,4.0,3
38.3527,74.3233,137.271,4.2,2
31.609,-103.962,8.6249,2.9,1
-10.3764,161.3898,65.873,4.2,3
62.0798,-149.2123,34.1,4.4,1
-22.1775,-179.6341,596.772,4.0,0
-16.2507,-172.8301,10.0,4.7,3
19.473,-68.9978,10.0,3.0,1
-54.5739,157.0698,10.0,4.5,3
38.3179,20.4551,41.345,4.2,2
-5.8145,151.2915,35.0,4.4,3
-9.042,124.0259,100.185,4.4,3
62.3228,-148.8763,41.3,2.7,1
36.548166666667,-121.07583333333,10.51,3.46,1
56.4563,164.1685,10.0,4.9,2
60.2935,-153.6422,188.1,2.5,1
-32.1158,-68.3992,126.63,4.9,3
51.4042,179.4336,53.072,2.7,2
40.665,-124.3675,25.0,2.65,1
-5.5512,146.6973,142.13,4.3,3
42.9992,-110.9047,10.899,2.8,1
-29.9747,-178.8097,222.473,5.3,3
3.0404,-31.3941,10.0,4.9,3
51.9068,-173.5699,8.85,2.8,1
-38.3871,178.776,20.424,4.4,3
1.8647,128.5913,10.0,4.5,3
51.5786,-168.5784,10.0,2.7,1
-21.1525,-68.5408,118.959,4.1,3
-8.4181,111.0823,108.805,4.3,3
52.0937,-168.4506,10.0,2.9,1
29.3935,129.4081,10.0,5.0,2
29.3393,129.4194,10.0,4.8,2
52.7177,-34.7979,10.0,4.3,2
-3.3861,143.6125,10.0,4.4,3
41.5353,141.981,66.838,4.3,2
18.809,-67.329166666667,15.05,2.96,1
19.3303,-64.8018,47.0,3.58,1
-1.585,96.5286,10.0,4.7,3
-17.4911,-178.649,576.188,4.3,0
37.579333333333,-113.364,9.08,2.55,1
41.1481,141.7657,59.102,4.3,2
2.9712,-31.3943,10.0,4.8,3
-24.0131,179.93,536.48,4.4,0
3.0436,-31.2907,10.0,4.6,3
52.6237,-163.3957,10.0,2.8,1
-4.3587,132.5761,10.0,5.1,3
-58.1669,-25.5017,35.0,4.4,3
-5.4704,145.8681,84.532,4.2,3
42.7322,143.2454,10.0,4.1,2
51.9149,178.3266,105.945,2.6,2
-16.5352,-174.7375,292.287,4.1,0
43.8103,-105.3772,0.0,3.2,1
51.4883,-178.1643,20.055,2.6,1
-10.6655,-74.9361,35.0,4.6,3
60.0,-151.2207,45.7,2.5,1
18.753666666667,-66.320333333333,52.71,2.65,1
37.2323,20.4701,37.579,4.7,2
40.356333333333,-124.904,13.33,3.05,1
28.9429,76.8282,10.0,4.1,2
55.602,-162.184,172.083,2.6,1
1.0484,127.0165,42.602,4.9,3
-7.2144,120.1632,561.41,4.4,0
-21.6058,-179.1001,575.623,4.1,0
4.937,127.879,10.0,4.3,3
18.2891,120.7619,55.616,4.4,2
3.1709,97.3212,59.324,5.0,3
38.1856,20.3753,54.417,4.2,2
-55.4084,-123.4515,10.0,4.2,3
51.6749,-176.7088,54.591,4.5,1
21.5117,97.2973,10.0,4.4,2
39.3605,-99.8084,9.283,2.7,1
51.1717,-178.5603,28.529,3.0,1
24.0069,125.9261,10.0,4.3,2
39.3237,-99.7915,9.363,2.6,1
-23.4007,170.8321,10.0,4.3,3
18.687666666667,-67.131166666667,13.8,2.83,1
-3.5304,137.9967,92.368,3.9,3
33.1608333,-115.6366667,11.21,4.34,1
-23.9748,179.9515,514.354,4.4,0
34.4561,25.0526,49.608,4.2,2
52.1577,-172.8448,77.928,2.7,1
18.1012,145.8735,113.161,4.5,2
33.1586667,-115.6365,10.56,3.35,1
33.1601667,-115.6405,5.15,3.06,1
-9.686,159.5362,11.297,4.2,3
29.3148,129.389,10.0,4.8,2
29.3134,129.2744,10.0,4.7,2
24.0592,125.9035,10.0,5.1,2
29.2844,129.4519,10.0,4.6,2
40.342833333333,-124.88333333333,13.97,2.85,1
52.187,-176.1531,131.957,3.0,1
18.526166666667,-67.0995,26.14,2.69,1
52.0807,-173.4873,83.759,3.2,1
38.836,-122.8045,2.66,2.91,1
-60.6025,-25.8034,10.0,4.3,3
51.9437,179.4421,183.221,3.5,2
36.2044,-33.775,10.0,4.5,2
44.220333333333,-110.76083333333,4.37,2.66,1
-3.0688,-75.5425,133.839,4.4,3
19.2057,-64.7966,35.0,2.7,1
9.0119,127.5474,10.0,4.3,3
-4.39,153.0537,10.0,4.6,3
35.939,-120.4895,9.48,3.15,1
-9.061,67.3253,10.0,5.1,3
59.882,-153.2591,127.2,2.6,1
29.211,129.4627,10.0,4.5,2
29.3423,129.4711,10.0,4.6,2
54.7494,-156.0934,12.0,2.5,1
25.5376,95.3851,121.537,4.3,2
33.7853333,-116.082,1.87,3.01,1
33.2601667,-116.4271667,5.29,3.7,1
51.8625,178.0454,147.373,2.5,2
-16.8066,-173.0344,36.396,4.4,3
43.5669,-105.3058,0.0,2.8,1
-23.4655,-66.409,207.267,4.3,3
51.5469,178.3297,54.114,2.8,2
-7.4234,127.7139,155.236,4.3,3
31.448,-103.875,6.0486,3.0,1
-8.5603,110.5044,85.376,4.3,3
-41.2645,175.076,15.26,3.2,3
43.0866,-126.5387,10.0,2.6,1
53.1836,-174.8706,184.834,3.0,1
-17.6156,-178.7872,548.042,4.9,0
43.7336,-105.382,0.0,3.1,1
51.5984,176.9356,35.0,2.8,2
52.817,159.7294,62.698,4.0,2
29.3512,129.6219,10.0,4.4,2
33.1158,141.9006,10.0,4.3,2
-16.8234,-173.6765,41.284,4.5,3
50.2457,-176.3769,10.0,2.9,1
-22.1756,-179.7187,610.483,4.1,0
-34.2117,178.947,237.13,4.9,3
3.1772,-31.4065,10.0,4.8,3
40.388166666667,-125.3015,10.0,2.99,1
-6.7017,129.8172,160.711,4.7,3
14.0764,-90.2605,150.201,4.8,3
32.44,-102.064,8.4229,3.7,1
51.8537,-173.9033,187.506,2.7,1
52.0197,-179.1434,218.864,2.7,1
52.511,160.0678,69.31,4.6,2
15.7167,-93.8596,81.638,5.0,3
13.9163,144.6209,182.232,3.8,2
39.5129,-99.3582,7.558,2.7,1
50.2722,178.9145,10.0,3.4,2
2.6947,128.4941,220.634,4.4,3
34.8742,26.5035,10.0,4.0,2
-27.0295,26.7303,5.0,4.8,3
17.4847,-61.2607,22.975,4.3,3
21.6881,144.4612,83.446,4.4,2
52.2106,-170.3691,35.0,2.8,1
51.6721,178.8846,91.052,2.8,2
52.2425,-170.4055,35.44,3.8,1
-5.8278,-50.5412,10.0,4.6,3
5.2089,-73.6458,146.8,4.4,3
-18.9676,-69.059,122.615,5.0,3
56.7708,-155.9896,9.2,2.6,1
36.3665,71.0806,115.516,4.1,2
19.5425,-65.360166666667,59.97,3.39,1
73.0363,5.2405,10.0,4.7,2
-19.9065,-177.9182,550.22,4.4,0
14.5484,-90.6664,6.714,4.0,3
40.289,-124.65783333333,4.12,2.7,1
-15.2949,167.3503,118.416,4.2,3
-17.5198,167.8604,49.537,4.3,3
-17.9545,-178.5432,567.976,4.5,0
52.9019,-162.227,10.0,2.7,1
-3.8899,128.6862,59.38,4.7,3
36.2224,-34.0872,10.0,4.8,2
-15.5223,-174.5898,176.346,4.6,3
-15.5549,-174.5243,182.007,5.2,3
18.8546,-68.3591,56.0,3.93,3
14.45,-90.6657,10.0,3.5,1
-32.9269,-178.5052,10.0,4.6,3
-14.5885,-76.5399,10.0,4.2,3
-7.4231,128.1041,188.647,4.5,3
28.6735,76.6889,10.0,4.5,2
28.9134,51.4598,10.0,4.2,2
32.066,-103.729,7.6508,3.3,1
53.1784,-169.2888,96.353,2.6,1
-16.0687,-173.7091,90.747,4.4,3
53.4906,-163.1653,10.0,3.0,1
28.2414,65.5886,10.0,4.2,2
52.4225,-171.7139,80.32,2.7,1
15.0143,120.4564,10.0,4.4,2
35.663166666667,-84.149833333333,26.55,2.57,1
38.054,-111.1505,15.54,2.64,1
41.1011,-116.9992,9.0,3.2,1
37.3337,-115.5882,10.2,2.9,1
-5.7837,-50.5111,9.8,4.3,3
69.0837,-144.7172,8.2,2.5,1
-36.681,177.6464,170.892,4.2,3
-45.038,166.1316,13.184,4.6,3
36.723,25.7412,10.0,4.6,2
-4.528,35.1204,10.0,5.0,3
3.444,126.4908,75.033,4.4,3
12.2333,144.0086,51.16,4.3,2
19.361,-64.3371,34.0,3.67,1
-27.1666,-63.3263,575.164,5.2,0
43.0295,88.2292,10.0,4.9,2
50.7077,-173.087,10.0,2.9,1
52.0004,-179.0641,161.434,2.6,1
51.4728,178.5768,57.584,2.8,2
18.6285,-64.973666666667,34.92,2.61,1
30.7244,140.0531,10.0,4.7,2
40.283166666667,-124.5085,19.67,2.88,1
62.9286,-156.2924,11.3,2.8,1
34.1848,23.9131,35.0,4.2,2
34.8282,24.4278,49.811,4.4,2
40.370833333333,-125.008,10.0,2.74,1
30.6514,140.162,10.0,5.3,2
2.6308,127.2557,84.922,4.3,3
21.7768,144.1722,137.582,4.7,2
30.629,140.1616,10.0,4.5,2
54.2557,-159.6662,35.0,2.9,1
23.3894,121.6062,38.5,3.8,2
-18.0373,-178.4419,584.462,4.3,0
-22.9061,-66.7678,213.249,4.2,3
-6.5306,130.0234,165.128,4.5,3
-18.7255,-71.3066,25.535,4.3,3
3.0386,-31.3781,10.0,4.7,3
30.0261,69.8674,10.0,4.3,2
-6.3099,151.9589,10.0,4.4,3
52.0954,-178.5465,164.392,2.5,1
40.438666666667,-125.26416666667,10.0,2.89,1
17.947333333333,-66.875166666667,19.18,2.53,1
61.6839,-151.7514,94.9,2.8,1
14.4667,-90.68,10.0,3.4,1
-6.9553,125.9265,476.112,4.5,0
14.4468,-90.6549,10.0,3.7,1
53.179,160.2709,10.0,4.2,2
53.0892,160.3148,10.0,4.3,2
53.3035,-160.6385,10.0,2.9,1
-0.1578,122.8574,158.128,4.8,3
33.418,81.685,10.0,4.5,2
33.367,-116.8751667,7.79,2.56,1
58.5649,-154.2405,15.0,2.6,1
43.4164,145.9902,110.62,4.7,2
3.2111,-31.4124,10.0,4.5,3
37.6612,144.2886,10.0,4.9,2
54.5743,-159.8484,16.133,2.8,1
-2.8693,147.2599,10.0,4.4,3
14.4255,-90.6812,10.0,3.9,3
-6.2841,104.7897,79.767,5.1,3
14.448,-90.6942,10.0,3.5,1
35.926666666667,-120.47783333333,9.63,2.83,1
37.320166666667,-122.14,6.76,2.61,1
-57.7406,-25.4492,45.653,4.4,3
14.5403,-90.7044,7.442,4.2,3
-24.4871,-176.8224,123.427,4.6,3
14.4503,-90.7496,5.39,4.8,3
14.4488,-90.7809,7.961,4.0,3
14.3891,-90.7527,10.0,4.0,3
14.4503,-90.6483,10.0,5.7,3
-14.762,-75.4116,53.337,4.5,3
37.321,-122.13916666667,7.04,2.96,1
14.4566,-90.6756,10.0,4.8,3
51.509,-178.118,10.0,2.6,1
-7.0505,124.9054,554.175,4.4,0
18.898,-67.3405,7.72,3.17,1
18.897333333333,-67.281833333333,8.74,3.01,1
37.3807,21.6236,51.012,4.2,2
-6.5855,131.8445,20.374,4.9,3
0.8665,-79.7091,42.703,4.6,3
40.254833333333,-124.253,10.55,2.83,1
-2.9618,147.5003,10.0,5.2,3
-3.0032,147.4676,10.0,5.2,3
-8.7327,118.3244,142.165,3.9,3
3.1408,-31.3548,10.0,5.1,3
6.0067,126.146,150.653,4.4,3
2.5521,67.763,10.0,4.3,3
61.6825,-149.6744,37.3,3.2,1
-56.0995,-26.3115,72.491,4.7,3
37.8343,20.0575,38.519,4.3,2
3.0679,-31.4528,10.0,4.9,3
-3.1085,147.5224,10.0,5.2,3
-6.3495,151.7823,10.0,4.7,3
-6.252,151.6438,10.0,4.8,3
-31.9718,-178.4477,35.0,4.7,3
51.5681,-175.182,35.0,2.6,1
-38.7016,175.8897,109.434,4.3,3
-13.6775,-76.4345,47.252,5.0,3
18.7405,-67.0445,49.28,2.87,1
16.9,147.6306,10.0,4.2,2
3.1264,-31.3815,10.0,4.7,3
57.2726,-149.0957,10.8,3.1,1
43.0204,72.798,10.0,4.1,2
-5.7723,101.6641,10.0,4.4,3
-7.3843,154.8795,88.502,4.9,3
31.677,-104.335,7.074,2.6,1
51.5757,-177.3094,59.129,3.8,1
51.4414,179.3809,62.452,2.7,2
16.8875,-94.4426,112.745,4.1,3
3.1092,-31.38,10.0,4.6,3
41.8352,140.6532,132.836,4.1,2
26.5812,93.2884,10.0,4.2,2
-16.5547,-69.9025,178.966,4.3,3
-20.4801,-178.1178,550.145,4.4,0
29.3557,129.3426,10.0,4.8,2
13.8317,120.7292,200.512,4.4,3
-49.0079,124.7052,10.0,4.1,3
12.813,125.6655,10.0,4.2,2
-23.1238,-179.7017,532.639,4.9,0
-15.5943,-173.85,102.244,4.5,3
19.3385,-155.1465,4.66,2.51,1
-15.9149,-69.6124,222.783,4.7,3
4.4911,-73.2066,10.0,4.4,3
53.5404,-163.4145,35.0,4.3,1
53.916,-163.7013,35.0,2.5,1
50.4203,-173.4212,10.0,3.2,1
-3.0478,128.2824,10.0,4.4,3
56.371,-157.1978,46.9,2.8,1
29.6173,129.5385,10.0,4.4,2
43.2425,87.5389,10.0,4.4,2
29.6596,129.7262,10.0,4.5,2
56.5079,-148.4334,10.0,3.1,1
23.9229,121.4912,19.75,4.4,2
7.7293,-37.0934,10.0,4.8,3
45.053,-106.8437,0.0,2.9,1
51.0836,179.9448,35.0,2.6,2
34.9038,26.6629,10.0,4.9,2
-53.1933,9.2838,10.0,4.2,3
-19.2936,-66.8751,245.363,4.5,3
15.3791,-104.1673,10.0,4.2,3
-17.4148,-178.7876,537.244,4.5,0
32.843,-100.524,2.1729,2.5,1
-6.1112,150.3046,46.883,4.3,3
43.8109,-105.3389,0.0,3.0,1
37.4258,21.5552,38.404,4.1,2
29.8986,139.0415,415.572,4.0,0
1.5747,126.5589,35.0,4.1,3
3.0125,-31.2702,10.0,4.7,3
-43.3222,-82.3094,10.0,4.3,3
-47.1735,165.4962,22.0,6.2,3
31.717,-104.276,6.9073,2.7,1
24.5765,121.8096,66.285,4.3,2
9.0575,93.7358,10.0,4.3,3
18.631833333333,-64.628833333333,69.21,3.09,1
-0.2104,130.6163,10.0,4.9,3
51.7864,-166.9154,10.0,3.2,1
9.2376,93.7811,10.0,4.4,3
63.1143,-150.8563,127.0,4.0,1
32.3366667,-117.8408333,27.95,3.22,1
9.3716,93.9749,10.0,5.1,3
9.3132,93.8317,10.0,4.9,3
1.5784,66.8078,10.0,5.0,3
32.3905,-117.829,0.01,2.58,1
42.882,144.9575,104.464,4.4,2
-7.0955,111.1172,241.038,4.4,3
-1.3452,-24.4427,10.0,4.4,3
41.4963,143.0188,45.008,4.0,2
51.2874,-179.1984,35.0,2.5,1
39.482833333333,-123.10966666667,5.72,2.71,1
37.7868,19.8367,25.471,4.5,2
51.9324,179.5016,178.196,3.0,2
24.6278,94.8742,109.15,4.4,2
36.1931,140.8548,51.079,4.1,2
-10.1601,108.494,10.0,4.9,3
62.022,-152.1802,8.6,2.5,1
-22.413,-68.6547,109.114,4.2,3
12.0854,143.2893,38.326,4.4,2
12.0871,143.284,35.0,4.2,2
14.8298,55.8293,10.0,4.4,3
-8.551,122.78,0.0,3.0,3
29.3269,129.444,10.0,4.8,2
6.0971,126.1802,145.952,4.4,3
55.4525,-159.1723,19.8,2.6,1
3.0606,-31.3674,10.0,4.6,3
27.1532,-175.1954,10.0,4.5,1
-15.0574,-178.5268,420.677,4.4,0
-54.9088,-28.6839,10.0,4.3,3
-8.5233,118.3239,133.058,5.0,3
52.1247,-176.2616,119.874,3.2,1
-62.5639,-159.07,10.0,4.6,3
-20.9353,-174.3501,10.0,5.5,3
9.6741,-84.2519,43.795,4.7,3
32.4428333,-115.2028333,19.68,2.57,1
31.598,-104.465,7.3303,2.5,1
-31.7194,-71.7969,32.539,4.4,3
15.6913,-60.4702,10.0,4.2,3
29.2736,129.5654,10.0,4.8,2
29.3263,129.5778,10.0,4.7,2
55.3315,-159.008,25.6,2.7,1
19.349666666667,-155.21716666667,6.41,2.88,1
29.3411,129.467,10.0,4.7,2
54.7317,-159.7706,29.035,3.0,1
29.3581,129.4491,10.0,4.6,2
44.2724,83.4036,10.0,4.7,2
52.0637,-172.4387,35.0,2.9,1
-15.3245,-173.1934,10.0,5.2,3
6.9246,-73.0776,154.788,4.4,3
3.507,122.9115,546.35,4.3,0
18.940833333333,-68.1305,71.36,3.4,1
37.320166666667,-122.137,6.57,2.53,1
18.2523,-68.423,136.0,3.72,1
23.9881,122.4865,10.0,4.8,2
-5.5489,-77.0114,10.0,5.1,3
-13.9153,34.6102,10.0,4.6,3
-9.8966,160.1145,10.0,4.6,3
53.6161,-166.2733,69.217,3.0,1
51.602,-168.5632,10.0,2.7,1
-21.2138,-178.8106,583.314,4.4,0
52.7173,-173.0902,217.735,3.4,1
57.0692,-156.7161,94.3,2.5,1
43.6191,147.136,40.859,5.0,2
53.9219,-164.5049,18.727,3.4,1
-47.8134,116.3947,10.0,4.2,3
-4.0744,141.92,114.179,5.3,3
55.373,-162.0577,162.758,2.9,1
8.7329,-82.0964,10.0,4.3,3
29.3813,129.5412,10.0,5.5,2
29.3596,129.4634,10.0,4.9,2
31.5065,-114.3727,10.0,3.3,1
31.6688,-114.0312,10.0,2.7,1
29.3983,129.3391,10.0,4.5,2
29.3161,129.4202,10.0,4.6,2
29.4143,129.3204,10.0,4.3,2
29.3994,129.1855,10.0,4.4,2
-52.837,20.1006,10.0,5.1,3
51.5798,-168.5556,10.0,2.7,1
-30.4815,-177.9331,35.0,5.2,3
18.4858,-68.8105,114.0,3.97,3
12.9267,-87.415,170.165,4.4,3
19.453,-67.7011,35.0,3.56,1
6.2369,94.9807,10.0,4.6,3
5.3262,125.9846,100.462,4.3,3
61.2763,-150.3532,22.2,2.6,1
-5.8614,150.091,78.12,4.3,3
51.5895,-168.5384,1.596,2.9,1
-19.313,-177.5673,574.565,4.3,0
51.4269,-177.2342,35.0,2.6,1
2.0474,125.3293,135.403,4.0,3
37.328666666667,-117.9105,9.5,2.68,1
54.3731,167.4906,10.0,4.3,2
39.1572,-119.0461,10.2,2.6,1
51.5022,-168.5208,10.0,3.4,1
37.2716,20.272,36.354,4.1,2
39.1852,-100.0515,10.0,2.7,1
39.302,-99.8298,9.237,2.5,1
6.09,94.9211,10.0,4.5,3
51.2027,-172.8222,10.0,2.7,1
6.1014,94.9925,10.0,4.6,3
6.1548,95.0779,10.0,4.4,3
-22.7016,172.0886,30.478,5.3,3
6.2844,95.0881,10.0,5.5,3
-18.8887,-69.122,127.099,4.2,3
39.3207,-99.7593,9.648,2.6,1
46.7048,20.0077,7.298,4.0,2
51.0885,-178.9736,23.968,2.7,1
-9.5,119.8345,80.79,4.7,3
18.885333333333,-68.0125,8.77,3.18,1
63.049,-149.651,87.7,2.8,1
60.0244,-152.4675,100.1,4.5,1
15.2395,147.0622,22.67,4.6,2
52.9191,-172.7535,192.556,2.8,1
15.3171,146.8515,35.0,4.8,2
29.2751,129.3634,10.0,4.6,2
-21.2729,-68.6471,115.328,4.1,3
17.9365,-68.5258,80.0,3.82,3
-24.668,179.9121,513.356,4.3,0
52.0008,-173.3447,55.018,3.6,1
33.820666666667,-82.104666666667,3.52,2.7,1
-24.8235,-70.2634,61.143,4.5,3
-6.1344,129.9037,155.384,4.6,3
43.2399,-126.8116,10.0,3.4,1
51.2636,-176.2579,35.0,2.9,1
-29.2171,-179.1095,345.018,4.1,0
18.1475,-68.2493,156.0,3.97,3
18.886166666667,-65.225666666667,15.08,3.42,1
40.7746,28.3086,10.0,3.8,2
17.916,147.4196,10.0,4.4,2
31.675,-104.189,6.3947,2.6,1
19.6196,-64.5755,21.0,3.75,1
17.8115,-66.260833333333,5.03,3.43,1
36.598166666667,-121.223,6.49,2.5,1
-7.9967,147.5422,102.292,4.9,3
17.8353,-68.7581,151.0,3.8,3
-22.4855,-175.0684,10.0,4.8,3
29.276,129.5229,10.0,4.5,2
54.6496,160.6447,89.559,4.7,2
18.0146,-68.3781,92.0,3.6,1
29.2848,129.559,10.0,4.9,2
32.6925,-115.7263333,11.19,2.51,1
31.4821,-114.2576,10.0,3.4,1
61.5035,-149.9677,40.4,2.6,1
19.2493,-65.1275,55.0,3.78,1
53.6978,-165.0298,35.0,2.5,1
31.4248,-114.3818,5.0,2.5,1
31.659,-104.306,7.8687,2.8,1
51.9492,-171.179,35.0,3.2,1
36.8387,71.069,213.324,4.0,2
23.8578,121.8828,15.621,4.5,2
60.2254,-151.0003,61.7,2.7,1
23.8325,121.8625,17.152,4.5,2
-0.1008,123.016,82.215,4.2,3
64.5247,-39.9652,10.0,4.2,2
37.7225,144.546,10.0,4.0,2
11.0283,-87.0723,10.0,4.3,3
29.3862,129.3214,10.0,5.4,2
53.4833,-166.6613,77.181,2.5,1
66.2711,-157.3918,8.4,2.6,1
-7.4074,129.21,104.245,4.2,3
-60.4748,-36.9911,10.0,4.5,3
-4.9392,153.0422,44.851,4.1,3
43.6878,-105.2837,0.0,3.2,1
29.3499,129.5296,10.0,4.7,2
37.921666666667,-122.08566666667,8.4,2.52,1
36.6939,142.0931,21.461,4.8,2
-34.9148,-111.5823,10.0,4.4,3
29.3104,129.5515,10.0,4.6,2
29.3622,129.4443,10.0,4.7,2
58.2982,-151.3399,8.8,2.5,1
6.4655,62.1701,10.0,4.4,3
53.5752,-166.2087,67.25,2.7,1
-3.841,126.8355,9.962,4.3,3
33.6683333,-118.2443333,6.8,2.54,1
21.6372,143.6131,169.918,4.0,2
35.0114,141.3563,41.956,4.1,2
-57.0542,-67.4161,10.0,5.6,3
51.0907,-176.1209,35.0,2.8,1
-55.82,-27.8286,72.921,4.7,3
-16.8082,-174.0809,120.117,4.3,3
5.8593,126.4704,118.35,4.8,3
-3.4284,128.7999,40.499,4.9,3
39.4386,143.6861,10.0,4.3,2
-5.3806,129.721,193.762,4.3,3
51.285,-176.9134,35.0,2.9,1
2.6371,128.554,223.32,4.2,3
-61.0667,-38.1619,10.0,4.2,3
-28.386,-176.6661,10.0,4.3,3
-20.0073,-177.8381,576.483,4.1,0
52.7492,-169.8038,84.151,2.5,1
29.3302,129.4578,10.0,4.8,2
53.1046,-160.3217,10.0,2.8,1
-13.7828,-75.9595,53.102,4.3,3
-14.5639,-76.5587,10.0,5.0,3
51.316,-178.8037,41.296,3.3,1
-18.6545,169.1891,249.57,4.0,3
39.6264,141.9049,65.91,4.2,2
43.2431,-126.7952,10.0,4.2,1
19.058666666667,-67.416,8.02,3.35,1
5.9398,94.9203,10.0,4.7,3
23.2627,142.3491,141.752,4.5,2
5.9556,94.9697,10.0,4.7,3
6.12,94.8961,10.0,4.6,3
6.0835,94.9874,10.0,5.2,3
-23.207,-67.8723,135.65,4.5,3
52.338,-173.5902,10.0,3.3,1
29.3846,129.2979,10.0,4.8,2
19.1336,-68.1393,8.0,3.49,1
31.5598,131.6068,53.962,4.3,2
24.7784,127.8354,10.0,4.2,2
51.4575,179.7185,47.706,3.1,2
-17.8872,167.1528,10.0,4.2,3
29.3407,129.3771,10.0,4.5,2
5.2524,126.2661,87.126,4.3,3
61.6245,-140.9638,10.0,2.5,1
43.1965,-126.6706,10.0,3.0,1
43.218,-126.3981,10.0,2.8,1
9.4541,93.9272,10.0,4.6,3
38.1793,-117.8381,12.9,2.9,1
31.715,-101.729,9.0088,2.6,1
48.1823,153.9256,85.834,4.2,2
-6.5286,147.631,31.25,4.3,3
29.3581,129.4375,10.0,4.5,2
8.5987,126.4932,90.97,4.1,3
51.1565,-176.1266,10.0,2.6,1
58.6146,-150.272,33.0,3.4,1
-20.6062,-66.723,231.896,4.6,3
61.8432,-151.7713,99.9,4.4,1
60.9937,-150.4788,51.1,2.6,1
18.5443,-66.1428,96.0,3.51,1
-6.8041,125.2238,543.723,4.2,0
62.7153,-149.7794,75.7,2.9,1
46.6864,151.4532,103.215,4.9,2
18.768,-67.297166666667,13.83,3.1,1
19.1248,-64.4598,24.0,3.8,1
52.1056,-171.0567,35.0,3.3,1
53.9026,-176.7396,10.0,3.2,1
60.0119,-153.0373,107.5,2.5,1
-20.7091,168.9793,10.0,4.4,3
5.8287,61.4716,10.0,5.0,3
19.136,-68.3035,33.24,3.42,1
59.1356,-151.5708,57.4,3.9,1
51.6642,176.8184,35.0,3.1,2
27.1872,-44.4207,10.0,4.4,2
27.1384,-44.6813,10.0,4.4,2
29.3294,129.3861,10.0,4.4,2
34.3215,-119.8221667,-0.1,2.68,1
43.3398,-126.7426,10.0,2.7,1
-7.2808,129.039,148.234,4.5,3
-18.0362,-177.9854,582.74,4.1,0
51.0225,-176.1223,35.0,2.7,1
-19.0717,168.8194,10.0,5.1,3
-3.824,99.7687,10.0,4.5,3
5.8234,61.5165,10.0,4.7,3
29.3171,129.4347,10.0,4.4,2
51.8656,-173.3174,35.0,3.1,1
9.236,93.841,10.0,4.7,3
-62.5919,-158.6841,10.0,4.8,3
-8.5317,120.5652,165.216,4.6,3
-62.0195,-158.5718,10.0,4.7,3
-62.5065,-158.8092,10.0,5.4,3
52.0477,-172.6216,10.0,2.9,1
-13.5898,-75.781,66.695,4.3,3
41.4755,-109.672,-3.31,2.92,1
5.5716,61.3128,10.0,4.4,3
52.0683,-169.5132,8.993,3.4,1
5.7178,61.6827,10.0,4.6,3
5.7018,61.5557,10.0,4.4,3
36.6789,71.3884,155.622,4.3,2
-7.5561,127.8939,149.769,4.5,3
19.1535,-154.985,47.71,2.99,1
-22.6175,-174.8829,10.0,5.1,3
-7.312,128.9147,113.359,4.0,3
29.3808,129.4093,10.0,5.5,2
29.1498,129.696,10.0,4.4,2
51.3393,-177.6107,10.0,2.5,1
29.3421,129.4372,10.0,4.5,2
29.2886,129.6016,10.0,4.9,2
-27.2389,-63.2084,552.378,5.0,0
29.3943,129.4377,10.0,4.8,2
-21.3567,-67.2971,194.757,5.4,3
29.3554,129.5561,10.0,4.8,2
18.2425,-66.424833333333,38.09,2.63,1
51.05,-176.1032,35.0,2.5,1
-4.6533,125.4787,454.25,4.4,0
51.471,-179.5967,63.121,4.3,1
51.1054,-176.0765,35.0,3.7,1
18.2516,-68.907,82.0,3.82,3
62.0268,-149.8488,35.8,2.6,1
29.283,129.3649,10.0,4.4,2
50.3296,176.8383,10.0,3.2,2
-9.1136,125.8382,10.0,4.4,3
52.4076,-172.4547,10.0,2.8,1
4.7975,94.7268,39.583,4.6,3
21.6431,95.7576,10.0,4.4,2
-16.5707,175.6912,10.0,5.3,3
-35.1571,179.6518,92.006,4.4,3
-14.8571,66.7655,10.0,4.5,3
36.703,25.744,10.0,4.1,2
26.9904,-44.3588,10.0,4.5,2
46.2021,106.2514,8.8,4.5,2
18.000833333333,-68.155833333333,82.4,3.13,1
45.4677,150.8793,35.0,4.3,2
45.5092,150.7402,64.387,4.4,2
54.6866,-163.3755,9.208,2.5,1
-9.5456,107.0754,10.0,4.4,3
29.3572,129.4546,9.968,4.7,2
29.3409,128.9619,10.0,4.3,2
3.0952,-31.3618,10.0,4.5,3
37.469333333333,-118.79016666667,2.98,2.87,1
51.4461,-177.8058,10.0,2.8,1
59.0061,-154.1594,108.1,2.9,1
45.7983,-106.5642,0.0,2.9,1
5.9272,61.3713,10.0,4.3,3
29.2499,129.2434,10.0,4.9,2
-7.3325,128.8388,135.148,4.3,3
17.8382,-103.0383,19.667,4.3,3
-59.3685,-25.501,35.0,5.2,3
29.2009,129.0443,10.0,4.2,2
54.17,-164.3965,10.0,3.0,1
29.1549,129.0816,10.0,4.3,2
37.475,-118.78966666667,3.33,2.72,1
29.2946,129.2373,10.0,5.2,2
51.6553,-176.6982,56.521,2.5,1
18.889666666667,-68.297166666667,59.45,3.4,1
-3.802,101.8076,58.101,4.8,3
31.1114,140.9223,106.665,4.5,2
47.4919,-92.6117,0.0,2.7,1
39.7227,41.858,10.0,4.2,2
51.5183,-171.0167,23.834,2.8,1
49.3739,119.6641,10.0,4.3,2
-22.9512,-66.7768,197.503,4.4,3
-24.4011,179.9318,532.128,4.1,0
35.055,68.6825,10.0,4.1,2
40.4645,29.1965,10.0,4.2,2
2.5161,126.9979,57.908,4.2,3
-1.3104,133.9928,42.419,4.8,3
31.496,-115.6076667,8.85,2.79,1
31.4988333,-115.6116667,7.08,2.78,1
29.2052,129.1951,10.0,4.2,2
29.2054,128.9807,10.0,4.9,2
29.2911,129.2257,10.0,4.6,2
29.3015,129.1007,10.0,4.6,2
29.0719,129.0919,10.0,4.6,2
29.2265,129.1585,10.0,4.7,2
29.3086,129.2135,10.0,5.0,2
-17.6546,-178.9462,526.92,5.6,0
29.3596,129.0923,10.0,4.4,2
-16.6568,175.7747,10.0,4.4,3
29.2518,129.1665,10.0,5.6,2
29.1409,129.549,10.0,5.0,2
29.1121,129.2889,10.0,4.5,2
29.2039,129.1728,10.0,5.3,2
29.2307,129.268,10.0,5.2,2
29.3013,129.5496,10.0,4.6,2
29.2292,129.1858,10.0,5.2,2
5.9275,61.4056,10.0,4.6,3
-31.4635,-178.2317,41.033,4.6,3
28.9448,129.5135,10.0,5.1,2
29.0959,129.3667,10.0,4.2,2
29.0951,129.3672,11.431,4.4,2
29.2619,129.3421,10.0,4.6,2
52.8319,-167.4491,35.0,2.5,1
9.6158,140.9692,35.368,4.4,3
2.9919,95.9195,35.0,4.7,3
5.7036,61.3767,10.0,4.5,3
18.7571,-68.378,63.0,3.59,1
5.7465,61.397,10.0,4.4,3
56.981,-145.7266,10.0,2.9,1
51.1655,-179.5461,35.0,3.3,1
29.4228,129.5721,10.0,4.2,2
18.8738,-68.1796,15.0,3.45,1
18.7703,-68.2536,65.0,3.78,1
50.8644,156.5251,138.441,4.0,2
-26.8607,-176.3594,10.0,5.4,3
52.9322,158.8783,100.073,4.8,2
43.3942,-126.9726,10.0,3.7,1
9.3798,93.9613,10.0,4.6,3
51.2944,-178.8423,30.28,2.8,1
-33.6161,-72.6841,10.0,4.3,3
-33.6025,-72.5628,10.0,5.5,3
-3.8624,141.1875,106.651,4.5,3
59.6,-152.4977,66.0,2.5,1
51.5634,-176.7148,41.224,2.5,1
-5.8713,152.4003,10.0,4.5,3
29.0741,129.6197,10.0,4.5,2
18.799833333333,-65.4205,15.5,3.24,1
29.2666,129.3392,10.0,4.9,2
53.6152,-166.9268,98.508,3.8,1
-18.2724,-178.1364,559.007,4.2,0
-28.2238,-176.6696,35.0,4.6,3
-47.777,116.2615,10.0,4.5,3
45.8924,148.7003,149.425,4.2,2
51.1975,-174.1583,10.0,2.7,1
29.3458,129.4924,12.131,4.6,2
28.3833,97.3521,10.0,4.5,2
3.2052,-31.2178,10.0,4.6,3
18.019333333333,-66.883166666667,11.58,2.6,1
24.0212,123.6206,39.402,4.3,2
37.060833333333,-121.48916666667,3.52,2.52,1
30.5618,130.9918,45.075,4.7,2
62.4653,-148.4198,39.1,2.8,1
-56.4038,-23.9267,10.0,4.3,3
-0.8451,121.9119,10.0,4.5,3
-30.8453,-71.233,59.005,4.5,3
26.6088,141.9373,10.0,4.4,2
29.3444,129.4049,10.0,5.1,2
38.5012,57.1779,10.0,4.6,2
32.401,-102.072,6.9092,2.6,1
-31.1835,-179.285,183.317,4.3,3
43.8508,-105.3083,0.0,3.1,1
52.1311,-178.6124,195.854,2.6,1
22.9464,96.0654,10.0,4.0,2
52.8823,-163.8795,10.0,2.7,1
41.9146,-119.6201,8.9,3.2,1
4.5463,125.8157,165.912,4.3,3
37.277666666667,-121.64366666667,8.66,2.56,1
40.4368,-126.0757,10.0,2.6,1
19.601,-65.6398,44.0,3.48,1
-46.9887,166.036,15.241,4.5,3
-17.732,-178.6941,573.74,4.3,0
29.3871,129.3874,10.0,4.6,2
13.9698,-92.848,10.0,4.2,3
-7.4475,128.1956,168.092,4.4,3
13.8349,-92.9186,10.0,4.1,3
1.5008,97.052,26.722,4.9,3
1.6669,97.3284,40.706,4.1,3
-6.6598,148.1933,43.817,4.2,3
14.7633,-92.4118,66.774,4.4,3
-4.2991,133.2509,10.0,4.3,3
-17.585,-178.7705,562.712,4.6,0
29.3517,129.4191,10.0,4.5,2
51.3608,179.7281,56.937,2.5,2
-50.0502,114.5821,10.0,4.2,3
40.3824,29.1837,10.0,4.0,2
-3.8625,68.2583,10.0,4.5,3
-3.6845,68.1975,10.0,4.7,3
29.4224,129.2133,10.0,4.5,2
-14.2239,-72.8924,84.332,4.2,3
18.863166666667,-66.857,28.91,2.78,1
29.3051,129.4331,10.0,4.9,2
1.1965,96.9156,10.0,4.2,3
53.7919,-168.0734,61.686,2.7,1
40.301333333333,-124.6595,16.78,2.89,1
37.4015,-118.5715,11.17,2.65,1
29.236,129.314,10.0,4.4,2
-25.3585,179.5477,537.754,4.1,0
37.7035,-121.9965,10.58,2.9,1
-23.692,179.5203,596.912,4.4,0
-23.5733,-179.8765,515.761,4.3,0
12.4389,-89.4065,10.0,4.4,3
24.8414,95.4771,163.794,4.2,2
51.4666,-178.0809,44.477,3.1,1
31.5898333,-115.9725,12.28,3.75,1
37.042166666667,-121.132,4.28,3.34,1
9.167,94.0027,10.0,4.6,3
-17.4607,167.9042,35.0,5.1,3
-17.1913,-65.68,38.032,4.4,3
9.5382,94.0096,10.0,4.5,3
18.4068,-68.9528,110.0,4.04,3
-53.742,140.0773,10.0,4.5,3
18.6618,-68.2656,80.0,3.46,1
-4.8916,152.2379,58.116,4.6,3
17.588333333333,-67.268833333333,16.37,2.89,1
29.3301,129.5332,9.343,4.4,2
-28.328,-174.9091,10.0,4.7,3
18.9585,-66.308,33.0,3.49,1
-47.9602,116.4118,10.0,4.5,3
52.0551,-166.3199,10.0,2.6,1
-32.8172,-70.8678,78.377,4.1,3
-5.3549,128.4253,321.083,4.0,0
31.673,-104.425,6.7664,3.2,1
53.5667,-159.3453,10.0,3.2,1
43.7428,-105.3404,0.0,3.6,1
-55.2935,-27.9304,10.0,4.4,3
36.8209,45.0167,10.0,4.0,2
36.1168,139.8707,66.087,4.0,2
61.1318,-150.5746,60.5,3.0,1
51.2746,-177.04,35.0,2.6,1
29.296,129.4353,10.0,4.6,2
52.5682,-173.236,252.847,3.4,1
-60.9903,-38.9367,10.0,4.8,3
51.1255,-178.5754,32.18,2.7,1
15.8846,146.8056,48.577,4.4,2
41.081166666667,-123.36116666667,36.66,2.67,1
-8.2579,118.0548,12.067,4.2,3
54.9538,-161.0595,80.002,3.4,1
56.4383,-149.082,10.0,2.8,1
-60.9682,-38.5297,10.0,5.1,3
55.6749,-161.5516,172.905,2.7,1
19.107,-66.602833333333,23.03,2.87,1
30.7267,70.2794,10.0,4.1,2
19.134333333333,-66.682666666667,24.26,3.16,1
19.113333333333,-66.681,29.84,3.04,1
29.2866,129.4518,10.0,5.2,2
-5.6947,146.1066,81.099,4.3,3
19.118166666667,-66.680333333333,36.5,3.13,1
19.1095,-66.701666666667,21.21,2.97,1
-12.7592,-73.9049,84.212,4.5,3
40.3745,-124.966,10.0,2.77,1
23.2074,120.4011,10.0,4.4,2
23.2043,120.386,10.0,4.4,2
-31.9438,-71.342,49.072,4.5,3
39.564333333333,-120.30466666667,10.39,2.93,1
19.0785,-66.7275,35.0,2.9,1
19.092666666667,-66.721833333333,32.19,3.05,1
0.8435,126.7572,71.965,4.2,3
19.196166666667,-155.46,32.49,2.77,1
39.564,-120.3095,10.05,2.87,1
9.1818,93.7574,10.0,4.6,3
9.2662,93.8911,10.0,4.9,3
19.059,-66.6236,40.0,3.96,3
9.3928,93.9439,10.0,5.0,3
2.0506,126.7202,53.748,4.7,3
19.1401,-68.1766,85.0,3.69,1
32.314,-101.204,9.0088,2.5,1
9.4501,93.9908,12.217,4.9,3
33.1373,138.154,306.228,4.2,2
29.3258,129.3647,10.0,4.7,2
36.8827,71.2557,107.854,4.7,2
-6.433,130.4255,114.31,4.1,3
19.3331,-68.0131,7.0,3.51,1
-18.0579,-177.9631,628.268,4.0,0
-22.6251,-66.3753,247.528,4.2,3
52.9376,-168.8412,61.149,2.5,1
52.6804,-168.6544,35.0,2.8,1
51.5761,-168.5438,10.0,3.8,1
-6.4544,131.2977,35.0,4.5,3
8.1476,58.7081,10.0,4.5,3
17.923666666667,-66.912333333333,10.64,2.64,1
-9.2729,158.7752,10.0,4.5,3
7.7416,59.7774,10.0,4.5,3
-23.7534,178.8641,550.94,4.5,0
0.2945,-60.5105,11.668,4.0,3
12.7547,49.3782,10.0,4.2,3
40.342,-124.80333333333,8.09,2.75,1
-1.9974,-13.1468,10.0,4.2,3
29.3117,129.4362,10.0,4.3,2
40.4115,-124.67833333333,22.06,2.68,1
17.744333333333,-68.738,32.93,3.42,1
51.5551,-168.5459,10.0,2.8,1
53.8305,-166.449,10.0,2.8,1
17.648833333333,-67.5765,18.85,3.05,1
55.0645,-155.7683,6.9,2.8,1
61.5007,-150.9989,72.9,2.6,1
45.6845,42.2956,10.0,4.3,2
29.4287,129.3406,10.0,4.4,2
18.4245,-66.5965,117.57,3.21,1
61.8908,-150.9195,12.7,3.1,1
51.1234,179.2049,29.145,2.5,2
51.616,-178.7524,15.255,2.6,1
11.2303,-85.6205,184.702,4.5,3
72.7597,4.1031,10.0,4.4,2
43.588,144.7033,123.585,4.3,2
54.6951,-163.381,6.183,2.6,1
19.1669,-67.9095,35.0,2.7,1
-5.0924,102.4116,34.179,4.6,3
-13.6018,173.373,10.0,4.5,3
27.9572,105.0687,10.0,4.4,2
52.0219,-173.3868,70.92,2.8,1
54.7037,-163.3823,5.94,2.5,1
69.4936,-144.1622,13.2,3.3,1
-48.9779,121.8177,10.0,4.1,3
29.6691,81.7981,10.0,4.2,2
54.7,-163.3833,7.219,2.6,1
29.3486,129.2917,10.0,4.2,2
29.2506,129.5135,10.0,4.3,2
61.739,-151.4084,78.0,3.2,1
9.2583,94.0122,10.0,4.3,3
52.3128,175.8138,86.038,4.9,2
29.3819,129.4814,10.0,5.2,2
35.4405,22.9721,59.444,4.0,2
18.501833333333,-66.7975,84.34,2.92,1
-3.3008,146.5308,10.0,5.3,3
19.6602,146.8132,10.0,4.5,2
17.397333333333,-66.532833333333,24.39,2.87,1
29.3982,129.4199,10.0,4.5,2
3.864,-82.6341,10.0,5.1,3
7.6899,127.7952,10.0,4.4,3
37.3265,-117.91916666667,11.69,3.87,1
18.4283,-67.6136,5.0,3.66,1
45.0982,150.233,10.0,4.6,2
16.8422,145.6771,187.601,4.2,2
36.744333333333,-121.46066666667,8.1,2.86,1
-29.9981,-178.5042,142.344,4.7,3
37.316,-117.92066666667,11.6,4.54,1
29.3306,129.4734,10.0,4.4,2
36.829,-121.57083333333,6.12,2.92,1
30.3408,69.9587,10.0,4.6,2
-59.1535,-26.1201,35.0,4.5,3
60.3089,-152.2976,90.3,3.3,1
-16.3223,-173.9493,113.303,4.8,3
35.4465,27.8337,54.403,4.1,2
9.3226,93.9973,10.0,4.6,3
9.3119,93.8715,10.0,4.5,3
29.3062,129.3422,10.0,5.4,2
29.2716,129.1199,10.0,4.9,2
35.3261,133.2564,10.0,4.4,2
-4.2194,69.0708,10.0,4.3,3
-11.1036,165.5075,10.0,4.5,3
9.3592,93.818,10.0,4.5,3
42.8478,146.4327,44.061,4.2,2
-49.1395,124.9343,10.0,4.5,3
30.3495,69.7968,10.0,5.2,2
-6.0187,127.7589,394.419,4.4,0
60.3004,-152.5893,96.0,3.0,1
52.0465,-173.8318,72.505,3.6,1
-9.4544,118.9671,89.97,4.3,3
-6.7896,156.0666,130.714,4.1,3
13.7159,-90.8717,66.31,5.0,3
-6.44,147.9885,48.657,4.0,3
-11.9721,165.4685,10.0,4.6,3
43.6449,-105.1497,0.0,3.2,1
53.4402,-166.8007,79.606,3.4,1
19.3196,-109.041,10.0,4.0,1
-55.7567,-27.092,35.0,5.2,3
19.5749,146.5963,35.0,4.3,2
-6.7124,155.2234,46.005,4.3,3
51.3567,-178.1081,35.0,2.7,1
17.2831,-60.1479,21.47,4.1,3
-19.1369,-177.6793,599.809,4.3,0
-5.281,131.489,51.412,4.1,3
36.9878,-104.8339,2.309,3.4,1
-10.611,161.4664,34.026,4.2,3
28.0769,139.8114,424.572,4.0,0
53.1481,-161.659,10.0,3.1,1
53.1732,-166.581,35.0,2.6,1
36.5903,70.9303,199.268,4.1,2
50.3035,178.7411,10.0,2.5,2
-61.0363,-38.7333,10.0,4.2,3
51.462,-177.1763,10.0,2.7,1
2.7565,127.3287,53.159,5.3,3
-17.9667,-178.5633,611.607,4.0,0
52.0199,179.53,201.414,3.0,2
2.4082,127.1374,88.741,4.5,3
27.8992,-111.8568,10.0,4.1,1
19.0612,121.2893,43.638,4.1,2
18.090333333333,-64.943833333333,16.55,2.71,1
18.7506,-107.6322,10.0,4.0,1
-29.7175,-71.2545,50.446,4.8,3
72.414,142.0095,10.0,5.1,2
51.2531,-179.5964,35.0,3.1,1
5.2421,125.8164,109.727,4.1,3
51.4911,-174.7182,12.381,2.7,1
41.9163,-119.6181,5.1,2.5,1
40.422666666667,-125.28566666667,10.0,2.92,1
-60.9793,-38.9672,10.0,6.6,3
8.8826,126.3296,85.642,4.3,3
41.7831,82.422,10.0,4.5,2
18.8436,-68.2386,40.0,3.5,1
19.154666666667,-155.49983333333,34.53,2.92,1
51.4887,-168.5835,10.0,5.2,2
14.9359,-94.1828,10.0,4.3,3
14.683,-94.2466,10.0,4.7,3
14.7315,-94.1948,10.0,4.5,3
11.0653,-69.1312,10.0,4.2,3
-15.0945,-174.1901,87.858,4.8,3
18.788,-68.222,61.0,3.84,1
-59.9236,-25.253,10.0,4.6,3
24.8581,123.1937,118.701,4.4,2
-19.8818,-176.0335,229.0,5.5,3
18.49,145.7644,212.268,4.1,2
50.6517,177.3468,10.0,2.8,2
-15.7293,-177.4972,415.82,4.0,0
54.7306,-163.382,10.0,2.7,1
-22.7464,-70.6559,52.352,4.1,3
29.3165,129.3433,10.0,4.4,2
35.3076667,-118.5516667,5.74,2.73,1
31.725,-104.484,5.7922,2.7,1
41.9172,-119.6261,6.3,2.8,1
51.0487,-176.0694,10.0,2.5,1
54.6794,-163.3823,10.0,3.2,1
40.615,-122.42316666667,20.92,2.66,1
5.2202,125.7988,106.609,4.3,3
29.3501,129.3552,10.064,4.5,2
-6.3575,-11.5605,10.0,4.5,3
5.4211,126.0271,83.491,4.9,3
19.107666666667,-66.4685,30.56,3.07,1
5.2888,126.0425,99.77,6.0,3
17.884666666667,-66.396333333333,37.56,3.16,1
-10.3674,161.3064,70.252,4.3,3
63.1082,-150.8824,123.3,2.5,1
-18.0998,-178.5097,593.531,4.1,0
31.677,-104.365,6.2537,2.5,1
-47.7996,115.9578,10.0,4.6,3
51.8011,178.2531,145.346,2.5,2
31.684,-104.376,5.8948,2.5,1
31.666,-104.373,5.9973,2.7,1
31.674,-104.37,6.2537,2.9,1
66.8721,-163.6412,11.0,2.6,1
9.5357,93.8546,10.0,5.1,3
9.0956,93.9539,10.0,4.5,3
-6.1146,149.0611,10.0,4.3,3
9.2343,93.9758,10.0,4.3,3
66.8704,-163.497,8.2,2.6,1
51.9546,-175.4017,75.311,3.5,1
-31.0622,-178.6733,117.329,4.6,3
17.9905,-66.9055,6.44,2.52,1
39.7595,-120.5895,8.56,2.62,1
-26.5905,178.7837,550.873,4.0,0
40.609166666667,-122.41883333333,20.59,3.6,1
51.5133,-176.1382,35.0,2.7,1
-6.4499,147.907,62.453,4.5,3
42.9679,145.383,46.696,4.2,2
40.541666666667,-125.00866666667,23.51,2.63,1
9.3113,93.9417,10.0,4.3,3
-2.9325,136.8978,49.295,4.3,3
41.4264,19.5807,10.0,4.4,2
36.766333333333,-90.941833333333,10.21,2.94,1
-7.4607,127.884,175.024,4.5,3
-24.2712,179.736,574.872,4.1,0
-2.1982,-80.0324,61.56,4.7,3
-20.9999,-174.4345,35.0,4.3,3
-5.5149,152.9973,10.0,4.3,3
-21.55,-67.0122,229.476,4.3,3
-39.6702,-75.1516,10.0,4.3,3
50.1829,-176.9891,10.0,2.8,1
34.4403,98.9489,10.0,5.1,2
29.2677,129.4653,10.0,4.9,2
63.4003,-149.8104,95.9,2.6,1
-23.994,-69.4871,88.807,4.0,3
41.9157,-119.6214,6.9,3.4,1
55.3924,-156.0476,16.3,3.0,1
-10.683,164.1989,10.0,4.4,3
18.767,-64.3355,11.0,3.75,1
21.0319,-108.889,10.0,4.1,1
-3.1356,130.671,10.0,4.4,3
53.2053,-164.1263,10.0,3.4,1
-20.5523,-178.8698,622.042,4.1,0
-20.5123,-178.6755,606.608,4.0,0
36.5389,140.4701,63.208,4.6,2
-20.5367,-178.8275,624.994,4.7,0
41.9038,-119.5629,5.8,2.6,1
50.2502,-173.2148,10.0,3.8,1
60.0625,-152.9793,112.2,2.5,1
-3.978,101.4954,34.424,4.3,3
11.9549,143.5187,10.0,4.4,2
6.3683,126.3743,95.618,4.5,3
9.4621,94.0031,10.0,4.3,3
51.2791,-177.042,35.0,2.5,1
56.2848,-157.8541,61.5,2.6,1
50.9383,-179.8686,10.0,2.6,1
64.4991,-40.2659,10.0,4.4,2
31.2824,111.3398,10.0,4.5,2
-6.8923,125.3166,539.225,4.4,0
61.7504,-149.7453,35.7,2.8,1
18.674833333333,-66.737833333333,78.84,2.73,1
-6.1547,151.4009,10.0,4.5,3
51.1254,-179.858,10.0,3.3,1
56.2493,-156.5461,53.8,3.1,1
-29.4035,-176.5815,10.0,4.8,3
-52.7853,19.7054,10.0,4.6,3
-29.4769,-176.6905,10.0,4.8,3
53.2668,-164.1591,35.0,2.5,1
-52.808,19.8841,10.0,4.3,3
4.9874,124.3648,10.0,4.8,3
13.0326,-89.0543,72.181,4.4,3
43.8486,-128.0755,10.0,4.4,1
9.149,93.9022,10.0,4.3,3
9.3312,94.0146,14.446,4.5,3
9.1134,93.8217,10.0,4.1,3
-25.2243,179.8714,514.112,4.4,0
-25.4251,179.6797,504.783,4.6,0
2.9528,-31.3475,10.0,4.9,3
41.8951,-119.6181,5.6,2.7,1
-22.8279,-179.1866,523.472,4.5,0
41.8973,-119.6126,5.7,2.8,1
41.9022,-119.6136,7.7,3.0,1
-5.6392,154.3387,135.478,5.0,3
-15.0982,-172.9789,10.0,4.9,3
3.2829,-31.4821,10.0,4.6,3
40.285,-124.51566666667,20.75,2.66,1
59.2243,-152.4783,63.1,2.7,1
-15.3566,-72.037,118.506,4.3,3
18.9275,-68.1798,55.0,3.8,1
2.8472,-31.0716,10.0,4.4,3
-47.9879,116.6016,10.0,4.6,3
54.6964,-163.4072,7.482,2.7,1
54.7073,-163.383,10.86,2.6,1
36.8945,-97.29133333,7.82,3.36,1
40.442833333333,-125.29016666667,10.0,2.88,1
59.2043,-153.8103,120.0,2.9,1
52.1128,-171.3633,69.61,3.4,1
59.7783,-153.1183,98.5,2.7,1
53.7879,-165.5072,63.549,3.6,1
-35.7221,-17.0441,10.0,6.2,3
57.1838,-142.1784,10.0,2.8,1
19.047,-68.2978,31.0,3.48,1
39.5084,-99.1903,12.854,3.4,1
35.7433333,-117.566,4.44,2.7,1
19.0815,-68.3116,57.0,3.52,1
19.0076,-68.4321,69.0,3.9,3
9.2405,93.7565,10.0,4.3,3
19.1863,-68.2268,25.0,3.61,1
-19.4544,-70.2198,38.372,4.3,3
50.9337,-173.9767,10.0,2.9,1
43.7359,-105.408,0.0,3.0,1
45.0684,-106.8276,0.0,3.0,1
59.7435,-153.1086,104.2,3.2,1
16.2905,145.6009,535.74,4.8,0
51.0807,-176.1608,10.0,2.8,1
-16.2717,-172.9556,10.0,4.5,3
51.7515,178.5794,104.166,2.6,2
41.22,-93.0574,0.0,2.5,1
9.2161,93.7176,10.0,4.6,3
51.8524,-172.1478,35.0,2.9,1
51.8702,-172.0706,26.414,3.2,1
9.2702,94.3342,10.0,4.1,3
33.3358333,-115.7638333,5.3,2.75,1
51.6334,-175.1074,35.0,2.6,1
31.709,-104.166,6.7023,2.6,1
-20.889,-173.7415,10.0,4.5,3
19.1535,-64.128,35.0,2.9,1
72.6716,4.019,10.0,4.9,2
38.2378,22.0706,10.0,4.4,2
31.71,-104.168,6.9843,2.5,1
41.2675,-93.0986,0.0,3.0,1
19.6058,146.7683,10.0,4.5,2
-5.7849,154.2729,142.013,4.2,3
30.0057,142.5793,10.0,4.4,2
-2.2271,101.1577,95.015,4.2,3
29.1776,129.4011,10.0,4.5,2
-7.0417,150.3444,10.0,4.3,3
9.3263,93.9061,10.0,4.9,3
19.3716,-66.161,35.0,3.83,1
36.576,143.8286,10.0,4.7,2
64.6543,-40.2593,10.0,4.2,2
38.6645,-97.4921,5.0,2.6,1
1.4969,127.0354,124.95,4.6,3
-22.8203,-177.2155,196.89,5.3,3
-21.4617,-179.0454,588.803,4.4,0
31.05,-103.721,8.2275,2.8,1
-55.7996,-27.5909,91.138,4.6,3
60.1273,-153.0559,128.6,2.6,1
22.58,95.7825,10.0,4.3,2
2.5343,126.1039,63.607,4.4,3
28.4842,105.1015,10.0,4.5,2
9.5898,94.207,10.0,4.4,3
64.5488,-39.9738,10.0,4.5,2
40.314166666667,-124.673,19.09,2.93,1
29.3167,129.4731,10.0,4.5,2
10.6485,-86.425,10.0,4.3,3
36.2857,70.6103,104.431,4.1,2
41.2624,-93.0489,0.0,3.3,1
36.5599,71.2843,222.085,4.0,2
36.5056,140.5946,62.943,4.4,2
31.621,-104.361,6.4075,2.7,1
18.7803,-68.2215,57.0,3.91,3
19.063833333333,-67.3455,44.53,3.42,1
19.1318,-67.4576,31.0,3.6,1
9.4548,93.9818,10.0,4.5,3
51.9869,-176.4378,14.66,2.9,1
54.4796,-161.6124,35.0,3.0,1
44.0302,86.8984,10.0,4.4,2
19.2371,-68.1011,52.0,4.08,3
-24.1237,-67.0744,188.778,4.2,3
18.795,-68.3066,58.0,3.65,1
-11.5648,166.2719,86.02,4.5,3
9.3808,93.9854,10.0,4.7,3
9.4363,93.8934,10.0,5.4,3
18.4335,-64.319166666667,77.29,2.96,1
30.0272,131.2318,35.0,4.5,2
9.3411,93.8007,10.0,4.5,3
-41.4874,80.4508,10.0,5.2,3
9.5066,94.0004,10.0,4.8,3
51.7415,179.6497,116.931,2.8,2
18.766666666667,-68.234333333333,54.82,3.27,1
31.63,-104.297,6.9202,3.0,1
-6.3936,130.1817,115.7,4.8,3
18.687166666667,-66.607666666667,8.53,3.03,1
19.108,-68.337666666667,41.16,3.37,1
-21.3096,-67.1753,192.127,4.6,3
12.6711,120.8885,10.0,4.3,2
-23.9576,-179.6961,487.707,4.7,0
18.5155,-66.220166666667,92.06,3.23,1
-55.2268,-27.8574,10.0,4.4,3
7.9049,126.5621,86.065,4.3,3
-3.9403,99.2707,10.0,4.3,3
18.9545,-68.139,6.04,3.08,1
11.2328,-61.3736,76.93,4.4,3
9.2948,93.9639,10.0,4.6,3
56.5375,-149.1716,10.0,2.7,1
34.1615,-118.4366667,5.38,2.67,1
51.8814,-173.7723,64.786,3.3,1
9.5367,94.1242,10.0,4.2,3
-26.4374,-175.6566,10.0,4.5,3
40.3725,-124.99233333333,14.98,2.84,1
36.8328,54.9529,10.0,4.5,2
16.9035,146.1767,126.288,4.1,2
54.9678,-159.6106,12.647,2.8,1
18.944,-67.441,74.73,3.43,1
42.7223,-111.4605,5.077,2.5,1
2.7963,-31.1245,10.0,4.4,3
9.3701,93.9935,10.0,4.3,3
29.283,129.3546,10.0,4.1,2
9.3326,93.9986,10.0,4.5,3
9.2566,93.9113,10.0,4.1,3
-15.9102,167.3193,16.121,4.4,3
51.7383,-179.0857,14.148,3.1,1
9.3075,93.7511,10.0,4.2,3
18.623333333333,-67.676166666667,20.67,2.91,1
9.5091,94.0036,10.0,4.6,3
18.872333333333,-67.367,17.24,2.94,1
1.7437,126.5864,49.919,4.1,3
31.681,-104.417,6.0999,2.5,1
9.3664,94.0616,10.0,4.9,3
51.3185,-168.8885,10.0,3.0,1
-28.7248,-178.3498,209.157,4.2,3
29.3138,129.4862,10.0,4.2,2
19.096666666667,-67.332833333333,23.12,2.96,1
9.3798,93.87,10.0,4.6,3
19.1005,-67.4176,11.0,3.75,1
18.977,-67.513666666667,7.32,3.11,1
18.680166666667,-67.211833333333,17.1,3.19,1
18.963166666667,-68.272,41.93,3.36,1
18.8159,-67.9267,13.605,2.6,1
9.5365,93.7405,10.0,4.6,3
9.2684,93.9307,10.0,4.5,3
-40.9652,174.5345,55.434,4.4,3
40.428,-125.05266666667,5.92,2.66,1
51.5417,-177.604,64.258,2.9,1
52.7629,160.91,32.003,4.0,2
18.850333333333,-67.434,19.98,3.32,1
60.1081,-140.8551,2.4,3.0,1
19.074,-67.427333333333,13.24,3.36,1
18.589666666667,-67.408166666667,22.71,3.15,1
19.0608,-67.4945,22.72,3.0,1
18.729666666667,-67.4415,36.41,3.23,1
51.6214,16.1991,5.0,4.2,2
19.0817,-67.4083,22.39,2.5,1
9.3465,93.8265,10.0,4.9,3
9.5201,93.4167,10.0,4.5,3
9.745,93.931,10.0,4.1,3
19.1273,-67.4235,19.0,3.73,1
19.124,-67.4113,22.199,3.1,1
19.1134,-67.4561,20.006,3.4,1
-4.1671,140.3994,35.698,4.1,3
9.2217,93.8561,10.0,4.6,3
18.9856,-68.2538,55.0,3.3,1
19.0951,-67.6006,59.0,3.57,1
18.9553,-67.4941,78.0,3.54,1
9.1574,93.9195,10.0,4.6,3
38.262,73.0607,104.769,4.3,2
37.404,19.7513,10.0,4.3,2
54.4056,-163.2301,10.0,2.6,1
66.8633,-163.3513,24.4,2.9,1
19.3046,-68.0783,56.0,3.58,1
29.2029,129.3592,10.0,4.5,2
-22.1525,-67.3866,182.56,4.4,3
-23.5226,-179.7744,558.917,4.7,0
29.3177,129.3656,10.0,5.1,2
-19.7029,-177.3837,375.794,4.0,0
40.362333333333,-125.08216666667,-0.13,2.91,1
19.1305,-68.0856,65.0,3.8,1
39.3494,71.7208,10.0,4.2,2
19.4241,-68.0003,23.0,4.16,3
19.0533,-67.948,35.0,2.9,1
4.4147,126.7057,58.242,5.0,3
19.162,-68.0774,10.0,2.7,1
2.9959,128.2359,62.029,4.2,3
-21.6999,-179.5578,604.943,4.2,0
9.6069,93.9175,10.0,4.4,3
-31.6344,-72.6673,10.0,4.3,3
19.4496,-68.0428,54.0,3.58,1
19.3625,-68.0553,56.0,3.59,1
34.9271,26.6098,10.0,4.3,2
38.0117,36.1273,7.925,4.4,2
19.1986,-68.1752,9.739,2.6,1
37.665,19.9335,25.569,4.1,2
19.1418,-68.2583,32.0,3.68,1
18.806,-68.1893,31.0,3.5,1
3.0099,-31.2949,10.0,4.6,3
19.291,-68.1551,74.0,3.65,1
19.1645,-68.0183,5.513,2.9,1
19.0415,-68.3296,57.0,3.67,1
-18.0225,-178.2053,557.71,5.0,0
19.0491,-68.1803,128.0,3.71,1
-20.6853,-174.1519,10.0,4.6,3
41.4194,19.5601,10.0,4.2,2
-29.2958,-71.7148,32.778,4.2,3
19.0965,-68.0551,10.0,3.3,1
19.2245,-68.1103,68.0,5.7,3
-10.9655,162.6253,39.859,5.5,3
7.9765,129.9606,10.0,6.2,3
-29.2746,-68.3171,51.587,4.8,3
59.898,-152.6139,80.4,2.9,1
18.2585,-66.4155,37.49,2.63,1
-3.8526,-102.6551,10.0,4.6,3
31.551,-104.159,5.8948,3.0,1
51.904,178.2163,114.127,2.8,2
63.2548,-151.8458,11.9,4.1,1
-3.2855,141.142,24.139,4.5,3
50.0819,-179.9528,10.0,3.0,1
-8.8521,-74.5921,144.588,4.6,3
-32.3699,179.3824,399.005,4.1,0
18.468,-68.9703,80.0,3.87,3
30.143,103.6923,10.0,4.2,2
50.7026,149.9577,520.027,4.1,0
55.3978,-155.8971,12.0,2.7,1
-1.511,-80.9737,10.0,4.0,3
-23.8589,-67.7832,152.805,4.5,3
44.3324,-105.3367,0.0,2.5,1
44.051,-105.3094,0.0,2.8,1
13.7816,144.6729,146.154,5.4,3
-6.2118,151.8342,10.0,4.9,3
53.0132,-168.4006,76.444,2.8,1
39.7107,70.1945,15.191,4.2,2
-20.9615,-178.7236,583.264,4.5,0
23.7666,121.4181,24.95,4.4,2
42.2035,144.6299,34.552,4.8,2
29.3425,129.3401,10.0,5.0,2
38.3958,-117.9779,12.9,2.6,1
29.4045,129.1194,10.0,4.4,2
29.2721,129.5069,10.0,4.5,2
29.3027,129.5391,10.0,5.1,2
29.2823,129.3891,10.0,4.5,2
29.2758,129.5665,10.0,4.3,2
29.3616,129.3346,10.0,4.4,2
13.9164,144.6392,195.36,4.1,3
-12.5691,-71.1653,10.0,4.7,3
34.5711,34.1328,10.0,4.8,2
7.484,-77.1241,45.11,4.4,3
23.8192,113.0399,10.0,4.0,2
-10.331,161.5065,84.826,4.4,3
42.0569,142.3812,66.098,4.1,2
4.5768,-73.2685,10.0,4.5,3
-6.093,145.9206,139.411,4.2,3
18.324666666667,-66.164833333333,58.01,2.6,1
29.1634,129.4221,10.0,4.3,2
29.1271,129.6342,10.0,4.2,2
29.3256,129.5979,10.0,4.5,2
29.2136,129.5771,10.0,4.9,2
51.8363,-173.0987,35.0,2.9,1
38.396,-117.9795,12.9,2.5,1
29.2812,129.4483,10.0,4.3,2
-29.3547,-68.2498,24.5,4.3,3
29.2783,129.241,16.37,4.3,2
55.6671,-149.2186,15.918,3.4,1
52.3448,-175.9053,185.868,2.7,1
-25.0409,-176.5324,35.0,4.4,3
-5.9266,150.7454,67.624,5.3,3
51.0565,179.1573,26.518,2.6,2
37.5936,-117.7287,6.1,3.4,1
2.3985,128.2662,205.772,4.3,3
-22.9566,-68.5438,115.506,4.4,3
29.2959,129.4315,16.063,4.2,2
29.3266,129.2927,8.12,4.5,2
-8.2613,107.1413,35.0,4.7,3
43.3761,-61.4153,10.0,3.8,1
2.9452,-31.1905,10.0,4.7,3
3.0943,-31.2122,10.0,4.7,3
2.5853,-79.7833,10.0,4.3,3
18.626,95.0872,78.124,4.4,2
51.339,-177.6975,35.0,2.7,1
6.2483,126.4764,83.347,4.6,3
-38.0854,-74.0264,10.0,4.3,3
62.3523,-149.1466,3.3,2.6,1
-5.2184,154.277,173.523,4.3,3
52.5159,-162.6037,10.0,3.1,1
51.7639,-179.0724,14.473,2.9,1
42.6079,147.1388,10.0,4.1,2
44.1466,86.8597,10.0,4.2,2
51.9415,-178.6203,136.083,2.9,1
9.2761,126.7381,35.0,4.4,3
51.0857,179.1693,26.791,2.5,2
38.805666666667,-122.77066666667,0.2,3.35,1
61.6946,-151.7804,94.0,3.6,1
-21.6274,-179.4628,606.97,4.4,0
41.463,140.7428,155.513,4.2,2
29.296,129.2675,10.0,4.4,2
41.8886,-119.5589,2.9,2.8,1
18.015166666667,-66.744333333333,13.22,2.7,1
-21.7213,-68.8386,122.143,4.5,3
29.3391,129.3935,10.0,4.7,2
51.5181,-179.4953,67.019,2.5,1
42.7101,146.6667,10.0,4.2,2
-21.6492,-68.5175,132.928,4.3,3
13.5675,-91.2791,35.0,4.3,3
40.846,-124.12583333333,23.66,3.15,1
-19.9677,-173.2301,10.0,4.6,3
-31.6817,-69.3335,121.016,4.7,3
31.052,-103.725,5.5103,2.6,1
64.7361,-171.5456,11.3,2.5,1
34.1585,80.2244,10.0,4.4,2
21.6282,142.9336,314.719,4.2,0
57.1985,-155.4144,55.0,2.9,1
19.469666666667,-64.859333333333,25.04,3.38,1
42.7471,146.4196,35.0,4.0,2
-26.3577,-177.6499,10.0,4.4,3
52.5053,-164.2902,10.0,2.6,1
-4.4333,104.0158,116.915,4.3,3
-3.3034,130.3017,10.0,4.8,3
31.043,-103.721,8.6377,2.6,1
51.8442,-179.6191,120.176,3.6,1
-11.3047,165.0563,10.0,4.5,3
-12.2556,167.1956,255.664,4.7,3
17.912666666667,-67.11,10.72,2.84,1
42.8433,146.3445,35.0,4.2,2
-3.3888,128.6923,34.574,4.7,3
-7.6953,128.3631,85.361,4.3,3
51.6355,-175.1977,35.0,3.5,1
29.3483,130.5906,42.233,4.5,2
29.3883,129.4888,10.0,4.3,2
29.2121,129.4659,10.0,4.3,2
9.1229,126.9743,10.0,4.3,3
29.2949,129.4832,10.0,4.2,2
29.2979,129.4444,10.0,5.0,2
-17.6656,168.2501,63.474,4.1,3
37.966333333333,-118.673,13.2,2.96,1
-26.3825,-177.3807,10.0,5.3,3
-26.2189,-177.4518,10.0,5.0,3
50.2478,177.8665,10.0,3.2,2
-45.5349,-76.795,10.0,4.4,3
29.3918,129.2546,10.0,4.6,2
27.8174,56.7028,10.0,4.4,2
37.181666666667,-121.57783333333,2.75,2.5,1
29.2788,129.5414,10.0,4.4,2
29.3405,129.3615,10.0,4.4,2
29.2824,129.3047,10.0,4.6,2
-36.529,-73.0687,35.0,4.1,3
29.343,129.308,10.0,4.8,2
-11.8328,166.6422,181.077,4.5,3
-6.6339,147.6278,42.999,4.2,3
3.0762,-31.3443,10.0,4.6,3
51.1339,-175.9306,10.0,2.7,1
-17.98,-178.3576,605.504,4.5,0
43.3095,146.1939,35.0,4.3,2
42.9837,146.2363,35.0,4.0,2
43.1088,146.4001,95.025,4.1,2
31.954,-103.367,7.843,3.0,1
52.0677,179.6096,172.408,2.9,2
10.5057,-86.779,10.0,4.3,3
29.3037,129.4602,10.0,4.7,2
42.5536,146.7106,10.0,4.5,2
35.4034,31.1401,49.243,4.0,2
29.4276,129.1139,10.0,4.5,2
42.7638,146.4289,35.0,4.3,2
70.8714,-137.1538,25.2,2.6,1
52.8377,-169.8499,86.491,2.7,1
42.8989,146.573,39.188,5.3,2
42.8951,146.4037,18.0,6.0,2
29.187,129.4981,10.0,4.7,2
29.2336,129.0476,10.0,4.4,2
29.3526,129.3488,10.0,4.5,2
2.8603,-31.2444,10.0,4.9,3
-2.6158,-79.6742,49.966,5.2,3
29.2727,129.4856,10.0,4.5,2
14.9447,147.0388,37.539,4.6,2
19.159333333333,-155.50333333333,34.5,2.73,1
-6.6156,105.2585,62.384,4.9,3
54.56,-163.613,8.095,2.8,1
54.5749,-163.6368,8.54,3.2,1
-57.1047,-66.6962,10.0,4.9,3
-6.6171,129.6733,138.85,4.7,3
42.8497,146.6636,19.538,4.9,2
38.0069,20.1919,51.068,4.2,2
38.3966,-117.9801,11.8,3.2,1
29.3327,129.291,10.0,4.5,2
37.8993,20.1997,10.0,4.6,2
12.7855,120.8882,10.0,4.4,2
38.1737,-116.8199,9.4,2.7,1
54.514,-163.5924,7.706,3.0,1
31.659,-104.368,7.3303,3.1,1
-18.138,-178.3419,547.928,4.2,0
-24.2812,179.795,527.083,4.2,0
18.7503,-64.3398,49.0,3.76,1
17.4741,-94.6995,147.499,4.2,3
-8.9108,124.0705,106.559,4.4,3
18.185666666667,-67.377833333333,19.32,2.75,1
-6.3252,130.4119,112.551,4.4,3
-33.632,-70.3934,106.948,4.4,3
18.260333333333,-66.26,14.66,3.0,1
53.6075,-164.1546,55.415,2.5,1
64.5125,-40.0663,10.0,4.2,2
64.5234,-39.9362,10.0,4.5,2
-23.8618,-179.9581,529.184,4.3,0
-23.9369,-179.8111,529.302,4.1,0
40.409333333333,-125.07933333333,10.0,2.94,1
-32.8127,179.7691,225.521,4.4,3
18.6672,-46.5158,10.0,4.4,3
-7.914,108.1714,80.713,4.6,3
51.7314,-179.1147,10.0,2.8,1
51.7323,-179.0791,10.0,2.8,1
52.0844,-175.977,195.998,3.0,1
17.824166666667,-65.380333333333,19.26,3.29,1
2.9552,-31.3953,10.0,4.5,3
3.0945,-31.3985,10.0,4.7,3
-29.1431,-68.8739,22.369,4.1,3
62.2003,-151.022,67.6,3.3,1
36.8756,-104.8283,5.0,2.7,1
-21.2202,168.6323,10.0,4.6,3
-13.0353,-74.503,76.246,4.6,3
42.0602,-29.2053,10.0,4.3,2
53.5434,-164.841,33.903,2.7,1
53.464,-163.8672,10.0,2.5,1
-55.5656,-28.7976,87.043,4.4,3
-55.2936,-28.1682,29.119,4.0,3
42.8324,146.8576,10.0,4.2,2
51.9942,-174.9259,69.507,2.9,1
51.4067,-177.9825,37.871,2.7,1
60.157,-153.004,121.3,3.0,1
6.7077,126.7647,167.281,4.2,3
19.145666666667,-155.5045,35.76,2.8,1
38.4724,-116.4928,0.0,2.7,1
-22.1385,-179.8,606.632,4.1,0
44.6606,150.2677,35.0,4.5,2
2.5667,-31.1345,10.0,4.8,3
-3.1025,139.5036,39.466,4.0,3
53.4058,-164.5389,35.0,2.9,1
2.4911,-76.2254,35.053,4.4,3
45.8853,148.546,183.077,4.1,2
-57.9086,-9.2322,10.0,4.9,3
5.74,126.1967,132.625,4.4,3
31.3221,138.4064,364.323,4.4,0
-47.8453,115.8899,10.0,4.7,3
35.3963,53.0254,10.0,4.9,2
-3.8117,131.512,10.0,4.5,3
-18.0232,-178.3952,595.736,4.4,0
36.6846,25.7839,10.0,4.6,2
34.8716,23.3565,44.531,4.9,2
40.6446,-127.2223,10.0,2.9,1
18.8933,145.5241,245.626,4.2,2
40.6765,-127.2542,10.0,2.9,1
-22.3355,171.5245,114.212,4.6,3
62.3571,-149.1319,3.6,3.0,1
13.8426,144.8408,151.627,4.2,2
54.2185,-160.9381,10.0,3.0,1
19.037,145.8981,149.951,4.0,2
2.8774,-31.3365,10.0,5.0,3
51.5878,-175.1586,35.0,2.5,1
35.6682,140.1503,73.845,4.4,2
-60.6184,-19.8862,10.0,5.1,3
14.075,-91.3428,76.758,4.6,3
3.0734,-31.2893,10.0,4.8,3
2.951,-31.4191,10.0,4.6,3
-6.9672,129.6672,141.95,4.2,3
40.3555,-124.70766666667,20.51,3.05,1
36.939333333333,-121.559,6.87,2.6,1
62.5296,-151.154,86.0,3.1,1
29.917,99.7797,10.0,4.2,2
7.2367,-82.35,10.0,4.1,3
37.7173,19.8743,10.0,4.1,2
40.6277,-125.8577,10.0,2.5,1
-6.2371,151.4888,10.0,4.7,3
-20.7288,-69.1677,103.92,4.3,3
61.9563,-148.3528,15.1,2.5,1
3.012,-31.3323,10.0,4.9,3
7.2986,126.6409,92.329,4.0,3
34.7355,140.7115,49.896,4.4,2
34.7738,62.1033,10.0,4.6,2
62.5188,-151.2943,75.0,2.8,1
51.6908,-177.4428,10.2,2.5,1
53.9194,-163.9473,35.0,2.6,1
37.3035,-115.7154,11.2,2.9,1
3.1322,-31.4123,10.0,4.6,3
3.0098,-31.4978,10.0,5.0,3
-57.223,-67.0247,10.0,4.6,3
21.9585,119.7862,10.0,4.9,2
2.952,-31.2752,10.0,4.5,3
35.5794,58.4298,10.0,4.2,2
2.8455,-31.3401,10.0,4.3,3
3.0571,-31.3417,10.0,4.9,3
56.8186,-155.9696,24.9,2.5,1
44.0448,-28.3804,10.0,4.5,2
2.9049,-31.3588,10.0,4.7,3
56.6292,-149.1082,10.0,2.7,1
-6.171,147.856,37.0,5.5,3
3.1095,-31.3631,10.0,4.9,3
56.2144,-149.356,10.0,2.6,1
2.9103,-31.5242,10.0,4.5,3
62.0468,-151.3922,85.0,2.5,1
2.9684,-31.4072,10.0,5.0,3
52.5176,160.7506,27.845,4.1,2
0.8027,-28.9079,10.0,5.1,3
2.8875,-31.3647,10.0,4.8,3
2.7115,-31.2577,10.0,4.3,3
51.4098,178.2538,35.0,2.9,2
61.3671,-151.8281,97.2,2.6,1
3.3331,-31.2824,10.0,4.3,3
2.8767,-31.3804,10.0,4.7,3
2.9504,-31.3093,10.0,5.3,3
3.0847,-31.4127,10.0,4.6,3
53.5822,-164.1355,35.0,3.0,1
3.0133,-31.3637,10.0,4.9,3
2.969,-31.1441,10.0,4.9,3
3.0511,-31.3163,10.0,4.9,3
17.156,147.2637,31.67,5.1,2
12.0909,-88.2878,10.0,4.7,3
3.0444,-31.2991,10.0,5.1,3
3.0244,-31.2871,10.0,4.8,3
2.4741,-31.1717,10.0,4.5,3
3.0935,-31.4434,10.0,4.5,3
2.8597,-31.2512,10.0,4.7,3
-3.4001,128.7228,52.68,4.4,3
3.391,-31.5063,10.0,4.5,3
-11.8875,165.3115,10.0,4.6,3
23.7607,94.6583,109.653,4.6,2
52.4861,-169.6269,21.469,3.5,1
-5.0038,144.2892,91.934,4.3,3
16.0294,-96.5603,37.287,4.1,3
28.126,129.6949,35.0,4.4,2
18.272333333333,-67.0525,23.51,2.75,1
27.8589,56.9111,10.0,4.1,2
33.6428,139.4938,10.0,4.7,2
45.801,151.8721,35.0,4.4,2
51.5104,178.5927,64.839,2.5,2
-18.0339,-179.2761,632.66,4.1,0
48.42,-122.40066666667,8.13,2.76,1
-32.4483,-68.071,144.202,4.6,3
48.420166666667,-122.39733333333,9.92,2.57,1
-21.2285,-68.7168,117.126,4.2,3
31.672,-104.19,6.0999,2.5,1
-19.1035,169.3791,222.925,4.2,3
13.1197,-81.1436,10.0,4.8,3
59.743,-152.9149,97.5,2.8,1
42.8127,146.4565,35.0,4.2,2
-20.9575,-174.997,41.894,4.6,3
19.085833333333,-66.425333333333,25.72,3.13,1
40.7832,142.2579,54.203,4.2,2
14.8255,54.9805,10.0,4.2,3
50.0123,-176.9202,10.0,3.4,1
54.7456,-159.4822,23.964,2.8,1
-0.8567,-78.1327,10.0,4.4,3
-18.5696,65.2,10.0,4.5,3
-18.6406,65.2615,10.0,4.4,3
23.9296,122.3211,22.534,4.3,2
19.1185,-66.457833333333,20.1,2.88,1
42.9403,146.4787,19.0,5.9,2
19.141833333333,-66.446166666667,20.54,2.81,1
53.8387,-166.8122,5.0,3.3,1
35.941833333333,-120.49166666667,10.28,3.35,1
-22.7481,-66.3292,245.534,4.3,3
-47.5585,165.4913,10.0,4.4,3
19.6506,-65.4458,50.0,3.53,1
53.4919,-165.3258,23.065,4.2,1
19.6185,-65.4323,65.0,3.51,1
54.6305,-161.1443,35.0,2.8,1
52.3204,-170.654,60.964,3.1,1
-19.2929,-174.5261,60.89,4.6,3
18.74,-63.625333333333,24.65,3.43,1
55.5466,-161.7285,116.952,2.6,1
53.8319,-166.4632,12.516,2.5,1
13.6478,120.8577,208.633,4.3,3
54.9199,-156.2757,11.2,3.0,1
60.146,-151.1334,56.5,2.5,1
54.6307,-162.7767,16.675,2.5,1
31.656,-104.295,6.5613,3.0,1
39.7114,143.3391,28.699,4.3,2
-47.5843,165.542,10.0,5.4,3
-50.7727,-27.8732,10.0,4.6,3
-30.3971,-176.88,10.0,4.4,3
12.7999,123.5914,10.0,4.5,2
32.0487,131.8488,51.411,4.8,2
17.9665,145.2986,311.505,3.9,0
-21.2635,-179.2155,618.221,4.9,0
42.1866,91.4236,10.0,4.3,2
13.0775,-88.5694,79.464,5.4,3
32.2779,-103.2947,4.506,3.4,1
14.9469,-94.235,10.0,4.2,3
14.6594,-94.3057,10.0,4.1,3
14.8447,-94.114,10.0,4.7,3
66.088,-148.9618,15.9,3.1,1
-7.455,128.3425,134.732,4.3,3
54.936,-156.4122,16.3,2.7,1
14.7728,-94.0883,9.0,5.8,3
54.962,-156.3627,29.7,2.8,1
-28.0423,-66.8839,172.204,4.2,3
54.5308,-162.7177,10.0,2.9,1
-8.2761,107.0433,41.036,4.9,3
50.0734,178.0296,10.0,3.0,2
-17.0648,167.9348,23.559,4.4,3
51.6874,-177.439,10.037,2.6,1
63.0862,-149.6391,87.5,3.7,1
-21.0773,-69.0136,108.812,4.1,3
55.0719,-158.7388,20.0,2.8,1
3.5505,126.7713,49.644,4.5,3
31.543,-104.163,6.0999,3.0,1
15.5435,145.8247,122.582,4.2,2
60.0104,-134.9247,4.17,2.7,1
57.2335,-155.4111,51.8,3.2,1
33.7255,-117.5048333,9.86,2.66,1
13.0065,123.8456,123.213,4.4,3
56.0795,-150.0732,10.0,2.9,1
52.3421,-176.1091,226.728,2.7,1
-6.2751,129.0844,234.262,4.5,3
-16.415,178.3725,10.0,4.6,3
51.3112,160.9169,10.0,4.2,2
-15.7046,-173.6311,55.271,4.6,3
54.6418,-162.8224,10.0,3.1,1
-17.1134,-179.3885,572.607,4.3,0
50.2825,-178.4449,10.0,2.5,1
31.701,-104.133,6.933,2.5,1
-57.9144,-25.4478,68.264,5.0,3
5.8112,125.5447,67.379,4.6,3
39.9715,-98.85,5.0,2.6,1
44.2086,-115.0688,10.0,2.8,1
61.4181,-148.0075,20.6,3.4,1
31.658,-104.302,7.074,3.1,1
13.0012,145.0141,35.0,3.8,2
-4.6443,139.2885,10.0,4.3,3
36.1147,70.419,107.879,4.2,2
-7.5997,133.4057,10.0,4.5,3
-18.2633,-178.7306,544.99,4.1,0
44.7743,148.4408,78.22,4.2,2
34.8438,24.0579,45.21,4.6,2
29.051,51.4812,10.0,4.2,2
-18.2894,-175.1822,263.819,4.2,3
14.2977,-93.9318,10.0,4.1,3
-18.39,-177.7431,591.078,4.1,0
-36.3897,-98.1644,10.0,5.1,3
4.0355,95.8857,69.373,4.3,3
-8.3706,117.8192,21.11,4.5,3
-50.3426,112.7229,10.0,4.6,3
-4.2865,102.4076,69.631,4.4,3
-50.3231,112.5822,10.0,4.5,3
11.6512,125.5795,55.483,4.2,2
-50.2528,112.7707,10.0,4.4,3
38.9238,70.8581,10.776,4.5,2
-4.8915,102.9727,65.331,4.7,3
51.7897,175.7969,49.761,4.4,2
-22.8243,-175.3111,10.0,4.7,3
-23.2021,-175.2174,10.0,4.9,3
41.1234,-116.2584,3.7,2.7,1
-23.0494,-175.2251,10.0,4.3,3
36.8449,70.7042,189.553,4.1,2
51.3789,178.4863,35.0,2.9,2
50.2545,-178.4862,10.0,3.0,1
-23.0795,-174.9504,10.0,4.7,3
41.1143,-116.2924,1.7,3.2,1
38.046333333333,-118.78533333333,10.4,2.93,1
8.2198,126.7159,53.724,5.3,3
-23.7096,-174.4933,10.0,4.7,3
50.6854,156.7445,99.345,4.7,2
-33.0595,-13.3452,10.0,5.0,3
43.2373,-126.8983,10.0,2.6,1
10.4853,138.5123,10.0,4.7,2
31.675,-104.366,6.5613,2.5,1
-0.8783,-78.1101,4.899,4.2,3
54.4304,-161.4294,10.0,2.6,1
30.9563,67.3163,10.0,4.5,2
2.193,126.583,64.54,5.1,3
26.7438,139.342,580.248,4.0,0
67.4919,-161.735,4.0,3.0,1
20.1021,145.2197,35.0,4.5,2
-19.081,-177.6101,559.298,4.2,0
-19.2739,-177.5505,559.03,4.3,0
1.6188,125.9846,73.706,4.4,3
-7.0937,155.6701,70.527,4.8,3
-24.0319,-66.6751,190.999,4.4,3
-0.9126,-78.2111,10.0,5.0,3
-25.2959,179.7523,513.349,4.4,0
-22.7414,-12.7919,10.0,4.7,3
34.4204,140.2268,114.964,4.1,2
-5.2351,151.4657,142.336,4.2,3
-20.7698,-69.7412,49.405,3.7,3
52.1742,-172.7748,69.691,2.9,1
45.3712,149.0886,116.134,4.2,2
16.3431,145.9123,556.218,3.7,0
15.4975,-94.8874,38.665,4.9,3
46.508333333333,-122.3925,18.69,2.66,1
1.3616,128.9236,10.0,4.2,3
40.397166666667,-125.022,10.22,2.52,1
-49.3989,30.5333,10.0,4.3,3
31.616,-103.99,7.7277,2.5,1
31.955,-103.362,7.6379,2.8,1
31.61,-103.986,7.561,2.9,1
31.673,-104.38,6.1511,2.8,1
39.7996,23.4607,13.226,4.3,2
18.956333333333,-64.998166666667,38.14,3.13,1
18.961833333333,-65.016166666667,22.12,3.08,1
54.9209,-161.064,52.377,3.7,1
-20.1375,67.2727,10.0,4.5,3
19.033166666667,-64.999333333333,21.96,3.19,1
18.967666666667,-65.006166666667,37.01,2.87,1
51.4193,-175.9854,35.0,2.7,1
64.6899,-151.7624,11.2,3.4,1
18.968,-65.0105,20.89,3.19,1
18.923333333333,-65.016333333333,19.14,3.23,1
11.8994,-61.2054,68.69,4.3,3
-49.9573,-113.3065,10.0,4.9,3
54.7081,-163.6293,95.97,2.5,1
-1.1583,129.6805,10.0,4.6,3
36.5447,70.3631,198.877,4.4,2
21.8711,119.6383,10.0,4.6,2
59.9064,-153.3053,130.5,3.1,1
14.8139,54.8332,10.0,4.9,3
-15.8562,-70.2729,227.492,4.2,3
-4.6573,153.5717,108.393,4.6,3
17.9385,-66.838166666667,13.36,2.54,1
14.693,54.7985,10.0,4.7,3
32.005,-103.808,7.3431,3.0,1
10.8873,93.5681,124.708,4.8,3
-10.8681,161.3367,10.0,4.3,3
14.8887,54.9835,10.0,4.8,3
-23.028,-66.0735,241.227,4.6,3
69.5342,-144.7855,4.4,3.0,1
14.5854,-91.5632,127.024,4.0,3
-10.7646,161.6979,35.0,4.5,3
-10.857,161.4929,10.0,4.6,3
51.878,-177.2904,16.19,2.8,1
-22.4878,-67.7596,160.357,4.3,3
31.94,-103.385,5.6256,2.6,1
-38.9228,-91.3771,10.0,4.5,3
69.0871,137.9228,10.0,4.2,2
-20.1781,67.8236,10.0,4.9,3
31.941,-103.383,6.0486,2.6,1
43.2933,-127.6703,10.0,2.8,1
-17.084,-174.0827,96.721,5.0,3
17.680166666667,-65.657,25.99,3.1,1
-3.1196,150.4813,10.0,4.6,3
43.4758,-127.1272,10.0,2.8,1
18.5185,-66.237833333333,80.55,2.97,1
43.5511,-127.2692,10.0,2.8,1
44.8164,150.2755,10.0,4.7,2
-31.7387,-179.8403,217.425,4.0,3
-22.7014,171.0287,10.0,4.0,3
43.4984,-127.4214,10.0,3.5,1
44.692,150.4283,10.0,4.3,2
0.7343,118.5703,13.398,4.5,3
-37.4511,77.985,10.0,4.7,3
-21.0829,174.3502,10.0,4.4,3
60.3615,-152.8599,127.6,2.9,1
-23.4451,179.9704,559.83,4.3,0
-20.3151,-70.2925,42.628,4.4,3
52.6568,-174.3246,236.892,3.8,1
50.235,-179.9569,10.0,3.0,1
-33.0241,179.731,107.383,4.6,3
50.4304,-178.3838,10.0,3.2,1
-55.692,-4.1508,10.0,4.2,3
-41.8024,85.1846,10.0,4.9,3
-22.0257,-179.6045,606.847,4.4,0
-3.1047,139.1156,63.391,4.1,3
19.2593,-67.283,64.0,3.65,1
-23.3574,171.4649,10.0,4.5,3
52.3365,-168.4588,10.0,2.9,1
-4.4037,101.527,36.269,4.4,3
31.674,-104.378,6.0999,2.8,1
31.675,-104.38,6.0999,3.2,1
35.134,-116.6661667,6.58,3.21,1
28.9865,67.1943,10.0,4.4,2
-24.4489,-66.8963,170.88,5.2,3
-12.1764,-77.4434,40.0,5.6,3
-7.9098,107.6951,67.784,4.6,3
-56.1271,-26.9126,44.632,4.4,3
17.724,-66.164333333333,3.81,2.64,1
53.4951,-166.7159,67.435,2.7,1
52.7607,-168.0033,35.0,2.5,1
-22.2504,-68.6311,113.427,4.3,3
6.2537,126.4654,87.411,4.4,3
36.94,-111.7795,6.01,3.09,1
54.5599,-165.3019,176.617,2.7,1
4.709,96.1449,10.0,4.5,3
56.5102,-149.3199,10.0,2.9,1
28.2788,104.9538,10.0,4.9,2
19.1445,-66.108166666667,15.56,3.19,1
-10.7583,161.8188,41.106,4.7,3
-60.3609,-19.386,10.0,4.4,3
56.3178,-149.3643,10.0,2.7,1
51.7859,178.5585,105.23,2.6,2
-8.7137,123.8975,112.864,4.8,3
-11.003,166.1782,129.535,4.4,3
9.7081,126.6996,15.868,4.3,3
37.94,-121.86716666667,6.2,2.71,1
5.2339,126.8677,92.61,4.3,3
-56.2114,-143.8027,10.0,5.1,3
-21.1459,168.6612,10.0,4.3,3
52.6742,-168.9645,62.851,2.8,1
11.1935,-87.1054,10.0,4.6,3
50.6131,-172.8549,10.0,2.9,1
61.4985,-146.5739,14.5,3.0,1
-36.3787,-110.3703,10.0,4.5,3
-20.875,-66.7739,217.89,4.5,3
64.6232,-166.2481,20.9,3.0,1
17.915,-66.7945,12.43,2.58,1
51.4598,-173.7476,35.0,3.2,1
-19.4993,-177.0775,338.454,4.3,0
18.4355,-68.4721,163.0,3.79,3
-56.0172,-26.6096,10.0,5.3,3
81.2206,118.5921,10.0,4.9,2
-49.0645,108.8182,10.0,4.9,3
31.938,-103.376,6.3562,2.8,1
-28.5559,-176.8027,35.0,4.6,3
18.2311,146.1409,171.084,4.1,2
-7.3062,-13.2136,10.0,4.4,3
38.3839,40.2941,11.981,4.2,2
53.8255,-166.437,12.311,2.5,1
-36.5332,-110.6034,10.0,5.0,3
19.9245,-156.8395,40.74,3.23,1
-56.9882,147.4579,10.0,4.5,3
-19.9141,-173.6124,8.117,5.0,3
56.6716,-148.0637,10.0,3.0,1
65.7752,-145.6491,14.1,4.2,1
18.285,-68.6663,164.0,4.06,3
25.5285,62.8305,20.059,4.5,2
2.2622,-84.5284,10.0,4.3,3
51.873,177.5383,122.223,2.6,2
31.679,-104.192,6.0999,2.6,1
60.9612,-147.7079,3.8,2.6,1
2.2015,66.8265,10.0,5.3,3
31.953,-103.37,7.074,2.7,1
38.5813,142.0012,58.365,5.0,2
44.8318,150.3277,10.0,4.5,2
-35.6874,-18.7212,10.0,5.0,3
-13.2216,167.0856,216.896,4.1,3
19.1898,121.2637,29.92,4.9,2
31.939,-103.377,6.7279,2.5,1
54.7735,-158.671,28.987,2.5,1
28.654,-99.057,8.786,2.6,1
-36.5405,-110.6876,10.0,5.4,3
-5.8036,146.2002,115.861,4.1,3
59.9145,-153.1088,123.0,2.6,1
51.6858,179.1763,86.361,2.7,2
-36.5978,-110.5689,10.0,5.6,3
19.4382,-69.1329,9.0,4.3,3
31.669,-104.184,6.0358,2.6,1
19.272166666667,-66.018,12.49,3.24,1
-47.865,116.1043,10.0,4.7,3
31.673,-104.191,6.1383,3.5,1
31.675,-104.192,6.0999,3.5,1
31.673,-104.194,6.0358,3.3,1
30.5605,141.6086,10.0,4.6,2
31.671,-104.191,2.9596,3.0,1
-16.7684,66.846,10.0,4.6,3
-1.2913,-80.8907,10.0,4.6,3
-36.397,-110.8137,10.0,5.7,3
17.4446,145.8761,219.036,4.2,2
51.6559,-178.5159,10.0,2.8,1
19.338666666667,-155.195,6.79,2.92,1
-22.8542,-112.5302,10.0,4.5,3
51.0313,-176.5181,10.0,3.1,1
19.485,-63.5163,41.0,3.93,3
51.4865,-179.5298,60.943,2.9,1
51.5272,178.2881,59.106,2.6,2
-17.8763,168.501,157.959,5.0,3
-9.7982,150.5605,10.0,4.4,3
37.5517,-24.7495,10.0,4.4,2
13.4269,53.9278,10.0,4.3,3
60.1273,-153.4275,160.7,4.3,1
64.0084,-148.7292,0.0,2.5,1
-14.6503,167.3741,94.492,4.2,3
27.9898,50.4539,10.0,4.1,2
46.1842,153.426,35.0,6.0,2
-36.5407,-110.0689,10.0,4.5,3
31.0526667,-115.6761667,9.83,3.12,1
-22.8289,-112.3636,10.0,4.5,3
63.0574,-150.7724,117.2,3.0,1
57.8378,-156.473,130.6,2.5,1
-20.6041,-70.2517,32.696,2.5,1
-30.7555,-178.8389,101.387,4.5,3
61.9572,-148.9297,5.2,2.5,1
-23.0448,-114.7045,10.0,4.6,3
-7.5559,142.918,10.0,4.6,3
8.0071,126.5838,89.75,4.2,3
51.6323,-175.163,27.625,2.8,1
-24.4396,179.2269,545.001,4.4,0
-21.4699,-176.2922,110.0,4.7,3
1.5433,127.1003,117.586,4.5,3
51.0283,-173.0626,10.0,3.0,1
68.6909,-147.5826,1.0,2.6,1
62.2836,-150.8962,67.4,2.8,1
54.4532,161.4173,45.267,4.0,2
40.0059,-104.9794,8.937,2.7,1
-18.0416,-178.2107,599.181,4.2,0
-5.9694,149.5578,72.673,5.0,3
-4.8537,152.8551,59.019,4.2,3
38.336166666667,-119.383,0.96,2.63,1
17.828666666667,-66.897,4.46,2.53,1
-17.0714,-174.113,132.07,4.4,3
-6.3263,151.9229,10.0,4.3,3
53.2356,-168.6539,83.866,2.7,1
52.0181,-173.7836,97.019,3.0,1
5.2501,125.1041,10.0,4.9,3
18.812166666667,-65.857666666667,14.43,2.89,1
40.334166666667,-124.881,8.99,4.08,1
-15.2932,-176.2693,365.848,5.3,0
35.5966,140.1057,70.015,4.5,2
31.958,-103.361,7.8943,2.6,1
-31.9385,-69.9338,108.723,4.2,3
-36.4262,-111.0316,10.0,4.6,3
-62.0394,162.1379,10.0,5.3,3
-11.1395,165.0828,10.0,4.4,3
50.5946,-173.2791,10.0,2.6,1
84.7431,5.4117,10.0,4.1,2
-23.3029,-176.97,151.949,4.5,3
17.933333333333,-67.879833333333,52.32,3.36,1
-5.9843,146.2924,112.408,4.8,3
51.2004,-178.8213,10.0,2.8,1
-6.4066,146.528,104.314,4.2,3
-19.7872,-175.8542,260.005,4.4,3
-10.2136,161.2542,112.951,4.7,3
35.3308333,-117.8063333,7.81,2.72,1
-11.041,119.2605,10.0,4.8,3
50.6444,-173.6794,10.0,2.6,1
-11.7502,163.4071,10.0,4.5,3
-60.1785,-26.8852,43.133,4.5,3
-17.4643,167.9105,20.208,4.9,3
27.1927,140.1665,457.226,4.5,0
-32.6819,-71.8419,27.573,4.1,3
63.2277,-150.37,116.4,3.0,1
-2.9423,0.0956,10.0,4.7,3
60.4365,-143.1948,10.0,3.3,1
19.354333333333,-155.27266666667,30.58,3.39,1
25.1664,126.9831,25.228,4.3,2
40.6385,-109.4617,0.0,3.3,1
32.004,-103.811,7.8046,3.7,1
44.3437,-115.0233,10.0,2.5,1
5.096,125.2731,40.915,4.3,3
54.6534,-163.3597,7.294,2.7,1
35.3295,-117.8075,7.58,2.82,1
5.0719,125.6202,43.832,4.4,3
-3.0042,129.5823,10.0,4.0,3
39.1743,142.0205,50.711,4.1,2
32.6925,-115.6548333,14.36,2.72,1
31.663,-104.294,7.6379,2.9,1
-7.378,128.8768,138.247,4.5,3
-4.9005,150.9605,251.285,4.7,3
44.3187,-115.0049,10.0,2.6,1
39.3435,73.5168,10.0,4.1,2
-5.2626,145.874,117.586,4.4,3
52.4064,-166.744,10.0,2.9,1
53.3821,-167.443,68.59,2.7,1
5.2363,125.3653,30.268,5.0,3
27.2215,64.4073,28.538,4.3,2
-6.1823,130.3395,167.981,4.5,3
-19.9436,173.4619,10.0,4.9,3
22.1306,143.7965,107.584,4.4,2
36.0241667,-117.7786667,1.56,2.54,1
31.709,-104.177,6.6638,2.5,1
-9.2752,124.6063,35.0,4.6,3
51.9173,90.6931,10.0,4.5,2
18.226,-67.121166666667,75.31,2.73,1
5.7139,123.9966,520.692,4.4,0
31.9243333,-115.7036667,7.64,2.63,1
-5.0175,151.6224,129.352,4.4,3
-3.3452,130.2644,10.0,4.9,3
19.0313,-65.0138,25.0,3.62,1
18.2509,146.4726,93.96,4.2,2
-62.9489,-162.833,10.0,5.0,3
65.3889,-168.8234,16.0,2.8,1
-22.7312,-174.6101,10.0,4.8,3
50.8374,-172.0569,10.0,3.6,1
-14.4218,167.1653,124.522,4.3,3
46.473,-122.27566666667,14.73,2.65,1
61.9552,-148.4577,36.6,2.5,1
-38.1869,176.1123,196.427,4.4,3
44.363,-115.0224,14.953,2.9,1
18.973,-65.0146,32.0,3.64,1
-63.2081,-164.4234,10.0,5.5,3
31.71,-104.172,7.2919,2.8,1
31.705,-104.171,6.0614,2.8,1
-63.5582,-163.5379,10.0,5.1,3
-63.2412,-163.7581,10.0,5.7,3
-3.8892,131.487,10.0,4.7,3
19.5291,144.8328,10.0,4.4,2
33.5438,138.2464,10.0,4.9,2
-6.3254,-79.9277,67.657,5.0,3
17.609166666667,-65.942,12.44,2.55,1
19.5517,-69.6462,10.0,4.4,3
19.1481,-68.3865,40.0,3.53,1
18.978833333333,-68.2645,67.51,3.4,1
-20.6372,-178.0282,528.577,4.3,0
17.4694,-100.2786,35.0,4.4,3
18.120666666667,-67.788166666667,157.8,3.4,1
12.4391,-89.3216,10.0,4.3,3
-21.716,-69.086,94.089,4.1,3
17.890833333333,-66.5935,11.64,2.96,1
17.9325,-66.5829,10.0,2.6,1
17.885,-66.598833333333,9.06,2.52,1
17.898,-66.599166666667,11.88,2.57,1
28.2001,140.7287,161.957,4.6,2
-20.6781,169.6347,60.423,5.2,3
51.3695,-176.3359,37.019,4.5,1
43.8648,-105.3719,0.0,3.3,1
56.7419,-121.6934,10.744,4.4,1
23.3627,121.5393,34.698,4.3,2
31.708,-104.175,6.6382,2.7,1
28.335,142.823,10.0,4.5,2
37.519333333333,-118.82983333333,4.0,2.85,1
33.8361667,-116.8723333,10.69,2.9,1
55.8816,-161.4361,155.597,2.8,1
55.3405,-159.3061,19.4,3.0,1
1.8386,127.3351,110.16,4.3,3
52.1114,-174.17,67.32,3.2,1
23.3659,121.6239,29.331,5.9,2
0.0672,97.2173,10.0,4.2,3
61.8924,-150.9302,15.7,2.5,1
42.3031,144.5453,37.615,4.6,2
8.1119,126.2944,10.0,4.6,3
-13.3339,167.1963,214.417,5.2,3
16.2678,-98.0991,20.402,4.8,3
7.7792,126.2481,10.0,4.3,3
36.4224,70.6723,205.522,4.4,2
57.886,146.7923,10.0,4.1,2
19.071333333333,-66.4425,32.34,3.14,1
31.613,-104.521,6.0999,2.9,1
-16.2776,-73.1591,56.23,4.3,3
58.6177,-152.5028,70.2,2.8,1
-25.3145,179.5981,522.062,4.2,0
-55.2945,-27.9457,20.422,4.5,3
32.996,-115.7663333,10.9,2.56,1
-20.5191,-178.3834,549.345,4.7,0
19.7775,-156.22166666667,41.59,3.59,1
-47.7943,115.8814,10.0,4.5,3
1.1255,96.9883,10.0,4.4,3
-10.1113,160.6988,35.0,4.7,3
53.5554,-164.7794,35.0,2.9,1
-14.5868,166.8485,45.676,4.4,3
41.5628,-76.6709,8.326,2.8,1
53.8168,-166.451,13.114,2.5,1
33.8271667,-118.5516667,10.41,3.25,1
31.667,-104.311,6.51,2.7,1
37.5117,139.5985,130.891,4.2,2
-28.6565,-67.5824,122.516,4.1,3
53.8322,-166.4454,11.477,2.6,1
31.662,-104.298,6.9586,2.8,1
53.8359,-166.469,11.487,3.3,1
31.658,-104.292,7.5354,3.4,1
31.665,-104.291,7.1893,3.5,1
61.0496,-151.1421,69.4,3.3,1
51.8416,-174.3837,66.351,2.7,1
-6.7723,129.6936,167.242,4.2,3
-17.7144,-178.8302,526.44,4.1,0
61.8879,-150.9634,6.3,2.8,1
44.3079,-115.0224,13.462,2.8,1
61.902,-150.9481,15.5,3.9,1
31.661,-104.291,7.9456,2.5,1
-23.2611,-179.8775,556.261,4.4,0
18.6445,-66.693833333333,20.82,3.06,1
-54.0562,-133.4096,10.0,4.5,3
-17.4598,167.8046,35.0,4.8,3
62.0587,-149.7623,42.7,3.0,1
8.3867,127.5392,10.0,4.6,3
-31.7788,-69.3489,111.909,4.5,3
39.2844,28.9814,10.0,4.2,2
-21.0542,-178.8917,602.733,4.4,0
53.8408,-163.1391,35.0,3.2,1
53.8745,-163.1818,35.206,3.9,1
-55.4729,-28.2657,51.736,4.8,3
8.9743,93.9458,10.0,4.3,3
-47.6325,116.1184,10.0,4.6,3
-13.5312,166.8539,204.077,4.4,3
19.7818,-68.2306,57.0,3.8,1
-55.3315,-27.9668,26.371,4.6,3
-55.3994,-28.5302,32.45,5.1,3
31.663,-104.354,6.7664,2.5,1
-55.349,-27.98,10.0,4.6,3
31.042,-103.682,7.7661,3.1,1
-55.7008,-29.2896,76.67,4.5,3
31.658,-104.297,6.9458,3.7,1
19.1668,-67.2745,39.0,3.64,1
23.4149,94.6684,105.73,4.5,2
49.8847,159.2155,10.0,4.3,2
23.4757,94.7072,102.184,4.4,2
-55.3555,-27.9244,10.0,4.4,3
-22.8719,-179.4342,535.764,4.4,0
-55.3509,-27.9525,10.0,4.8,3
-55.3643,-28.0803,10.0,4.4,3
-39.7921,-16.4739,10.0,4.5,3
50.0694,179.7277,10.0,3.2,2
-55.2037,-27.9048,10.0,4.3,3
-55.3495,-27.7061,10.0,4.5,3
-55.3523,-28.0375,11.592,5.6,3
-55.3723,-28.0188,10.0,4.3,3
-55.4483,-28.168,15.227,5.4,3
40.3439,24.0525,10.0,4.4,2
66.6664,-145.5238,14.0,4.0,1
29.0675,86.7312,10.0,4.2,2
36.8241,-104.766,2.05,2.7,1
30.8997,136.0842,10.0,4.2,2
51.4754,-176.5213,35.0,2.7,1
26.4733,96.8381,10.0,4.2,2
-5.8149,112.2394,10.0,4.3,3
39.8728,75.3488,10.0,4.2,2
-23.4334,-179.2182,512.0,4.0,0
-50.309,134.899,10.0,4.5,3
-15.5439,166.6985,10.0,4.7,3
12.8359,-88.7226,66.413,4.3,3
65.335,-166.7415,20.0,2.5,1
-18.0235,-178.3686,597.909,4.0,0
21.4488,96.0769,10.0,4.3,2
13.7959,56.963,10.0,4.3,3
40.401,-125.18883333333,10.0,2.96,1
53.8723,159.3999,117.89,4.4,2
56.1467,-153.315,26.0,2.6,1
51.3892,-176.385,33.979,3.3,1
40.3865,-125.10083333333,10.0,2.69,1
16.7051,59.7787,10.0,4.7,3
4.9046,126.1883,89.617,4.4,3
43.7023,-105.3199,0.0,3.0,1
50.7447,-172.9027,10.0,2.9,1
-7.7947,108.7198,99.247,4.8,3
18.725666666667,-64.883666666667,20.11,3.26,1
13.6999,120.7166,167.515,5.1,3
-28.147,63.0684,10.0,4.5,3
-21.3336,170.8309,177.097,4.3,3
-49.8036,116.2712,10.0,4.3,3
18.024666666667,-66.922,8.48,2.61,1
4.4519,-73.1153,10.0,4.5,3
52.5649,-169.1503,35.0,2.7,1
51.8325,-173.6077,74.936,3.1,1
63.6451,-147.5351,77.7,2.8,1
-6.9438,127.6592,278.859,4.2,3
37.8367,-116.0884,4.3,3.4,1
-47.851,116.3228,10.0,4.4,3
62.5753,-149.3197,59.8,2.9,1
-6.1098,149.8655,35.0,4.3,3
52.0736,-175.6292,144.991,2.6,1
61.5587,-150.2944,51.2,2.7,1
31.67,-104.338,5.2795,2.5,1
38.011333333333,-122.31383333333,9.72,3.24,1
54.7937,-158.2475,15.0,2.6,1
34.316,26.5407,65.095,4.0,2
18.4923,94.6762,47.453,4.9,2
51.5378,-173.3928,17.811,2.7,1
55.153,-157.6169,15.3,3.0,1
-29.9733,-179.395,298.88,4.7,0
-8.9158,159.4658,126.627,4.0,3
44.329,-114.9863,14.607,2.5,1
-32.2417,-71.0736,84.337,4.1,3
16.8116,-93.8351,152.347,4.0,3
19.869166666667,-155.72,34.16,2.6,1
4.573,-73.3233,10.0,4.2,3
40.458166666667,-125.81,10.0,2.95,1
35.6406,140.1532,69.473,4.3,2
-21.1486,-177.9563,433.446,4.3,0
4.5116,-73.0916,10.0,4.8,3
14.3213,-87.1552,10.0,4.3,3
-47.8884,115.9579,10.0,5.5,3
-16.1285,-172.9926,10.0,3.9,3
-31.5118,-179.0856,10.0,4.8,3
-47.8029,116.0489,9.0,5.9,3
21.6234,142.9621,306.734,4.0,0
19.207833333333,-155.38033333333,30.79,2.84,1
-27.8354,-66.9033,147.458,4.7,3
4.5276,-73.1571,10.0,4.3,3
-18.9305,169.4597,260.054,4.4,3
55.8487,-155.5157,13.6,2.7,1
4.3699,-73.2403,10.0,4.5,3
4.4094,-73.2733,10.0,4.2,3
44.3003,-114.092,8.0,3.2,1
44.2664,-114.0999,7.033,4.3,1
31.663,-104.309,6.4075,2.9,1
49.0002,155.6825,54.831,4.2,2
4.4323,-73.328,10.0,4.9,3
17.932833333333,-67.103666666667,11.92,2.94,1
4.351,-73.197,10.0,4.2,3
19.211,-65.4391,27.0,3.56,1
19.2701,-65.521,42.0,3.56,1
-59.858,-150.4824,10.0,5.1,3
-56.2489,-24.5863,10.0,4.2,3
34.1246,26.3661,10.0,4.3,2
4.4747,-73.2145,10.0,4.2,3
17.977833333333,-66.760166666667,13.4,2.57,1
4.5212,-73.0907,10.0,4.4,3
52.785,-164.6374,10.0,2.5,1
4.3802,-73.1981,10.0,4.7,3
-11.7641,165.1128,10.0,4.6,3
4.4852,-73.1248,9.0,6.3,3
38.3733,-115.8301,2.6,2.5,1
52.2879,-176.5422,229.933,2.9,1
17.9915,-67.1753,6.0,3.31,1
-47.2662,-11.1264,10.0,4.8,3
-17.9403,-179.1514,595.793,4.2,0
-57.1929,-67.9056,10.0,4.3,3
17.9923,-67.1711,6.0,3.23,1
36.5124,140.5796,64.073,4.2,2
-25.4227,-177.1364,122.376,4.9,3
-47.7615,116.0503,10.0,4.3,3
19.4355,-65.4388,38.0,3.46,1
16.9241,-85.5567,10.0,4.6,3
22.2312,143.4406,151.178,4.3,2
-49.4051,123.6767,10.0,4.5,3
17.935333333333,-67.099666666667,12.51,2.83,1
56.082,-158.9922,80.8,2.5,1
51.7587,-166.8579,10.0,3.7,1
19.131,-66.0785,23.9,3.2,1
-20.4784,-177.9309,496.735,4.0,0
31.697,-104.373,6.0999,2.7,1
-11.5794,116.6017,10.0,4.3,3
19.074333333333,-66.095666666667,37.28,3.21,1
52.313,-173.3167,10.0,3.5,1
-47.8412,116.1315,10.0,5.2,3
87.0815,48.4406,10.0,5.2,2
19.085833333333,-66.127833333333,22.7,3.02,1
1.1183,97.0085,10.0,4.2,3
-0.5737,121.8989,10.0,4.7,3
44.1979,-102.6011,5.0,2.6,1
18.160666666667,-67.011333333333,22.46,2.93,1
-47.7942,116.0167,10.0,4.8,3
-22.7353,-66.6143,224.953,4.2,3
44.4694,-129.7128,10.0,3.5,1
-19.9342,-177.8107,554.348,4.1,0
52.4154,-173.3033,10.0,3.6,1
-20.7635,-177.9014,497.256,4.3,0
14.6129,144.2012,10.0,5.3,2
-5.2813,68.5664,10.0,4.6,3
31.641,-104.471,6.2024,3.1,1
-34.4679,-70.387,10.0,4.1,3
44.3395,-115.0388,7.85,2.5,1
-47.8272,115.9955,10.0,6.2,3
10.9351,141.9682,10.0,4.1,2
14.4865,144.311,10.0,4.9,2
7.6879,127.2735,10.0,4.5,3
-7.658,127.974,150.499,4.4,3
-4.5266,152.6067,99.507,4.3,3
51.4289,177.142,35.0,3.2,2
59.65,-152.3121,71.0,2.9,1
-5.439,153.1298,10.0,4.4,3
19.228,-155.38833333333,31.25,2.53,1
51.8175,-179.9253,138.415,2.8,1
60.9291,-150.6044,46.2,2.5,1
37.3158,-114.6462,5.4,2.8,1
-16.2419,-177.7073,17.886,4.5,3
35.5478333,-117.5585,7.65,2.68,1
-7.1091,150.497,10.0,4.5,3
52.4358,-176.0485,219.371,2.9,1
31.679,-104.398,6.9458,2.5,1
31.677,-104.391,5.8051,2.9,1
19.1371,-65.4015,73.0,3.58,1
-55.9734,-27.8435,105.039,4.6,3
60.0766,-153.2405,129.4,3.0,1
36.4762,26.6801,129.996,4.3,2
35.8757,135.555,352.502,4.1,0
-21.0683,-68.9398,114.043,4.7,3
0.8093,-27.9489,10.0,4.7,3
-29.3889,-179.0368,341.612,4.9,0
40.3498,24.0918,10.0,4.0,2
40.2717,24.1669,10.093,5.4,2
51.6334,-173.531,35.0,3.0,1
41.0664,75.2448,10.0,4.1,2
-57.2756,-66.8962,10.0,5.3,3
31.675,-104.388,6.0999,3.3,1
-59.1835,-25.4503,35.0,4.5,3
54.4098,-162.3493,35.0,2.8,1
44.3298,-115.0425,17.323,2.9,1
54.4134,-163.2422,10.0,2.5,1
19.5691,-65.2761,40.0,3.7,1
20.348666666667,-155.9945,30.1,2.8,1
53.1173,-163.1188,10.0,2.7,1
25.2719,123.9569,115.37,4.3,2
-14.9452,66.9026,10.0,5.1,3
19.125666666667,-66.131833333333,15.57,3.09,1
44.3616,-115.039,5.0,2.6,1
-3.4699,135.347,77.726,4.3,3
-14.943,66.9766,10.0,4.4,3
44.3463,-115.0133,14.186,2.6,1
-14.9216,66.7948,10.0,5.5,3
61.6089,-146.3539,14.1,3.0,1
44.3562,-115.0234,5.0,2.6,1
19.1175,-66.120333333333,26.77,3.32,1
31.67,-104.196,5.2411,2.7,1
19.075833333333,-66.113166666667,15.13,3.18,1
41.2787,142.398,54.639,4.5,2
-9.5862,124.0061,60.691,4.0,3
31.652,-104.432,6.0999,3.3,1
19.0933,-66.1238,17.0,3.93,3
15.0227,146.2038,89.041,4.1,2
-7.032,155.7382,83.873,4.7,3
53.0838,-167.0874,35.0,2.5,1
-14.9357,66.691,10.0,4.9,3
8.6957,-83.2685,10.0,4.7,3
51.6545,-171.7619,29.705,4.4,1
41.0818,75.2923,10.0,4.8,2
-5.5494,147.3749,197.913,5.0,3
62.5579,-149.5367,54.2,2.8,1
53.9478,108.6337,10.0,4.2,2
-42.6422,-74.2493,36.411,4.5,3
28.869,-98.913,4.9256,2.5,1
52.0109,-171.3717,35.0,3.8,1
13.1213,-81.1784,10.0,5.1,3
-19.1418,168.564,62.778,4.3,3
31.671,-104.197,5.9332,2.5,1
-14.896,66.8835,10.0,4.5,3
47.725833333333,-120.331,3.7,2.62,1
18.6719,145.3867,208.086,3.9,2
45.4527,153.3985,10.0,4.3,2
31.666,-104.195,6.0999,2.6,1
30.4355,50.1961,10.0,4.3,2
44.3572,-115.1,11.254,3.0,1
54.7149,-159.3466,30.491,2.8,1
31.671,-104.188,6.2537,2.5,1
18.4849,145.0895,478.314,4.7,0
44.341,-115.0033,13.527,3.2,1
31.67,-104.189,5.882,3.0,1
42.2361,144.3767,45.594,4.2,2
51.3122,-177.0288,35.0,2.8,1
44.3351,-115.0927,12.95,3.9,1
44.3621,-115.0386,13.027,3.0,1
36.6326,67.8986,10.0,4.3,2
-22.0335,-178.0449,359.0,5.9,0
36.6031,68.0294,10.0,4.3,2
19.06,-66.481833333333,31.77,2.85,1
-4.415,139.4276,9.028,3.9,3
6.9045,-73.0855,155.58,4.1,3
34.0035,89.9339,10.0,4.4,2
59.5676,-150.6719,34.1,2.7,1
-18.8542,65.4124,10.0,4.6,3
60.3733,-149.0951,30.8,2.7,1
-26.639,-70.4039,75.0,6.4,3
-16.9336,-178.345,455.142,4.0,0
-5.0328,151.767,82.848,4.7,3
53.8747,-159.4884,10.0,2.6,1
18.987833333333,-155.4205,36.53,2.76,1
51.2606,-177.6746,35.0,2.5,1
44.36,-115.0078,13.8,3.0,1
-8.8381,118.7623,112.873,4.5,3
-7.8125,128.7035,68.843,4.2,3
3.9206,126.0371,98.428,4.5,3
18.6531,-68.8791,129.0,4.07,3
-21.3216,-179.1297,579.922,4.3,0
-7.0257,147.3571,49.747,4.2,3
51.7216,178.4977,95.221,2.5,2
4.2511,128.4043,10.0,4.6,3
-24.2027,-179.7977,508.257,4.5,0
44.3395,-115.0098,12.398,2.6,1
40.3655,-124.93533333333,10.25,2.71,1
19.0005,-155.42283333333,37.07,3.93,1
47.4456,151.085,197.946,4.2,2
19.865833333333,-155.91533333333,30.16,2.65,1
46.0482,151.6411,35.0,4.5,2
50.5117,-173.3151,10.0,3.8,1
35.1749,23.2911,44.106,4.3,2
14.9325,-61.4045,150.42,4.5,3
13.2869,49.6727,10.0,4.4,3
55.6178,-159.6454,70.7,2.5,1
-23.3999,-67.1219,213.09,4.1,3
37.266,-114.6424,4.3,4.0,1
27.6536,-102.7715,10.0,4.0,1
-2.6512,139.0402,35.912,4.4,3
27.6842,-102.815,10.0,4.0,1
17.907666666667,-66.589666666667,13.1,2.98,1
37.133,136.4925,10.0,4.4,2
2.6428,126.6652,50.466,4.3,3
21.9783,143.4867,206.886,4.2,2
21.8819,142.9768,267.036,4.0,2
31.953,-103.301,4.9719,2.7,1
19.5941,-64.8911,35.0,3.84,1
44.3278,-114.9953,10.0,2.6,1
-24.1022,-66.8069,208.368,4.2,3
44.3305,-114.9919,5.0,2.5,1
44.316,-115.0129,10.0,3.6,1
44.3221,-114.9948,10.0,3.3,1
18.689,-64.577166666667,23.88,2.86,1
17.907166666667,-66.594166666667,12.19,2.53,1
-5.7047,130.9092,81.802,4.2,3
15.0734,-91.2919,192.348,4.5,3
7.4201,126.8239,83.054,4.1,3
50.333,-177.3629,10.0,3.1,1
-1.6753,123.8813,10.0,4.5,3
52.7202,-174.3417,152.369,2.7,1
17.895166666667,-66.595666666667,12.07,2.94,1
44.3465,-115.0649,15.202,2.8,1
17.892,-66.596,7.53,2.84,1
51.7038,-177.4236,13.01,3.2,1
34.3899,89.4861,10.0,4.2,2
32.3066667,-115.323,12.01,2.63,1
17.949333333333,-66.740333333333,7.68,2.72,1
31.94,-103.372,6.4331,2.7,1
-18.6769,-178.0027,491.982,4.4,0
17.902666666667,-66.593166666667,11.96,2.53,1
51.9303,156.1036,207.607,4.1,2
17.899833333333,-66.596666666667,11.18,2.6,1
22.155,144.4477,35.0,4.4,2
17.892833333333,-66.598333333333,11.58,2.89,1
2.6414,126.6645,35.0,4.4,3
17.895666666667,-66.595333333333,12.09,2.51,1
-9.5022,112.7895,35.0,4.0,3
-60.9021,-23.7013,10.0,4.7,3
-30.1119,-177.9446,29.892,4.6,3
60.0432,-153.3152,136.7,2.6,1
54.2915,158.8893,170.685,4.2,2
61.8462,-148.7387,17.1,2.6,1
44.3382,-115.0413,5.214,2.5,1
37.8282,141.6018,66.961,4.5,2
6.626,127.0071,10.0,4.4,3
51.6819,-177.4199,10.0,3.6,1
36.3173,-114.8039,3.2,3.3,1
6.5814,94.2449,87.227,4.3,3
44.3524,-115.0405,13.26,2.5,1
13.2717,123.9352,10.0,4.5,2
44.3386,-115.0377,13.489,2.8,1
53.7168,-163.9396,35.0,2.7,1
44.3244,-115.0477,15.451,3.1,1
-5.5857,150.1914,147.84,4.8,3
44.3452,-115.0067,13.186,2.5,1
13.6224,123.4808,35.0,4.7,2
40.398833333333,-125.058,10.0,2.85,1
41.269,-125.86716666667,10.0,3.65,1
41.0731,75.1541,10.0,4.5,2
4.2738,125.8902,92.607,4.5,3
-27.9589,-71.4412,33.268,4.1,3
53.1894,-170.2625,223.192,3.3,1
18.3751,-65.9426,126.0,3.63,1
31.669,-104.192,5.9076,2.7,1
-7.9184,123.5927,224.048,4.0,3
40.1392,24.7724,10.0,4.6,2
-7.0846,127.8277,305.776,4.2,0
26.5336,96.7158,109.239,4.3,2
35.8102,32.1868,78.055,4.3,2
-27.7912,-178.3832,10.0,4.5,3
52.0353,-170.8513,35.0,2.7,1
51.8432,178.5711,113.698,2.7,2
6.3252,125.8064,130.338,4.2,3
27.6867,-102.7938,4.0,4.9,3
44.3653,-115.0198,10.0,2.5,1
52.6483,-175.7669,213.3,2.6,1
44.3365,-115.0315,15.1,2.7,1
5.3502,-82.6724,10.0,5.6,3
44.3477,-115.0187,12.641,2.5,1
-24.2229,-67.0357,184.514,4.3,3
44.3598,-115.0039,12.421,3.9,1
17.9355,-66.937833333333,9.07,3.07,1
-18.8773,-175.5661,197.862,4.6,3
44.779,-111.14383333333,11.36,2.72,1
26.3717,100.0201,10.0,5.0,2
53.8336,-166.4547,13.212,3.0,1
42.2593,144.5193,37.375,4.1,2
42.3005,144.6126,41.853,4.5,2
36.4425,71.1909,235.815,4.2,2
33.6768333,-116.7641667,15.78,3.19,1
42.2196,144.5656,29.324,4.1,2
-20.9406,-67.5152,188.964,4.2,3
15.7411,-98.2903,10.0,4.2,3
60.5713,-151.5954,86.9,3.2,1
-6.7394,150.8719,10.0,4.6,3
-4.5331,152.8455,92.055,4.3,3
28.7551,130.0955,35.0,4.3,2
44.3481,-115.0179,13.844,3.4,1
60.7904,-144.7635,17.1,2.5,1
28.7363,130.171,35.0,4.3,2
17.974666666667,-68.230166666667,71.48,3.4,1
18.4915,-66.303,74.75,2.78,1
-13.8341,166.7523,110.598,4.2,3
-12.0871,166.2017,81.535,4.5,3
44.3566,-115.0098,14.167,3.2,1
-11.9603,166.1371,70.99,5.0,3
-5.2022,151.6993,117.783,4.5,3
53.0537,159.6058,72.24,4.7,2
-27.6871,-176.4475,37.168,4.5,3
54.3929,-160.7911,20.318,2.8,1
17.936833333333,-66.941833333333,9.93,3.02,1
-3.8162,128.351,157.936,4.3,3
50.4246,-176.3222,10.0,3.4,1
2.9943,127.6714,97.541,4.5,3
51.3196,98.354,10.0,4.3,2
56.5778,-149.2753,10.0,2.9,1
62.9256,-149.825,76.3,2.7,1
49.4716,155.5842,78.223,4.3,2
64.6404,-148.1707,8.7,2.5,1
18.762666666667,-65.104833333333,7.85,3.34,1
52.3523,-175.7872,156.691,2.5,1
4.0214,127.8009,83.117,4.1,3
-3.447,131.0108,10.0,5.2,3
17.945333333333,-66.923,10.62,2.53,1
29.6178,140.6583,127.992,4.6,2
19.266666666667,-155.41133333333,32.52,2.63,1
51.5656,178.7314,60.424,2.7,2
17.972666666667,-66.827166666667,16.62,2.78,1
33.5257,81.8743,10.0,4.7,2
44.3424,-115.0327,14.752,2.7,1
17.9613,-66.749,8.0,3.71,1
-21.4351,-70.3704,27.604,3.9,3
13.9886,144.7792,194.208,3.9,3
53.0958,-166.984,35.0,3.1,1
-7.097,129.4564,121.292,4.3,3
53.1093,-168.0671,75.513,3.1,1
44.3553,-115.0388,10.0,2.8,1
-45.1396,167.0321,39.583,4.6,3
17.897833333333,-66.853833333333,11.12,2.71,1
51.7341,-179.6309,112.743,2.9,1
-27.9657,-176.571,43.29,4.7,3
63.1355,-150.5962,118.5,3.0,1
44.3116,-114.9937,11.511,2.5,1
44.3488,-115.0121,13.294,3.5,1
44.3393,-115.0266,12.379,2.5,1
51.9177,-177.258,15.494,2.7,1
51.9007,-177.2828,18.126,2.7,1
23.2649,122.1727,17.955,4.4,2
51.9077,-177.3059,10.0,4.7,1
51.8463,-177.2941,16.852,4.9,1
51.9207,-177.2411,18.635,3.1,1
51.5837,16.0414,5.0,4.1,2
38.0671,142.0114,59.785,4.3,2
54.2944,-162.8927,35.0,2.5,1
44.3413,-115.0398,10.0,2.8,1
51.4538,-177.245,48.411,2.9,1
51.3603,179.6205,72.561,3.8,2
21.2716,99.6496,12.1,4.4,2
18.868666666667,-64.754166666667,8.21,3.41,1
41.7865,143.4834,42.826,5.1,2
18.261666666667,-67.219166666667,94.59,2.75,1
44.3551,-115.0195,9.712,3.9,1
-3.8974,136.8548,138.225,4.3,3
44.3468,-115.0263,15.265,2.9,1
44.3459,-115.0102,15.0,2.9,1
-38.9603,175.1293,212.235,4.1,3
44.3432,-115.012,13.846,4.0,1
44.3416,-115.0215,16.716,3.5,1
-33.0054,-70.4629,104.373,4.2,3
34.9737,25.8273,26.858,5.1,2
33.2906,132.2414,50.631,4.5,2
-4.6824,155.2729,518.468,5.0,0
1.354,126.2001,59.119,4.9,3
48.4145,-122.38683333333,8.7,2.88,1
51.6395,-177.7664,76.17,2.6,1
17.995166666667,-66.826,15.78,2.5,1
-49.8823,110.742,10.0,4.4,3
-8.052,130.3749,10.0,4.4,3
44.3608,-115.0345,10.0,4.0,1
-33.0845,179.9225,129.447,4.3,3
-19.3975,-175.6266,249.435,4.4,3
54.5197,-163.3106,24.048,2.6,1
44.3244,-115.0229,10.283,2.5,1
44.3361,-115.0074,14.592,3.3,1
-5.6147,152.3676,10.0,4.7,3
44.3316,-115.0033,12.911,3.4,1
44.3336,-114.9912,12.693,2.6,1
44.3494,-115.0129,13.261,3.0,1
44.3427,-115.0097,11.872,2.6,1
44.3419,-115.0026,15.392,3.7,1
44.3465,-115.0014,16.873,2.7,1
55.0763,-157.8446,22.5,2.8,1
44.3376,-115.0153,14.03,3.1,1
50.191,-179.3977,10.0,3.7,1
44.333,-115.0132,5.888,2.6,1
61.3909,-146.7936,8.4,2.7,1
-7.3196,147.8867,58.863,5.1,3
-27.6076,-177.4072,84.728,4.7,3
18.7706,145.3928,186.068,3.6,2
52.9076,-170.6502,125.87,3.8,1
-5.7636,-80.7809,55.95,4.4,3
44.343,-115.0089,6.902,3.6,1
44.3426,-115.0069,15.244,3.6,1
51.7953,-177.6239,94.33,2.5,1
18.2295,-67.121833333333,24.74,2.53,1
-36.4696,177.3638,10.0,4.5,3
46.3138,152.7644,30.579,4.4,2
16.5897,-93.93,132.014,4.6,3
-16.0544,-71.3476,157.298,4.2,3
35.453666666667,-120.7375,6.86,2.98,1
19.558333333333,-65.4695,68.92,3.43,1
36.7258,28.1891,72.0,5.8,2
44.3263,-115.0119,13.17,2.6,1
44.3266,-115.0572,10.0,3.0,1
-6.7948,129.4781,162.132,4.5,3
31.68,-104.374,5.6897,2.5,1
-19.9914,-177.7172,400.833,4.1,0
52.1429,179.7347,178.297,3.3,2
-13.423,167.4922,10.0,4.4,3
44.3285,-114.9755,10.715,2.5,1
-31.1774,-178.5947,64.353,4.6,3
44.3375,-114.988,11.181,2.6,1
44.3236,-115.009,10.032,2.6,1
31.942,-103.382,6.1383,2.5,1
24.4824,-46.3563,10.0,4.4,3
-6.5885,128.4001,264.724,4.2,3
61.6109,-150.6325,41.7,2.8,1
14.4113,-92.8717,45.171,4.3,3
50.3031,156.7174,73.27,4.4,2
53.3773,-163.4325,10.0,2.7,1
-57.2322,-25.4016,35.0,4.3,3
25.8671,106.6062,10.0,4.0,2
-7.5157,127.9273,141.522,4.0,3
18.263,-67.270666666667,71.28,2.57,1
62.1422,-150.8205,61.2,2.6,1
19.018333333333,-64.600666666667,52.69,3.41,1
-16.4505,-70.5971,127.75,4.1,3
31.683,-104.393,5.177,3.1,1
44.3472,-114.9891,7.452,3.2,1
44.3425,-114.989,11.089,3.2,1
50.227,-179.392,10.0,3.6,1
-4.7319,102.6005,62.855,4.7,3
51.9617,-175.0331,35.0,2.7,1
44.3516,-115.0256,6.444,2.5,1
-9.7217,152.6903,10.0,4.5,3
61.5885,-146.364,21.1,2.8,1
44.3104,-115.0117,12.812,2.6,1
31.958,-103.382,6.3049,2.6,1
-18.298,168.066,35.62,4.9,3
19.1428,99.1609,10.0,4.2,2
38.8916,70.5585,10.0,4.3,2
-19.1224,-177.7628,557.75,4.4,0
18.0319,145.5628,278.888,4.9,3
37.9638,141.7045,61.83,4.4,2
59.7855,-153.4344,133.9,2.6,1
44.3452,-115.0231,13.456,2.6,1
-5.6802,129.0318,10.0,4.4,3
-9.6505,152.7467,10.0,4.9,3
-9.6707,152.7941,10.0,4.7,3
37.848833333333,-122.239,6.13,2.51,1
31.9999,97.2145,10.0,4.4,2
31.767,50.9071,10.0,4.4,2
-15.7357,167.1841,31.682,4.5,3
18.230333333333,-67.039,19.3,2.69,1
51.0982,-176.1223,10.0,2.8,1
54.0453,-163.1484,32.406,2.9,1
38.4427,142.1787,28.908,4.7,2
-7.6002,127.5424,160.405,4.3,3
-19.1494,-175.715,269.444,4.2,0
44.3534,-115.0282,10.0,3.1,1
53.1124,-161.8079,10.0,3.1,1
-6.8703,147.4801,64.363,4.7,3
44.3488,-115.0109,3.341,2.6,1
-9.4187,152.758,10.0,4.3,3
61.3842,-150.0477,54.4,2.9,1
15.3789,-94.5506,50.134,4.2,3
44.3093,-115.0435,15.697,2.6,1
-27.6794,-178.1079,10.0,5.2,3
44.3373,-115.0254,4.768,2.6,1
-14.6367,-71.7839,124.435,4.3,3
44.3503,-115.0204,14.639,3.1,1
57.2177,-155.6938,69.8,2.7,1
44.3337,-115.0603,5.149,2.9,1
-22.752,-179.3842,455.11,4.2,0
44.3453,-115.028,10.493,3.0,1
44.3403,-115.0522,10.0,3.4,1
41.7821,143.6015,37.308,4.7,2
41.7431,143.6866,27.0,5.8,2
19.855833333333,-155.37866666667,25.27,2.84,1
51.6239,-175.0509,35.0,3.0,1
36.489,31.6761,39.036,3.8,2
56.0483,-159.2912,99.3,2.8,1
38.8235,70.6829,10.0,4.1,2
19.188,-155.49383333333,30.11,2.78,1
43.181,17.9687,10.0,3.7,2
-0.4916,100.2171,82.118,4.6,3
53.4249,-161.7561,21.608,4.4,1
31.682,-104.378,6.0358,2.9,1
18.136333333333,-64.843333333333,151.94,3.43,1
19.166833333333,-155.50183333333,33.75,2.6,1
37.5417,144.0539,10.0,4.6,2
-39.9168,174.391,13.09,4.2,3
14.8937,146.2361,82.858,4.5,2
-30.5376,-179.1076,235.117,4.5,3
66.783,-135.987,21.8,2.5,1
18.7765,-68.017833333333,65.24,3.41,1
59.6446,-151.4681,48.9,2.5,1
-6.793,125.5299,460.078,4.1,0
42.3287,144.4751,35.019,4.1,2
31.672,-104.369,4.2542,2.6,1
-6.9786,127.3578,300.518,4.3,0
39.2789,-99.8333,10.615,3.5,1
-28.0218,-177.4728,66.397,4.4,3
31.674,-104.374,5.4846,3.6,1
31.678,-104.369,6.0999,3.3,1
39.2265,40.2787,10.0,4.3,2
-7.4534,127.9679,114.718,4.3,3
-3.623,68.4902,10.0,4.6,3
58.8509,-136.7572,12.7,3.6,1
30.7816,103.4528,10.0,4.5,2
22.283,101.1732,10.0,4.1,2
-32.0064,-69.265,118.123,4.5,3
-5.7581,146.3851,115.982,4.4,3
-17.9796,-178.1142,625.955,4.3,0
36.01533333,-97.92516667,5.6,2.73,1
63.5213,-151.2298,9.5,2.7,1
54.2034,-162.5323,30.831,2.5,1
-14.9705,-173.5407,10.0,4.3,3
-8.7829,127.2727,10.0,4.6,3
-15.0592,168.0246,10.0,4.7,3
-16.9047,-172.8988,10.0,4.7,3
53.4459,-163.4078,10.0,3.5,1
-16.6866,-172.1765,10.0,5.2,3
2.8303,125.3162,153.684,4.3,3
31.682,-104.386,6.7664,2.8,1
31.643,-104.492,7.0227,2.9,1
-27.861,-178.2142,10.0,4.6,3
53.5821,-163.248,35.0,4.6,1
-27.7472,-177.7778,10.0,4.8,3
-57.611,-10.5505,10.0,4.8,3
-27.8491,-178.1234,10.0,6.2,3
36.0355,31.122,65.244,4.1,2
31.679,-104.389,6.0999,2.6,1
31.685,-104.39,6.087,3.2,1
-28.1865,-178.5389,10.0,6.0,3
31.685,-104.389,6.0101,2.8,1
31.677,-104.381,6.0999,3.0,1
31.682,-104.386,5.8948,2.6,1
-28.3753,-178.8203,10.0,4.4,3
36.8549,68.8945,10.0,4.4,2
-28.2354,-178.6309,10.0,4.8,3
43.6614,-105.3001,0.0,3.2,1
-27.997,-178.0361,10.0,4.5,3
52.053,-173.6857,85.507,3.0,1
59.9497,-153.0376,120.4,3.6,1
56.1206,-158.4834,65.0,2.5,1
-1.0712,119.766,45.354,4.7,3
18.709666666667,-64.55,48.79,3.31,1
31.683,-104.371,6.933,3.2,1
38.781833333333,-122.7635,3.22,3.4,1
-27.6087,-177.8981,10.0,4.6,3
31.661,-104.426,4.7156,2.6,1
-28.0872,-178.1546,10.0,4.9,3
-27.5123,-178.2613,10.0,4.3,3
2.2499,126.7696,44.545,4.5,3
52.7115,-166.7036,9.784,2.7,1
-9.1841,123.9342,96.107,4.8,3
42.2532,144.5659,35.0,4.4,2
54.3187,-163.7451,69.617,2.9,1
-27.7396,-177.9502,10.0,6.1,3
18.802833333333,-65.005833333333,20.54,3.36,1
-15.7861,-174.2249,135.094,4.7,3
42.2717,144.5511,35.46,4.8,2
42.2673,144.4403,46.002,4.3,2
42.3653,144.4693,48.568,4.8,2
30.4303,138.6854,421.474,4.5,0
-22.7948,-173.8276,10.0,5.2,3
59.9742,-152.6799,85.8,2.6,1
-10.3814,114.1182,10.0,4.8,3
-36.4735,177.2808,10.0,4.2,3
31.682,-104.379,5.9717,3.3,1
-27.7332,-177.856,10.0,4.4,3
-3.6539,145.6604,10.0,4.1,3
53.1972,-167.02,46.312,3.9,1
42.2948,144.4065,35.0,4.1,2
42.2959,144.652,35.0,4.5,2
-18.0355,-178.6211,553.638,4.2,0
42.1257,144.7242,35.0,4.2,2
42.3146,144.4608,35.0,4.4,2
42.2705,144.4895,21.0,6.0,2
42.1183,81.305,10.0,4.6,2
28.4214,104.816,35.0,4.4,2
-55.7478,-27.1303,35.0,5.3,3
50.3176,-176.9058,10.0,2.8,1
39.3354,-99.8192,5.0,2.9,1
-20.1246,-177.6892,503.092,4.2,0
36.7893,-104.7936,5.0,3.0,1
53.3438,-160.2784,10.0,2.6,1
-0.319,125.3309,43.833,4.8,3
51.2856,-178.043,35.0,3.0,1
45.8993,148.1129,183.581,4.5,2
-23.1482,-179.9715,559.509,4.2,0
35.8128,71.1299,88.568,4.3,2
31.663,-104.414,5.4333,2.6,1
-17.6935,168.1372,28.476,4.4,3
47.821166666667,-122.042,25.24,2.76,1
16.3593,120.3454,89.939,4.2,2
37.2817,-24.4706,10.0,4.6,2
14.6797,-92.4688,66.077,4.0,3
-8.9449,127.1168,10.0,4.6,3
17.4739,-62.8214,10.0,2.9,1
31.489,-103.968,4.8694,2.6,1
15.9201,146.5834,48.275,4.1,2
-21.1217,-175.7362,138.594,4.5,3
41.5672,142.1152,59.846,4.3,2
37.949333333333,-122.03083333333,14.81,3.06,1
58.0359,-143.4324,10.0,2.5,1
51.478,178.6965,59.72,2.7,2
28.1609,131.0341,10.0,4.5,2
43.6633,-105.3517,0.0,3.5,1
-6.362,151.5403,10.0,4.3,3
52.3337,-173.6267,10.0,3.3,1
38.9489,141.9613,67.609,4.1,2
-22.2178,-175.8971,78.794,5.2,3
18.893,-66.902166666667,16.37,2.95,1
19.1375,-155.4985,36.31,2.7,1
44.0162,-105.4406,0.0,3.1,1
51.678,-175.1593,35.0,3.0,1
52.3768,-173.6668,10.0,3.1,1
32.788,136.9309,408.66,4.2,0
-5.5859,152.3863,10.0,4.3,3
25.8597,59.9821,10.0,4.1,2
54.3934,-163.2393,11.545,2.6,1
54.3984,-163.2634,10.526,2.5,1
52.3312,-173.5996,12.668,3.3,1
54.4103,-163.2564,10.0,4.2,1
61.7821,-150.2641,33.5,2.5,1
19.183333333333,-67.0645,21.98,3.15,1
52.3206,-173.4411,11.37,3.0,1
35.1068,25.3162,10.0,4.3,2
40.3215,-124.681,18.6,2.64,1
11.3625,139.4032,10.0,4.4,2
19.4025,-155.282,0.85,2.78,1
54.9365,142.3856,10.0,4.2,2
54.4592,-157.4157,5.2,2.7,1
52.2756,-173.6032,9.583,3.2,1
-5.9613,154.6314,118.548,4.3,3
55.1088,-159.4767,5.834,3.4,1
23.5239,-45.1242,10.0,4.5,3
54.231,-162.2297,35.0,2.6,1
52.2929,-173.5156,10.0,2.8,1
52.1926,-173.6592,10.0,3.4,1
52.2171,-173.6219,10.0,3.6,1
32.759,-118.0845,5.84,2.63,1
52.2893,-173.552,10.0,2.5,1
52.2604,-173.5505,10.0,3.1,1
52.3157,-173.711,10.0,3.1,1
53.7559,-164.0412,35.0,2.7,1
52.1194,-173.655,10.0,3.6,1
52.273,-173.5341,10.0,4.8,1
-22.5416,-68.7556,111.176,4.3,3
18.9323,-65.4023,32.0,3.59,1
53.8521,-164.8454,35.0,2.9,1
-20.7196,173.6803,493.66,4.2,0
6.9583,-73.1465,149.925,4.1,3
36.8326,71.0773,220.962,4.0,2
20.7633,96.9288,10.0,4.2,2
-7.3415,122.5971,554.54,4.5,0
73.5227,8.2869,10.0,4.2,2
-17.7332,-178.8178,544.347,4.1,0
-53.2836,9.1051,10.0,6.2,3
-13.2588,167.1734,206.16,4.8,3
-10.7886,162.3617,108.137,4.6,3
-37.265,177.0706,161.899,4.4,3
18.938666666667,-64.7775,13.71,3.18,1
-8.6693,127.3718,10.0,4.3,3
-14.3189,167.4683,197.502,4.6,3
18.967333333333,-65.455333333333,67.14,3.38,1
54.527,-160.076,10.0,2.9,1
-23.7261,179.9473,522.823,4.6,0
-5.3434,68.6106,10.0,4.6,3
-22.8548,-179.492,528.326,4.4,0
-3.7917,136.6549,122.169,4.1,3
52.3545,-173.5287,10.0,2.9,1
51.611,178.6772,74.68,4.2,2
50.85,-173.7925,10.0,2.6,1
-1.1202,127.4825,10.0,4.3,3
24.9393,122.9194,129.939,4.6,2
47.9122,154.2723,46.748,5.0,2
2.4992,66.7693,10.0,4.5,3
44.144,86.7402,10.0,4.2,2
36.5754,70.7776,126.714,4.1,2
8.482,126.3659,83.261,4.3,3
43.8477,147.3295,60.428,5.4,2
28.1957,57.4037,10.0,4.4,2
51.7522,-176.3083,75.089,3.0,1
-19.8742,-173.5566,10.0,4.4,3
40.4438,-126.0848,10.0,3.2,1
44.1192,-105.417,0.0,2.6,1
-20.2359,-70.1992,42.701,3.5,3
13.1316,124.1919,85.683,4.9,3
39.314,40.3128,10.0,4.1,2
-21.3603,-66.7017,218.337,4.9,3
13.0578,-89.0383,71.926,4.6,3
51.6626,-177.5789,35.0,2.8,1
19.1935,-155.49116666667,35.16,2.71,1
51.4638,176.9412,35.0,3.5,2
31.938,-103.371,7.9834,2.7,1
44.4593,149.4381,35.0,4.6,2
-7.3404,154.754,10.0,4.8,3
51.6471,-173.7212,35.0,3.1,1
44.4754,149.4194,47.853,5.0,2
44.5841,149.4032,54.264,4.5,2
-6.4693,142.7868,10.0,4.6,3
54.5549,-162.8604,57.025,3.0,1
-5.5745,147.0821,216.117,4.4,3
-24.333,179.818,511.166,4.2,0
30.561,70.2875,10.0,4.0,2
-24.3154,-175.5641,30.322,4.6,3
36.049833333333,-120.61316666667,4.3,2.57,1
51.4788,-177.5594,45.266,3.3,1
3.7982,126.1129,72.496,4.2,3
54.5234,-159.6769,26.729,2.8,1
-18.2942,-178.3418,577.516,4.4,0
-21.8039,-68.4989,124.019,4.6,3
57.5424,-33.1445,10.0,4.5,2
18.782,-64.3645,29.0,3.9,3
35.998,137.4035,10.0,4.3,2
-58.0601,-25.9461,79.256,4.2,3
51.986,-179.9767,170.848,2.7,1
39.4129,68.9418,10.0,4.3,2
33.9325,-117.0908333,14.56,2.56,1
-44.1935,38.2596,10.0,4.6,3
52.4303,-173.6049,129.368,2.9,1
-57.9612,-24.9253,39.639,4.9,3
19.354,-67.3071,24.0,3.74,1
-15.6753,166.8908,10.0,4.2,3
5.1276,126.8545,97.64,4.4,3
38.254833333333,-112.63866666667,8.74,2.92,1
33.9668333,-116.8501667,18.35,2.72,1
-3.0414,135.9861,63.734,4.2,3
-11.3415,118.5182,10.0,4.4,3
17.2366,19.5868,10.0,4.4,3
-30.6072,-178.0686,41.31,5.2,3
34.0156667,-117.145,4.98,2.66,1
59.8125,-150.6983,41.3,2.6,1
-23.1647,-68.6869,101.551,4.1,3
19.2401,-67.1798,24.0,3.68,1
23.1552,94.7931,114.219,4.3,2
-1.9669,140.0002,17.048,4.9,3
18.762,145.3384,236.346,4.1,2
-16.1467,-72.0309,116.035,4.4,3
-20.9301,-67.4047,187.696,4.6,3
62.5741,-150.9474,79.4,2.5,1
-7.1734,120.8051,493.13,4.6,0
44.4564,149.4049,35.0,4.7,2
5.2649,126.0,92.709,4.2,3
28.2544,57.3601,10.0,5.0,2
-15.8553,167.0117,10.0,5.0,3
-29.4061,-178.7471,210.988,4.8,3
0.9825,126.6058,58.626,4.4,3
52.2628,-174.6456,212.922,3.2,1
40.3442,-126.0797,10.0,2.7,1
52.6958,160.4507,35.0,4.8,2
31.679,-104.429,6.8433,2.9,1
40.352333333333,-124.84483333333,24.13,2.69,1
-8.0721,-74.4637,165.292,4.4,3
-15.4825,-174.7845,155.759,4.6,3
52.2396,-178.2917,217.852,2.6,1
51.4177,-179.1126,28.186,2.7,1
-14.966,-75.9119,10.0,4.3,3
33.1616667,-116.398,6.36,3.25,1
53.5951,-164.7421,35.0,3.4,1
6.3761,126.5946,10.0,4.1,3
-17.4593,-69.7316,174.678,4.2,3
21.0351,121.9685,10.0,4.5,2
21.0357,121.8718,10.0,4.6,2
57.4387,-152.4258,24.9,2.8,1
-14.8801,-75.7267,37.337,5.1,3
19.6195,-108.8654,10.0,4.1,1
-24.1077,-67.082,217.96,4.4,3
12.7347,144.957,28.0,5.8,2
36.6327,70.4173,218.761,4.2,2
17.81,-67.041,30.99,2.54,1
85.2524,96.4465,10.0,4.3,2
32.148,-101.051,8.3496,2.8,1
42.5359,-104.9212,5.0,2.6,1
19.2995,-109.1759,10.0,4.1,1
11.4966,-87.1129,35.0,4.6,3
19.7156,-109.3426,10.0,5.4,3
-14.1835,167.3309,190.0,5.9,3
73.5133,7.972,10.0,4.3,2
40.395333333333,-125.01716666667,10.0,2.7,1
51.4317,-170.0027,10.0,2.7,1
28.5449,83.9408,10.0,4.3,2
18.966666666667,-67.691833333333,9.58,3.25,1
54.2591,-159.7384,35.0,2.7,1
-20.2508,-68.6433,115.696,4.1,3
40.4714,-126.0768,10.0,2.7,1
2.1738,126.7535,59.612,4.1,3
62.3211,-148.1547,25.4,2.6,1
-34.0023,150.6485,10.0,3.6,3
24.2883,94.3996,35.0,4.2,2
12.0036,-86.7517,100.748,4.4,3
37.3695,-118.45666666667,2.62,2.89,1
-5.372,152.9979,10.0,4.4,3
21.0567,121.7601,10.0,4.4,2
19.3729,-109.0451,10.0,4.3,3
-14.9242,-75.7626,35.0,5.1,3
51.5484,-175.7015,35.0,3.6,1
19.5611,-109.1593,10.0,5.8,3
14.0678,145.6921,60.376,4.0,2
51.431,-175.1435,35.0,2.9,1
19.5215,-63.5433,34.0,3.86,1
-23.6029,-68.0798,137.382,4.0,3
19.55,-70.7381,32.016,4.0,3
-24.5497,-68.1048,135.332,4.2,3
-8.9372,124.2452,72.183,4.2,3
55.8627,-161.3821,175.425,2.7,1
59.7846,-150.7956,41.7,2.6,1
13.6053,-89.9185,73.771,4.4,3
50.4313,-173.1672,10.0,3.6,1
19.688,-109.194,10.0,5.8,3
40.418166666667,-125.12083333333,10.0,2.78,1
51.8596,178.3183,125.526,3.1,2
13.0289,145.1814,37.03,4.5,2
53.0973,-168.1993,88.893,3.1,1
-19.7726,-177.4102,360.864,4.4,0
24.4467,93.8427,49.996,5.1,2
-20.9423,-177.9097,425.086,4.0,0
-23.4224,178.8889,545.272,5.0,0
-38.4234,176.2689,128.473,4.4,3
51.6487,178.6116,79.126,2.5,2
42.8097,-108.0336,5.0,2.6,1
56.3713,-157.9334,84.8,3.3,1
36.9116,21.8746,48.428,4.5,2
59.3511,-152.8639,71.3,3.2,1
21.2512,94.8814,126.343,4.0,2
52.6517,-169.5219,15.1,2.5,1
30.4571,50.029,10.0,4.1,2
52.2858,-165.7704,10.0,2.8,1
12.4605,125.7302,10.0,4.6,2
36.5373,70.3385,195.636,4.0,2
21.5954,121.8629,10.0,4.4,2
21.0837,121.9257,10.0,4.8,2
36.5099,-113.9819,11.237,3.4,1
41.5422,142.0961,67.15,4.4,2
19.5249,-109.1083,10.0,4.2,3
13.4663,56.9581,10.0,4.6,3
21.0544,121.9087,10.0,4.7,2
-1.444,-77.8727,164.528,4.4,3
-5.0131,123.0162,10.0,4.5,3
20.7067,95.9036,10.0,4.3,2
-4.6005,153.9176,120.306,4.3,3
21.0542,121.9886,10.0,4.9,2
-33.6417,-179.3442,35.0,4.6,3
60.9105,-150.6897,56.2,2.8,1
-5.5903,147.5275,196.852,4.3,3
56.5442,-149.2498,10.0,2.7,1
-6.1961,151.8509,10.0,4.9,3
-15.3698,167.4686,121.884,4.9,3
52.2753,-164.269,10.0,3.2,1
-3.7105,101.6678,49.471,4.9,3
19.2395,-156.38066666667,38.34,3.88,1
-6.1652,151.4946,10.0,4.6,3
51.2961,-176.7472,35.0,2.6,1
13.6429,-91.3666,35.0,4.5,3
52.7363,-163.4952,10.0,2.6,1
44.3746,-115.0352,13.141,3.0,1
-16.6205,-179.595,544.439,4.1,0
-3.9745,137.4572,10.0,4.1,3
44.3549,-115.0279,10.7,2.7,1
51.5715,-168.3461,10.0,3.5,1
12.9323,145.4073,10.0,4.4,2
52.4797,-169.1858,35.0,2.6,1
84.9707,96.1307,10.0,4.8,2
50.2345,-175.8157,17.004,3.0,1
14.6789,121.4548,10.0,4.8,2
60.2887,-153.5115,175.6,3.7,1
52.4652,-174.2773,141.578,3.1,1
12.9499,145.3657,10.0,4.5,2
12.8969,145.2843,10.0,5.0,2
19.2083,-63.4526,25.294,4.4,3
84.9845,96.8306,10.0,5.2,2
-7.5549,128.4844,144.105,4.2,3
35.7227,140.5713,53.007,4.1,2
-10.2116,110.3,10.0,5.3,3
30.8218,50.4361,10.0,5.1,2
44.656166666667,-110.425,5.52,2.67,1
38.2597,22.6511,23.24,5.0,2
51.9864,-178.9559,168.622,3.1,1
60.1425,-152.487,89.5,2.8,1
-5.5614,147.2535,182.408,4.5,3
22.6313,96.128,10.0,4.1,2
59.1862,-152.488,62.0,3.1,1
18.8375,-67.999833333333,36.36,3.31,1
11.8966,143.8323,10.0,4.3,2
11.9242,143.6677,10.0,4.4,2
-31.2474,-178.8334,77.894,4.5,3
53.7228,-169.0145,49.614,2.8,1
52.5224,-32.3083,10.0,4.2,2
51.679,-176.035,58.561,2.5,1
59.8521,-153.3173,119.6,2.5,1
6.4718,126.1976,73.23,4.4,3
54.5097,-163.4547,11.451,2.6,1
-5.3512,153.1661,35.425,4.4,3
53.206,-164.3699,10.0,2.5,1
38.7971,-118.8321,8.6,2.7,1
17.985833333333,-67.062833333333,6.49,2.71,1
68.935,-17.2625,10.0,4.3,2
12.6584,123.3822,10.0,4.7,2
36.1364,141.1767,46.686,4.3,2
42.3166,142.9403,59.96,4.5,2
-53.5242,24.796,10.0,4.7,3
51.1975,179.9154,49.149,2.6,2
60.0377,-153.0173,109.0,2.6,1
-22.2645,-68.5286,114.878,4.1,3
19.238,-66.179833333333,16.31,3.14,1
13.6658,-91.2943,35.0,4.2,3
-9.5772,125.0843,10.0,4.4,3
1.4953,127.242,123.663,4.3,3
-22.8151,-66.4749,258.607,4.3,3
-11.5634,166.2988,115.859,4.3,3
12.7079,143.8915,77.889,4.5,2
38.1697,-117.822,10.8,3.0,1
51.4294,-175.9311,35.0,3.0,1
40.260333333333,-124.61616666667,2.16,2.92,1
5.7863,126.1918,102.636,4.9,3
44.7615,-128.9337,10.0,3.3,1
85.0316,97.0053,10.0,5.0,2
55.1608,-163.0846,142.081,2.7,1
51.6529,-172.7031,35.0,2.8,1
84.9908,97.9913,10.0,4.4,2
85.0331,96.2358,10.0,5.2,2
42.2681,143.1149,65.431,5.3,2
40.280333333333,-124.6235,5.68,3.08,1
40.283833333333,-124.636,5.83,2.52,1
40.2725,-124.62066666667,3.76,2.83,1
40.280333333333,-124.61866666667,6.02,2.71,1
40.2655,-124.637,2.92,4.63,2
40.277666666667,-124.61966666667,4.98,3.78,1
40.404,-124.96966666667,6.58,2.51,1
-56.0013,-27.6013,105.358,4.5,3
52.2485,-172.1668,106.248,3.1,1
11.972,143.8864,10.0,5.0,2
13.4747,-89.9009,77.909,4.2,3
40.2806,-126.0185,10.0,2.5,1
19.316333333333,-67.4015,10.44,3.1,1
-22.9075,-68.7146,98.798,4.2,3
6.6378,125.059,14.506,4.2,3
-19.6168,-69.4505,105.0,5.7,3
44.3516,-115.0121,10.0,2.6,1
-24.2019,-67.1947,199.752,4.3,3
-9.6038,120.647,91.563,4.2,3
-20.2633,169.4674,123.44,4.3,3
53.3368,-161.3991,10.0,2.7,1
51.3815,178.7206,45.76,3.0,2
19.606166666667,-156.154,4.59,3.09,1
-19.2339,-177.465,572.491,4.2,0
-11.5771,166.6781,246.672,4.1,3
38.4887,142.1333,35.0,4.4,2
18.378166666667,-67.505,5.56,3.12,1
-20.1939,-67.2311,209.797,4.4,3
53.637,-164.7401,35.0,2.7,1
-56.2066,-24.8489,10.0,4.5,3
34.8895,25.8818,10.0,3.9,2
9.0733,125.7413,10.0,4.4,3
53.1718,-162.1679,10.0,2.6,1
32.416,-102.044,7.3486,3.3,1
-56.5699,-25.8427,35.0,4.9,3
-4.5049,35.0267,10.0,4.3,3
-4.1821,34.7605,10.0,4.2,3
37.6199,21.6277,10.0,4.3,2
51.3492,-177.2335,35.0,2.6,1
59.0761,-153.8536,100.0,3.0,1
-10.7956,164.4449,10.0,4.6,3
50.1199,-174.5946,10.0,3.2,1
51.7202,-176.4753,52.774,2.8,1
-29.9474,-177.8534,64.187,4.8,3
52.9282,-163.776,10.0,2.6,1
51.9556,-166.3943,10.0,2.6,1
85.0316,95.9336,10.0,4.4,2
33.6796667,-116.8026667,16.18,2.57,1
31.8555,-116.4705,10.21,2.73,1
-60.3909,-27.1703,10.0,4.5,3
63.5715,-150.6634,11.8,2.6,1
-3.3521,140.4121,35.0,4.5,3
64.3413,-173.2826,9.6,3.6,1
51.3809,-177.4983,35.0,2.6,1
55.7548,-156.4669,41.4,2.8,1
-22.8374,-175.8016,48.0,6.0,3
54.4276,-163.2804,12.078,2.5,1
40.2805,-124.67133333333,5.73,4.1,1
-4.7965,153.1888,66.556,4.0,3
53.0716,-166.9103,35.0,3.3,1
54.3571,-158.6892,10.0,2.8,1
15.9807,-55.7288,10.0,4.9,3
36.1018,70.264,130.177,4.0,2
-4.4299,35.1133,10.0,4.6,3
51.8093,-174.3233,67.405,2.9,1
50.2314,88.1222,10.0,5.0,2
-10.002,160.201,35.0,4.3,3
18.774666666667,-66.362333333333,50.1,2.97,1
-38.6054,175.7869,190.931,4.1,3
36.3735,69.8365,147.658,4.1,2
51.0388,-179.8036,35.0,2.9,1
79.7576,-17.7992,10.0,4.0,2
49.9123,89.823,10.0,4.1,2
52.284,-174.4363,194.366,3.0,1
-5.522,152.2612,58.532,4.5,3
53.5768,-163.1594,21.439,2.7,1
17.2051,19.5011,10.0,4.4,3
54.4069,-160.3959,35.0,2.8,1
-6.6768,129.8122,164.936,4.2,3
13.6137,144.8001,122.065,4.3,2
40.3881,-126.1753,10.0,2.8,1
40.320333333333,-124.67533333333,9.89,2.55,1
51.8453,-171.5617,35.0,3.0,1
6.8118,148.0092,10.0,4.9,3
63.8894,-22.9589,10.0,4.3,2
63.8907,-23.086,10.0,4.4,2
63.8212,-22.8441,10.0,4.4,2
34.2925,-117.5256667,10.24,2.6,1
63.8397,-22.9264,10.0,4.9,2
-15.0924,167.2318,122.646,4.6,3
39.320833333333,-112.0665,2.04,3.05,1
51.5396,179.7153,63.225,2.8,2
19.161833333333,-67.280833333333,20.41,3.27,1
52.6043,-168.3261,35.0,3.0,1
19.3278,-67.4575,25.0,3.76,1
58.9755,-151.3865,47.0,2.5,1
-57.2189,-67.2903,10.0,5.1,3
-57.2527,-67.3642,10.0,5.0,3
16.1907,121.985,73.046,4.4,2
17.928666666667,-66.868833333333,18.84,2.54,1
-21.2646,169.4783,10.0,4.3,3
32.0073,48.9837,10.0,4.7,2
18.003833333333,-66.3505,16.58,2.56,1
17.992166666667,-66.356166666667,14.5,2.54,1
51.7936,-179.7751,104.972,2.9,1
-17.5392,-69.3885,151.621,4.4,3
55.4528,-159.5311,6.5,2.7,1
-20.2132,-177.9171,514.504,4.0,0
58.8656,-154.5446,120.6,2.9,1
51.8646,155.998,200.867,4.1,2
58.4116,-155.3881,134.6,2.5,1
16.4974,146.0926,130.853,4.2,2
-7.36,128.4723,163.277,3.9,3
-56.8159,-68.4705,10.0,5.0,3
69.4547,-144.0822,12.1,3.7,1
58.3344,-155.964,5.2,2.5,1
19.0438,-64.3363,63.0,3.7,1
31.7,-104.492,6.0999,3.2,1
-16.8883,-174.2038,84.077,4.9,3
-0.9102,-13.7831,10.0,4.9,3
16.6932,120.2389,35.0,5.2,2
35.7013333,-117.5056667,6.83,2.64,1
51.5618,-176.1269,33.943,3.3,1
54.4458,-163.2953,15.102,2.8,1
36.517166666667,-119.51816666667,30.44,2.67,1
-6.5211,154.6133,10.0,4.1,3
53.2018,-164.295,31.143,2.5,1
53.1878,-164.3753,35.0,3.1,1
53.3441,-164.4777,10.0,3.0,1
25.4627,141.9557,64.321,4.3,2
-26.0805,70.4461,10.0,4.4,3
43.9873,-129.3694,10.0,3.2,1
38.926333333333,-122.0745,13.84,2.89,1
36.42133333,-96.8875,7.34,3.18,1
-20.7408,-178.6838,598.344,4.4,0
-2.1059,139.3601,22.544,4.3,3
-31.6158,-67.6694,10.0,4.0,3
-15.9102,-174.1967,131.151,4.7,3
29.2912,-87.7509,5.0,3.1,1
54.9607,-156.2667,5.2,4.6,1
10.6259,-86.0467,10.0,4.3,3
8.0677,58.8411,10.0,4.4,3
2.0968,126.6767,41.21,5.0,3
8.0913,58.7698,10.0,4.5,3
22.7737,94.534,105.853,4.1,2
53.1662,-164.3532,27.698,2.9,1
61.621,-151.5413,79.7,3.1,1
56.5074,-156.9384,75.3,2.6,1
50.5381,-174.3917,10.0,2.9,1
50.3026,-174.1607,10.0,2.7,1
-7.9182,-76.2972,123.598,4.3,3
-30.8036,147.3815,3.045,4.8,3
-56.5536,147.6655,10.0,6.1,3
31.955,-103.363,8.9197,2.8,1
36.7938,141.287,43.945,4.5,2
65.2612,-173.1638,22.6,2.7,1
-22.2016,-68.8202,120.811,4.5,3
1.6554,127.3893,133.097,4.3,3
42.6413,-111.2061,11.257,3.8,1
-16.675,-71.5137,99.305,4.2,3
54.3825,-163.2474,9.614,2.7,1
53.3004,-164.3618,10.0,3.4,1
20.128666666667,-156.22216666667,40.16,3.07,1
31.955,-103.362,6.3306,2.6,1
53.339,-164.4239,10.0,4.5,1
-7.0125,155.7932,111.864,4.6,3
33.4409,-6.2869,10.0,3.8,2
53.2032,-164.2976,35.0,3.0,1
56.7123,-152.4352,23.7,2.7,1
45.177,78.3673,10.0,4.3,2
54.5792,-163.4114,24.166,2.6,1
18.0045,146.5169,79.812,4.4,2
-18.6977,-177.9528,627.115,4.4,0
52.3703,-169.5611,35.0,3.1,1
-15.4104,168.0797,10.0,4.7,3
51.8854,178.6238,117.344,2.9,2
-23.8625,69.8892,10.0,4.4,3
38.832333333333,-122.79566666667,2.48,2.64,1
59.3704,-152.483,81.3,3.5,1
17.996833333333,-66.355333333333,12.84,2.64,1
17.974,-66.363666666667,15.47,2.5,1
3.4096,-31.4775,10.0,4.5,3
51.2544,-177.9318,32.963,2.8,1
9.9984,125.3254,10.0,4.3,3
-15.4802,-178.7575,427.738,4.6,0
3.3141,-77.507,35.0,4.8,3
-6.5675,107.0797,126.439,4.3,3
51.6884,-173.4385,35.0,3.5,1
51.5593,178.4709,76.527,4.0,2
29.1857,86.802,10.0,4.4,2
53.3036,-164.3511,10.0,2.5,1
53.2659,-164.4101,10.0,5.2,2
-19.9329,-69.3401,103.094,4.3,3
50.9664,-175.972,10.0,2.8,1
-4.8372,133.9605,10.0,4.4,3
42.5041,18.3603,10.0,4.0,2
37.4414,72.2841,188.344,4.1,2
56.8412,-152.7818,1.9,2.7,1
58.325,-155.9337,11.5,3.2,1
41.9147,142.532,48.0,5.4,2
19.0719,-69.4205,10.0,3.3,1
-24.2762,179.9443,511.063,4.3,0
-24.3335,69.3889,10.0,4.3,3
29.472,80.4663,10.0,4.6,2
18.254666666667,-66.978666666667,17.08,2.81,1
-9.4965,-74.8584,10.0,5.1,3
-3.9908,102.2539,47.0,5.7,3
12.9288,-88.5923,67.918,5.0,3
-5.3606,152.0168,40.862,4.7,3
-37.4393,51.6299,10.0,4.4,3
-10.5996,161.9082,66.851,4.0,3
-30.0437,-177.8004,35.812,4.4,3
-1.0269,127.335,10.0,4.5,3
40.4227,-126.7435,15.574,2.7,1
-24.1457,-67.0807,222.72,4.4,3
44.2437,148.7377,10.0,4.2,2
34.67,-120.4143333,11.62,2.52,1
-48.9463,123.5713,10.0,5.0,3
-9.0839,-79.1531,59.583,4.6,3
-6.9918,127.8055,294.111,4.3,0
52.4037,-165.3006,10.0,2.6,1
40.350166666667,-124.85216666667,16.74,2.69,1
-8.5261,118.3772,134.968,4.6,3
-37.4977,51.9596,10.0,4.6,3
-37.4859,51.3609,10.0,5.7,3
-37.6588,51.7353,10.0,4.4,3
54.5651,-163.0352,83.443,2.5,1
-37.6446,51.7724,10.0,4.6,3
-37.9216,51.7886,10.0,4.7,3
-37.5884,51.6101,10.0,4.5,3
53.174,-162.0269,10.0,2.9,1
-37.4056,51.5058,10.0,5.2,3
19.0015,-67.694166666667,9.09,3.39,1
56.8722,-148.5039,10.0,2.7,1
-22.9354,-174.8459,10.0,4.9,3
51.5548,178.7994,10.0,2.7,2
19.0152,-102.1122,107.464,4.8,3
77.9919,13.7415,10.0,4.6,2
25.9216,126.977,55.306,4.2,2
-37.4434,51.3136,10.0,4.8,3
-21.0164,-176.9619,330.208,4.2,0
-4.0329,142.9994,79.643,4.6,3
44.1832,-129.2613,10.0,4.2,1
41.8871,-119.5621,2.5,3.0,1
38.8671,70.5452,10.0,4.2,2
52.1613,-173.2764,103.514,3.1,1
-37.6986,51.5081,10.0,4.4,3
38.8365,-122.78133333333,1.59,2.51,1
35.8915,25.9159,64.0,6.2,2
18.264666666667,-64.666,123.27,3.43,1
59.6034,-152.9262,91.7,2.6,1
-24.2946,-67.2128,170.193,4.2,3
18.603833333333,-66.733333333333,10.98,3.04,1
44.3026,-115.153,16.041,2.5,1
52.1978,-178.6835,175.973,2.7,1
-39.1601,179.8726,10.0,4.4,3
-56.0306,-26.7365,38.15,5.2,3
19.069833333333,-67.678166666667,19.82,3.15,1
34.3547,104.6723,10.0,4.2,2
19.1308,-67.7276,8.0,3.66,1
43.5642,-105.397,0.0,2.7,1
-22.3771,-66.1533,262.276,4.3,3
35.327,-101.749,6.7139,2.6,1
19.167666666667,-67.5125,48.82,3.3,1
19.2303,-64.8295,37.0,3.55,1
17.2447,147.2647,32.167,4.7,2
43.5434,-105.3084,0.0,3.2,1
-56.7605,-25.6669,35.0,5.2,3
54.7398,-159.4382,30.328,3.2,1
61.6203,-150.1355,23.6,2.5,1
-37.4248,51.5607,10.0,4.6,3
-5.5096,152.1174,49.848,4.7,3
0.8224,100.0189,195.677,4.3,3
28.3448,104.6089,10.0,4.4,2
-16.3231,-174.1109,119.116,4.7,3
31.707,-101.704,9.1797,2.7,1
66.2243,-157.4129,9.6,3.3,1
8.9268,93.8553,10.0,4.7,3
-6.2374,151.739,10.0,4.6,3
-6.1302,151.4819,10.0,4.7,3
-59.0596,-25.1373,35.0,4.9,3
60.6345,-152.6944,129.8,2.6,1
31.671,-104.399,7.2791,2.5,1
-0.3096,131.9054,10.0,4.6,3
20.1285,-156.0155,21.92,3.22,1
21.0556,95.9515,10.0,3.4,2
-23.1003,-114.9789,10.0,4.5,3
31.3589,140.9594,53.822,4.6,2
-11.0683,111.1614,10.0,4.3,3
31.681,-104.394,5.8179,2.5,1
51.4415,-179.8837,67.934,2.7,1
-3.7962,144.6459,10.0,4.2,3
19.349333333333,-67.588,10.79,3.17,1
19.2213,-67.1051,16.0,3.63,1
52.1795,-173.1647,7.943,3.1,1
-20.3805,-177.4393,501.504,4.4,0
52.2376,-173.116,10.071,3.0,1
-5.5138,152.4194,10.0,4.1,3
-30.633,-178.8006,121.021,4.7,3
38.0063,72.4454,111.81,4.2,2
-21.5136,-67.3356,202.909,4.3,3
-8.9406,123.8287,89.48,4.4,3
26.6404,126.1932,142.521,4.3,2
-10.9112,164.88,10.0,4.6,3
54.4481,-162.0023,35.0,3.0,1
-28.6305,-71.2952,38.432,4.4,3
-7.6609,129.0993,87.297,4.4,3
53.2434,-166.7914,35.0,3.4,1
-57.1894,-67.574,10.0,4.1,3
-5.4881,152.1374,55.555,4.5,3
-56.9634,-67.0983,10.0,5.2,3
-24.4861,179.958,519.129,4.4,0
45.9604,11.135,11.615,2.7,1
37.4578,21.7777,10.0,4.3,2
-24.1591,-67.1015,183.203,4.1,3
-54.7666,-130.2807,10.0,4.9,3
-6.8056,107.9809,10.0,3.4,3
55.0422,-157.6844,26.0,2.7,1
-5.6313,148.2276,167.91,4.4,3
56.1628,-149.9081,10.0,3.2,1
18.7913,-68.6901,24.0,3.64,1
19.081166666667,-155.3615,32.44,4.18,1
-56.7749,-67.6093,10.0,4.6,3
-21.0976,-179.1914,622.15,4.6,0
58.9759,-154.1795,116.5,2.5,1
-17.3112,66.2755,10.0,4.9,3
13.7493,144.6709,162.675,4.1,2
19.0985,-67.661833333333,20.18,2.91,1
67.351,-156.2821,5.3,2.9,1
43.8599,-105.3859,0.0,3.2,1
27.4432,102.9337,10.0,4.2,2
0.7147,-26.0178,10.0,4.9,3
61.7911,-150.0589,34.3,3.0,1
52.0616,-174.3529,6.274,2.9,1
-3.3547,144.9897,10.0,5.3,3
-3.7575,144.8116,16.819,6.5,3
48.3967,153.3603,143.577,4.0,2
56.3946,-149.252,10.0,2.9,1
63.0822,-151.4704,3.9,3.4,1
37.6763,141.7939,61.973,4.3,2
-24.3467,-179.8166,509.324,4.2,0
-23.2924,179.9279,566.601,4.8,0
10.8814,125.9051,35.0,4.4,3
-20.4585,-177.8794,536.94,4.5,0
51.3941,178.7568,40.549,3.3,2
54.2422,-159.739,10.0,3.2,1
18.7352,145.287,212.661,3.9,2
37.0613,71.863,164.169,4.4,2
36.5675,-117.066,1.38,2.59,1
41.9115,-119.579,12.8,2.7,1
16.0222,-96.5721,42.291,4.4,3
52.123,-169.2877,10.0,3.5,1
-32.9493,-178.1687,10.0,4.6,3
60.6227,-152.0714,102.6,2.5,1
50.1851,177.445,10.0,3.6,2
-4.7694,140.6062,10.0,4.4,3
-18.131,-69.5308,129.101,4.4,3
35.3444,-36.01,10.0,5.6,2
31.665,-104.363,7.0227,2.8,1
52.2019,-169.411,35.0,3.5,1
52.3266,-176.1784,139.832,3.0,1
61.3154,-149.917,20.7,2.5,1
5.1744,123.7663,10.0,4.4,3
51.6555,178.7581,70.593,3.2,2
-21.1102,-68.5409,129.945,4.3,3
19.023666666667,-67.060333333333,48.63,3.41,1
-36.2734,-101.3359,10.0,4.4,3
59.8693,-153.3183,121.5,3.3,1
18.016166666667,-66.822333333333,17.02,2.56,1
26.5855,129.5422,10.0,4.1,2
57.3268,-156.7187,106.1,3.5,1
-31.0643,-178.4757,95.468,5.0,3
8.7007,126.5777,44.182,4.2,3
-24.9691,-70.0925,74.889,4.3,3
-23.9974,-66.862,199.784,4.5,3
-61.1907,-28.1435,10.0,4.6,3
56.5478,-136.1408,16.7,2.5,1
-11.0787,111.1236,10.0,5.0,3
17.902666666667,-66.845333333333,14.9,2.52,1
-23.9298,-179.5432,420.002,4.4,0
52.3506,-174.4318,206.368,2.9,1
51.6912,-173.8574,35.0,2.7,1
-10.7121,166.0714,167.65,4.4,3
-24.733,-175.8026,35.0,4.7,3
35.048,-119.0391667,6.03,3.76,1
41.7698,88.1512,10.0,4.7,2
55.0287,-157.3979,13.5,2.6,1
-6.2751,151.9757,10.0,4.4,3
-5.8358,148.5634,175.098,4.3,3
8.808,126.6066,55.608,4.5,3
-24.4078,-175.5172,10.0,4.7,3
17.1631,-68.5288,50.0,3.79,1
-24.4031,-175.0876,10.0,5.0,3
54.3763,-161.5472,35.359,3.5,1
54.4137,-161.7216,45.168,4.3,1
18.1905,-67.2175,10.75,2.72,1
34.7289,68.712,10.0,4.2,2
-7.1735,-13.0571,10.0,5.0,3
13.5341,-91.6326,32.216,4.1,3
-5.3622,153.4537,35.0,4.4,3
28.4953,87.3902,10.0,4.3,2
-15.2895,-173.2588,10.0,4.6,3
-21.1671,-173.342,10.0,4.6,3
-17.9768,-69.8892,115.162,4.4,3
-35.7217,-102.9882,10.0,5.4,3
32.0965,-115.1101667,15.89,2.99,1
52.9105,-159.5161,10.0,2.6,1
-18.7191,-67.2855,237.965,4.3,3
57.1991,-155.3858,55.2,3.0,1
57.2136,-155.3991,54.7,2.8,1
1.0344,97.1099,10.0,4.7,3
-33.6622,-178.7327,10.0,4.7,3
1.0503,97.1318,10.0,4.8,3
-30.1757,-177.3091,10.0,5.3,3
58.9706,-30.6676,10.0,4.5,2
51.6128,179.5628,78.26,3.0,2
58.9973,-30.7819,10.0,4.5,2
61.7922,-149.635,48.9,2.7,1
59.2235,-30.6684,10.0,4.4,2
59.9015,-152.9037,109.8,2.6,1
-3.0521,126.8497,10.0,4.1,3
41.2822,142.7532,40.195,4.3,2
51.4287,16.2499,8.405,4.2,2
7.4417,125.6982,66.405,4.9,3
37.1642,141.3804,10.0,4.7,2
40.331,-124.936,11.68,2.71,1
54.7943,-160.5925,35.0,2.5,1
4.1839,96.1333,85.71,4.2,3
51.2599,-174.4824,10.0,2.5,1
-7.7094,130.0939,25.913,4.5,3
-4.5255,125.4461,436.451,4.0,0
61.3177,-152.2472,0.9,2.5,1
38.7747,23.5303,21.569,4.6,2
-16.2132,-176.1639,382.118,4.3,0
-18.5469,-71.3182,25.071,4.0,3
14.0767,147.0095,10.0,4.4,2
37.520166666667,-118.8265,4.34,2.62,1
18.706166666667,-66.2045,40.76,3.2,1
8.744,126.0078,35.0,4.2,3
-14.1343,167.3171,199.482,4.6,3
-58.6401,-24.8406,10.0,4.4,3
19.031,93.3045,10.0,4.9,2
-10.9378,25.1617,10.0,4.3,3
25.5239,141.4344,112.193,4.7,2
18.012,-66.73,12.36,2.88,1
-34.7762,-71.6909,44.336,3.9,3
54.3569,-158.7243,10.0,3.0,1
-10.7356,41.3686,10.0,4.4,3
33.7183,90.741,10.0,4.5,2
-6.1582,147.7152,81.658,4.6,3
51.4404,-176.2946,35.0,2.9,1
62.7081,-148.8741,40.7,2.7,1
10.8836,-86.7301,10.0,4.4,3
51.0944,178.985,27.726,2.5,2
17.985333333333,-66.413,6.16,2.75,1
42.8283,83.3861,10.0,4.2,2
17.2807,146.0672,123.471,4.4,2
18.4852,-69.0237,166.67,3.2,1
-7.3438,155.7987,35.0,4.4,3
-30.1026,-177.1731,10.0,4.5,3
-15.0605,166.1438,10.0,4.6,3
-22.5584,-179.82,577.059,4.3,0
58.082,-149.229,2.2,4.5,1
56.0125,-149.7106,10.0,2.7,1
-17.5865,-174.5092,76.461,4.9,3
19.033333333333,-67.607333333333,5.02,3.15,1
36.0794,28.0912,10.0,4.1,2
56.1746,117.3235,10.0,4.7,2
38.7566,23.5556,10.0,4.4,2
51.1607,-178.9946,29.57,2.5,1
-32.7661,-178.1432,10.0,4.4,3
4.0695,-75.4801,10.0,4.3,3
36.5792,70.8055,217.6,4.4,2
56.0972,117.4659,10.0,4.2,2
18.678333333333,-67.108333333333,40.7,2.9,1
-10.1094,116.1328,52.225,4.9,3
51.3875,179.2485,35.0,3.1,2
-20.2787,-177.7342,503.708,4.4,0
-21.9662,-179.5547,600.289,4.3,0
-11.2453,118.3198,10.0,4.9,3
8.6216,123.0774,10.0,4.8,3
50.9292,178.9064,10.0,3.5,2
-20.8957,-68.9598,103.122,4.2,3
-53.1062,-47.1594,10.0,4.9,3
54.3328,-158.6708,10.0,2.6,1
54.3946,-158.772,10.0,4.1,1
-36.8923,177.6072,104.209,4.3,3
42.1046,-126.1264,10.0,2.9,1
54.394,-158.7009,10.0,4.3,1
43.0293,146.4534,35.0,4.6,2
9.0645,-81.4596,10.0,4.5,3
38.736,23.6024,10.0,4.3,2
52.167,-165.7392,18.423,2.7,1
-17.6558,-178.7958,540.547,4.1,0
52.1814,-173.2471,116.213,2.8,1
19.073666666667,-155.36133333333,32.9,3.23,1
-27.79,-177.6507,126.865,4.0,3
2.5713,96.0048,10.0,4.9,3
43.5474,-127.71,10.0,3.0,1
18.7205,-66.780666666667,9.98,3.02,1
-17.5528,-174.3787,86.762,4.7,3
43.7146,-105.339,0.0,3.3,1
-5.87,153.0253,10.0,4.4,3
-58.9971,-23.5339,10.0,4.0,3
36.6354,-115.7357,10.1,2.7,1
18.018666666667,-66.728,11.22,3.08,1
-59.2511,-26.1519,123.825,4.9,3
17.9175,-66.878333333333,11.89,2.81,1
-18.3323,168.4127,39.846,4.3,3
-30.3899,-72.1556,16.765,4.4,3
21.4196,96.0564,10.0,5.1,2
52.4578,-174.0335,167.877,2.5,1
61.4555,-151.2212,0.5,2.5,1
54.1946,-159.8699,35.0,4.9,2
50.6084,-173.5357,10.0,2.5,1
52.966,-167.6605,35.0,3.2,1
51.7125,176.9062,35.0,2.9,2
17.7113,-83.6415,10.0,4.6,3
38.790833333333,-122.76416666667,4.16,2.91,1
18.716,-64.2938,48.583,3.0,1
-5.7794,152.5237,10.0,4.1,3
-3.514,152.1501,272.316,4.4,3
36.183,69.4733,140.188,4.0,2
59.6299,-150.5227,41.9,3.9,1
-14.7608,-74.1437,101.0,5.9,3
15.7827,-94.799,10.0,4.1,3
19.174166666667,-155.49166666667,31.72,2.64,1
-39.7842,-75.1812,10.0,4.2,3
6.8592,-73.1237,147.138,4.0,3
-35.0762,-107.1542,10.0,5.0,3
-9.0215,117.0613,10.0,4.2,3
54.4588,-159.6048,35.0,2.5,1
9.8304,122.169,10.0,4.3,3
-51.466,-71.8477,10.0,4.1,3
36.5072,-113.9981,10.02,3.8,1
40.274166666667,-124.6265,5.63,3.5,1
-23.4864,-179.9512,535.212,4.6,0
60.144,-153.2368,147.3,2.6,1
40.275833333333,-124.61183333333,6.36,2.85,1
50.8177,-173.8968,10.0,2.7,1
40.2845,-124.64333333333,4.94,2.91,1
31.674,-104.396,7.843,3.2,1
40.278333333333,-124.63116666667,5.19,2.92,1
19.2753,-67.1715,24.0,4.02,3
10.4238,121.8659,10.0,4.3,2
-1.7476,69.1427,10.0,4.5,3
41.0849,-126.098,10.0,2.5,1
-57.0609,-67.3268,10.0,4.4,3
-3.4409,144.9966,10.0,4.3,3
-3.5259,145.3231,10.0,5.3,3
9.867,122.182,10.0,5.1,3
23.0925,143.4046,35.0,4.4,2
61.3883,-146.5525,9.1,3.0,1
63.071,-151.4544,4.3,3.7,1
-20.6341,-173.7564,10.0,4.4,3
45.6032,26.3657,136.431,4.1,2
-9.1045,125.715,10.0,4.4,3
-57.3559,-67.9582,10.0,4.4,3
31.677,-104.397,6.0999,2.6,1
18.7106,145.5349,210.582,3.8,2
-31.7545,-178.5643,35.0,4.9,3
57.6888,-152.4419,31.1,3.5,1
-4.6963,153.0005,64.407,4.5,3
-35.5066,-105.6565,10.0,4.9,3
-24.1575,-67.1577,176.206,4.3,3
52.7943,-170.381,142.484,3.8,1
52.3396,-173.1823,8.536,2.7,1
41.884833333333,-112.4835,3.68,2.76,1
-16.5308,-177.4235,422.761,4.0,0
5.061,96.3786,184.473,4.0,3
-33.0868,-178.4761,10.0,4.4,3
31.677,-104.394,6.0999,2.7,1
51.9821,-171.1032,35.0,3.8,1
-1.1241,-24.2305,10.0,4.5,3
-59.8786,-27.8994,182.868,4.3,3
41.7089,-109.697,0.0,3.2,1
41.6726,-109.8436,0.0,3.0,1
51.1508,-173.5066,10.0,2.7,1
18.7102,146.2767,207.205,4.0,2
-17.778,168.2859,63.396,4.6,3
18.3943,-102.3794,10.0,4.3,3
40.300166666667,-124.65116666667,7.97,2.64,1
42.8343,144.5628,63.3,4.1,2
-32.2714,-179.2683,67.311,4.4,3
-8.4232,119.5816,182.437,4.3,3
18.4766,-68.525,134.0,3.65,1
39.6047,82.9153,10.0,4.5,2
0.975,-26.2223,10.0,4.5,3
54.3874,-166.0826,23.704,2.6,1
54.7381,-165.0253,121.184,2.8,1
-34.9169,-110.9538,10.0,4.4,3
36.5185,-113.9884,5.0,2.5,1
31.6253333,-116.3565,15.67,2.85,1
-30.6302,-178.047,47.093,4.9,3
-34.8714,-110.997,10.0,4.7,3
21.76,103.0866,10.0,4.5,2
51.4801,-176.5843,35.0,2.5,1
27.6641,139.8924,484.318,4.3,0
-34.1106,179.1058,153.43,4.2,3
44.4057,-115.1484,10.0,3.1,1
40.3663,-126.263,10.0,2.8,1
37.8055,-122.06533333333,7.62,2.9,1
19.619333333333,-156.092,0.26,2.59,1
25.1128,98.1772,10.0,4.6,2
-8.826,33.3228,10.0,4.7,3
15.6978,-96.7119,10.0,4.3,3
54.0241,-163.657,35.0,2.6,1
64.9782,-173.97,13.6,3.2,1
38.7164,-96.9709,5.0,3.5,1
35.344,-117.8015,7.25,2.66,1
51.9332,-179.8336,158.375,2.8,1
43.989,-105.3711,0.0,3.1,1
-6.5081,143.433,10.0,4.2,3
-55.8687,-27.8024,57.073,5.0,3
0.5855,121.6312,107.187,4.5,3
1.9491,96.4445,10.0,4.1,3
51.135,-178.2816,35.0,2.9,1
19.5398,-65.2918,76.0,3.96,3
57.1726,-157.6765,5.4,3.2,1
18.8363,146.39,10.0,4.3,2
-54.5264,-135.5028,10.0,4.9,3
26.8506,58.6347,10.0,4.1,2
-1.0546,122.0296,22.132,4.3,3
14.1216,147.171,10.0,4.4,2
42.7965,143.3431,101.081,4.8,2
-54.5498,-135.3414,10.0,5.5,3
12.5505,142.3023,146.104,4.7,3
39.1296,33.238,10.0,5.0,2
41.2158,-116.7283,5.7,3.1,1
31.666,-104.368,6.4075,2.5,1
-5.8256,152.2571,10.0,4.6,3
19.156666666667,-65.137,62.58,3.17,1
19.821,-155.602,15.64,2.98,1
64.8938,-149.7541,22.6,2.5,1
-26.3458,-178.7719,350.591,4.5,0
26.9287,58.6818,10.0,4.1,2
43.839,-129.4444,10.0,3.4,1
26.8837,58.6841,10.0,4.1,2
41.1864,-116.7329,6.0,3.2,1
41.2382,-116.7282,7.0,3.55,1
54.0748,-164.8086,70.428,3.2,1
19.324333333333,-155.18716666667,2.94,2.63,1
-55.1928,-129.4491,10.0,4.6,3
48.773333333333,-119.50833333333,14.69,3.14,1
13.8751,120.649,129.637,4.3,3
18.603,-67.08,71.59,2.98,1
18.203,-67.247833333333,17.97,2.66,1
52.1617,-173.8105,84.953,3.0,1
18.213,-68.0445,98.52,3.43,1
44.5603,-114.2873,13.642,3.0,1
-8.1311,106.9454,48.815,4.2,3
40.342166666667,-124.5295,25.44,2.74,1
-20.0164,-177.8375,597.013,4.1,0
-6.6917,155.1474,66.911,4.6,3
51.9682,-173.7536,14.065,3.1,1
-18.0983,-173.621,35.0,4.3,3
43.8747,-129.1648,10.0,3.3,1
-20.7394,-177.7569,477.638,4.4,0
13.3869,50.9032,10.0,4.3,3
25.1114,126.1506,35.0,4.3,2
-7.136,126.1331,476.627,5.9,0
66.5111,-17.8354,10.0,4.2,2
36.137833333333,-120.24533333333,11.06,2.7,1
19.334833333333,-155.14866666667,1.04,2.56,1
60.0625,-140.0559,9.4,2.5,1
40.1689,-29.7206,10.0,4.3,2
61.4673,-151.2706,74.9,3.6,1
-6.0866,147.7569,59.022,4.4,3
40.4162,-125.9044,10.0,2.5,1
54.2933,-159.9764,10.0,2.5,1
-5.2164,152.724,35.0,4.5,3
-20.3797,-177.6424,513.179,4.5,0
-5.8972,-81.1057,10.0,5.2,3
18.3505,-66.2521,67.0,3.65,1
55.6525,-156.6061,9.8,2.7,1
33.6298,140.5591,57.142,4.5,2
-56.9481,-140.8832,10.0,5.2,3
12.7304,-88.1166,71.714,4.7,3
36.01016667,-97.9305,5.98,2.74,1
41.153,-116.7412,7.9,2.8,1
41.2074,-116.7261,7.6,3.9,1
41.217,-116.6817,0.0,3.0,1
41.1797,-116.7457,5.9,3.0,1
19.693833333333,-156.55833333333,36.26,2.62,1
-48.751,124.5623,10.0,4.4,3
43.1911,-126.2861,10.0,2.9,1
10.6257,-86.065,42.685,4.4,3
18.302666666667,-66.192,55.15,2.83,1
-24.8401,69.8313,10.0,4.9,3
24.6729,94.8973,10.0,4.4,2
19.588833333333,-156.14616666667,6.28,3.3,1
-21.0347,-11.6613,10.0,4.6,3
31.4698,69.1386,10.0,4.4,2
-5.6494,147.3876,185.979,4.6,3
18.006333333333,-68.282666666667,92.56,3.37,1
60.2548,-152.5876,90.9,2.9,1
-40.171,174.5132,10.0,3.6,3
59.3844,-152.9423,79.3,2.5,1
-0.0589,124.2246,99.049,4.3,3
54.0758,-165.9565,21.203,2.8,1
-24.194,-67.5143,206.826,4.1,3
-2.1436,102.0337,182.45,4.2,3
53.555,-163.6467,35.0,2.5,1
-20.3652,-178.2412,497.672,4.1,0
49.9008,155.8886,76.286,4.2,2
66.4805,-17.7544,10.0,4.6,2
18.621833333333,-64.970166666667,24.04,3.41,1
-49.5429,117.2451,10.0,5.0,3
-18.7126,-175.3343,260.0,6.4,3
40.977166666667,-123.73316666667,28.12,2.52,1
18.6173,-65.4106,64.0,3.56,1
-4.372,102.3469,56.753,4.8,3
23.3067,120.5304,10.0,4.0,2
58.9948,-154.2379,118.9,2.5,1
31.618,-104.002,8.0994,2.6,1
33.8177,141.5992,10.0,4.5,2
51.8284,-179.7159,121.173,3.0,1
-35.9912,-179.9542,10.0,4.3,3
35.237,26.9951,76.202,6.0,2
-17.746,-178.6377,548.026,4.4,0
-24.7046,-175.8653,35.0,4.4,3
62.1644,-152.1172,98.6,2.8,1
18.6822,-107.2678,11.902,5.9,3
-36.0216,179.8197,17.631,4.6,3
44.0824,-105.3809,0.0,3.0,1
17.5648,145.5746,176.024,4.3,2
40.622,-109.4493,0.0,3.3,1
19.365666666667,-154.7155,42.1,3.58,1
54.2192,-159.8521,10.0,3.0,1
19.171166666667,-67.774,20.79,3.33,1
-1.6795,120.842,13.442,4.5,3
27.2228,140.058,445.198,5.6,0
6.9072,92.3559,10.0,4.1,3
38.3636,142.4686,28.542,4.1,2
59.6356,-146.2964,2.7,2.7,1
-23.7427,-179.8927,500.189,4.0,0
-6.5101,128.422,304.486,4.4,0
58.6115,-143.5701,10.0,2.7,1
-13.407,-111.3525,10.0,5.2,3
61.1217,-152.2586,0.2,2.7,1
5.6799,125.8014,145.957,4.4,3
36.5032,70.7409,210.52,4.0,2
56.8914,-154.8267,3.9,3.8,1
53.3004,-167.1995,67.739,2.5,1
40.8192,14.0745,10.0,4.0,2
-6.3392,152.0385,10.0,4.4,3
47.5175,-123.43983333333,40.07,2.84,1
-27.5046,-179.5827,485.493,4.0,0
17.978,-66.836,14.43,2.56,1
-49.9943,115.9354,10.0,4.2,3
-7.619,128.3248,112.911,4.2,3
-14.7622,-72.3745,93.382,4.2,3
29.1406,141.7524,10.0,4.3,2
37.2174,-117.1202,7.3,2.7,1
0.6839,121.5206,100.351,4.4,3
17.884166666667,-65.658666666667,11.55,2.83,1
-5.5736,152.7499,10.0,4.4,3
-58.6457,-24.6974,10.0,4.5,3
39.359333333333,-88.326666666667,9.81,3.26,1
-6.0506,151.3744,10.0,4.5,3
-19.4012,-176.545,310.539,4.4,0
66.5085,-17.3904,10.0,4.7,2
-51.3702,-72.0163,16.445,4.1,3
56.9301,-154.8183,3.9,2.5,1
36.279166666667,-120.8635,9.5,2.52,1
37.0973,140.4289,98.472,4.8,2
52.072,-175.091,74.568,4.1,1
-24.9262,-176.1399,35.0,4.6,3
-51.3717,-71.8409,10.0,5.2,3
54.1473,-165.9839,24.94,2.5,1
30.9563,99.0742,10.0,4.4,2
56.9568,-154.8669,2.6,3.6,1
35.8935,140.1659,77.893,4.5,2
36.6305,25.589,5.07,4.9,2
-6.0306,151.6185,10.0,4.9,3
-32.5307,-71.4171,67.499,4.0,3
-6.1051,147.7672,10.0,4.3,3
18.206,-67.255,27.0,3.32,1
56.9882,-154.9282,9.3,3.1,1
50.9438,-179.2643,29.603,2.9,1
42.6048,141.9887,123.578,4.5,2
-24.0159,-67.3347,217.018,4.2,3
-37.3862,52.4585,10.0,4.3,3
-24.5799,-175.2369,10.0,4.5,3
22.7425,-45.1214,10.0,4.6,3
43.6717,-105.303,0.0,3.2,1
19.115833333333,-66.1085,21.07,3.3,1
-21.6104,168.9865,10.0,4.4,3
60.9445,-147.4619,24.9,3.3,1
-33.7125,-72.237,19.9,3.8,3
26.6107,142.0317,42.683,4.1,2
53.0985,159.3084,88.054,4.5,2
13.4191,50.7436,10.0,4.4,3
2.1092,126.686,55.538,5.0,3
-7.3025,128.9231,150.747,4.1,3
-2.3416,100.7966,56.414,4.6,3
38.764166666667,-122.72966666667,2.56,2.64,1
-18.299,-69.2257,137.81,5.0,3
41.5868,142.0431,60.667,5.3,2
-24.7514,-176.3688,35.0,4.7,3
13.8229,-90.9285,69.462,4.5,3
-17.5279,167.8987,35.0,4.3,3
55.5815,-161.1069,106.507,2.8,1
-4.6986,155.1313,506.83,4.2,0
51.8144,-174.0209,19.4,2.9,1
-23.0872,-114.409,10.0,4.4,3
-23.0723,-114.4821,10.0,4.6,3
51.0358,174.6866,10.0,3.9,2
61.4744,-149.3623,29.7,3.1,1
40.9474,35.1315,10.0,4.5,2
19.430166666667,-66.274833333333,31.97,3.24,1
40.9078,35.1689,10.0,4.3,2
-21.5471,-69.1139,95.992,4.3,3
55.1501,-161.4414,99.708,2.8,1
54.2979,-162.1048,10.0,2.8,1
19.0686,-67.9326,51.0,3.56,1
29.1427,66.5577,10.0,4.5,2
12.8993,-91.144,10.0,4.2,3
19.316,-64.862166666667,40.18,3.39,1
17.9435,-66.822833333333,10.98,3.1,1
10.9734,-62.3724,93.251,4.5,3
41.5328,74.963,10.0,4.5,2
-54.9669,-32.4934,10.0,4.9,3
-6.6059,129.9343,158.349,4.0,3
62.8631,178.671,10.0,4.4,2
39.474666666667,-123.106,5.5,2.54,1
18.592166666667,-65.101833333333,28.43,3.12,1
39.474166666667,-123.1055,5.29,2.79,1
35.55483333,-96.72833333,5.47,2.79,1
64.4678,-135.878,8.8,2.8,1
1.1316,98.9647,102.627,4.9,3
41.7562,-81.005,4.016,2.5,1
35.2301,22.4982,47.819,4.5,2
54.6224,161.0326,52.833,4.3,2
41.5522,74.9401,10.0,4.2,2
25.2496,-99.5543,13.532,4.2,1
-45.2025,-81.6384,10.0,4.4,3
10.8661,-62.3886,89.172,5.0,3
-16.9042,-173.874,10.0,4.6,3
31.6492,138.1785,378.015,3.8,0
-20.806,-173.5816,10.0,4.5,3
-17.2848,-179.214,549.393,4.2,0
-1.0068,125.8137,54.918,4.0,3
-20.4984,-174.1371,10.0,5.4,3
62.6809,178.5191,10.0,5.3,2
9.3705,127.1473,10.0,4.5,3
24.6834,122.4083,10.0,4.9,2
29.0536,87.6068,9.0,5.5,2
-6.2658,151.9704,10.0,4.5,3
-6.1832,151.4614,10.0,4.6,3
45.587,26.4287,130.66,4.2,2
62.6411,-148.8156,51.0,3.0,1
-17.7132,168.0571,37.638,4.6,3
-44.3418,-82.2968,10.0,4.7,3
-56.8826,-67.4457,10.0,4.3,3
-6.026,151.0446,30.92,4.3,3
53.4302,-160.2416,10.0,3.1,1
-31.0885,-178.2767,43.562,4.7,3
17.9835,-66.815833333333,13.47,2.7,1
61.8969,-152.0674,11.1,2.9,1
-15.2332,-174.4557,10.0,4.6,3
36.388,70.3088,209.879,4.1,2
19.2533,-64.8975,54.0,3.52,1
42.9684,18.6709,10.0,4.4,2
46.219,136.3127,420.592,4.6,0
51.7931,-179.5596,104.917,2.6,1
18.927,-65.1941,48.0,3.67,1
-17.6883,168.3085,60.0,5.9,3
-12.4359,167.0004,233.458,4.2,3
19.1468,-64.972,20.0,3.57,1
7.327,-73.7849,91.758,4.6,3
54.2257,-162.5923,10.0,2.8,1
1.4435,126.3517,47.856,4.4,3
19.0735,-64.853,79.0,3.85,3
-24.3058,-67.1976,166.252,4.5,3
53.4664,-166.8016,74.179,4.3,1
51.3586,177.336,10.0,3.0,2
51.257,179.9085,28.454,3.0,2
3.7925,97.0065,85.754,5.7,3
22.8891,123.5793,10.0,4.0,2
-32.338,-178.4849,35.0,4.4,3
19.099333333333,-66.4625,24.4,3.05,1
40.9934,78.2595,10.0,4.4,2
43.695,-126.7119,10.0,2.6,1
58.2717,-154.9691,106.5,3.8,1
-15.6427,-173.8939,64.544,4.3,3
37.759666666667,-84.611833333333,29.68,2.75,1
19.101,-66.4615,29.91,2.96,1
19.105666666667,-66.4445,30.81,3.12,1
32.3762,137.2337,421.052,4.0,0
31.652,-104.47,5.946,2.9,1
46.1122,53.3512,10.0,4.2,2
-33.7941,-71.5126,53.057,4.6,3
-16.0027,-74.7107,39.903,4.3,3
18.9731,-65.1586,26.0,2.95,1
-3.986,-80.9703,26.134,4.6,3
50.9339,156.2353,141.685,4.8,2
-5.8369,147.4191,102.347,4.9,3
39.546333333333,-122.02783333333,23.01,2.71,1
18.252,-66.423,37.69,3.05,1
51.6422,-175.5682,60.325,2.7,1
-5.3898,146.4069,148.03,4.1,3
19.2905,-66.264666666667,34.6,3.25,1
-20.9605,169.0179,10.0,4.5,3
36.7909,71.1696,214.024,4.0,2
-3.9323,-80.808,35.0,4.7,3
-3.9693,-80.8004,40.959,4.7,3
54.2756,-162.5031,35.0,2.5,1
32.5335,-115.2321667,22.11,2.89,1
32.5408333,-115.2485,18.96,2.63,1
-23.7095,179.3357,532.483,4.7,0
44.3465,148.7041,61.848,4.4,2
52.4897,-176.233,201.466,2.9,1
31.71,-104.579,5.3308,2.6,1
-20.1095,-178.7629,618.958,4.1,0
-5.8209,150.7281,54.508,4.1,3
-15.9574,-174.2593,82.25,4.9,3
19.065166666667,-66.576666666667,30.8,3.43,1
4.091,125.8929,155.742,4.1,3
19.1105,-66.545833333333,26.59,2.98,1
19.2265,-67.2706,24.0,3.53,1
11.4894,-86.5096,69.57,4.5,3
12.8659,-88.8594,63.989,4.6,3
-1.6311,-77.6831,172.909,4.2,3
-10.2699,161.4662,87.959,4.2,3
-18.0405,-178.2504,518.316,4.2,0
56.1108,-149.8871,10.0,2.8,1
33.2997,13.8032,10.0,4.2,2
54.5591,-156.7872,23.2,2.9,1
-24.3135,-67.3394,177.294,4.2,3
52.4917,-173.8947,146.026,3.0,1
38.2291,-118.5099,8.7,2.8,1
43.6178,-105.2293,0.0,3.2,1
50.595,-173.8573,10.0,2.7,1
-16.1959,177.7655,10.0,4.6,3
-5.3309,152.5022,35.0,4.3,3
-6.3016,128.0976,355.026,4.2,0
-6.2403,151.3994,10.0,4.3,3
-60.9717,154.1136,10.0,4.3,3
54.5107,-158.8074,26.752,3.0,1
18.0395,-66.791666666667,16.35,2.55,1
-2.421,139.0541,41.582,4.4,3
54.536,-159.0639,10.0,2.8,1
35.545,-83.986833333333,25.36,4.1,1
-23.666,-179.6844,508.528,4.3,0
-2.5964,-79.706,10.0,4.4,3
50.4624,-173.5231,10.0,3.9,1
29.689,129.9032,78.512,4.7,2
18.9095,-65.1533,39.0,3.61,1
-5.4812,152.5427,10.0,4.1,3
54.992,-157.5271,20.2,2.9,1
54.3311,-161.4495,16.2,2.9,1
-1.7815,133.658,10.0,4.3,3
18.897,-64.5538,58.0,3.9,3
-5.5385,150.8981,121.97,4.2,3
-39.1404,-91.5718,10.0,4.3,3
36.6215,71.1398,229.489,4.7,2
-20.7248,-68.9776,100.041,4.1,3
-5.5347,152.4522,10.0,4.4,3
38.0915,20.341,42.571,4.1,2
52.1473,160.5472,10.0,4.3,2
52.2021,160.6757,23.574,4.2,2
19.058333333333,-66.4745,30.35,3.04,1
-6.2494,151.3713,10.0,4.5,3
-7.0257,125.0168,549.578,4.3,0
-6.9291,124.9926,546.063,4.4,0
-15.9025,-74.4726,19.118,5.1,3
35.54616667,-96.74816667,3.33,3.1,1
-32.6793,-178.4099,10.0,4.5,3
51.5688,-175.8339,35.0,3.7,1
51.244,-178.1015,35.0,3.0,1
-24.2183,-67.0475,175.824,4.2,3
-17.8425,-177.8703,667.237,4.2,0
-32.8357,-178.1414,10.0,4.4,3
50.2874,178.6907,10.0,3.2,2
40.428833333333,-125.8695,10.0,2.72,1
-20.7641,-177.9521,498.515,4.5,0
52.3182,-171.4432,66.128,3.1,1
-20.0054,-178.2834,622.929,4.6,0
51.2035,-178.411,28.545,2.9,1
54.3709,-161.407,15.339,2.8,1
-7.1391,129.1951,162.043,5.3,3
-41.8819,84.961,10.0,4.6,3
51.8414,-171.4463,35.0,3.0,1
51.9276,-171.521,35.0,2.7,1
51.7778,-179.4505,112.64,2.7,1
9.3711,127.1373,10.0,4.2,3
17.975,-66.8235,12.37,2.54,1
41.9053,-119.5769,10.5,2.5,1
37.507666666667,-118.86866666667,3.38,2.64,1
-17.8989,-172.9236,10.0,4.5,3
51.902,179.3789,141.62,3.1,2
-4.6213,151.0574,274.943,4.1,3
-33.1025,-178.8044,35.0,5.0,3
-27.913,-176.985,81.261,4.5,3
-5.5394,147.0482,187.328,4.2,3
-27.8687,-71.0579,55.218,4.4,3
-18.3571,-177.8011,636.988,4.4,0
53.4022,158.7845,123.012,4.9,2
-17.6827,168.3311,57.969,4.7,3
19.1365,145.5853,211.942,4.2,2
57.5499,-153.3938,54.8,2.9,1
10.6179,-62.4411,99.591,4.1,3
32.114,-101.056,6.9092,2.5,1
-12.3764,166.9716,224.913,5.2,3
63.2171,-150.1673,104.8,3.4,1
20.0387,121.4161,45.644,4.4,2
-5.5903,148.9087,187.15,4.3,3
-20.9163,-65.1486,314.573,4.1,0
-4.2459,123.2959,25.0,4.6,3
53.4952,-163.1702,27.567,2.9,1
-13.3912,167.9925,622.667,4.2,0
31.685,-104.492,6.0999,2.5,1
51.1084,174.7868,10.0,3.7,2
13.6125,124.8109,34.975,4.5,2
19.9758,-70.6098,10.0,4.3,3
37.512,72.1995,197.088,4.0,2
-53.2194,140.1271,10.0,4.6,3
-2.2446,100.6998,69.668,4.3,3
20.7669,95.9487,10.0,4.5,2
46.062,143.7424,342.028,4.4,0
40.340166666667,-124.65816666667,23.04,2.52,1
40.409333333333,-125.0635,10.0,3.54,1
36.9322,136.4174,10.0,4.5,2
-23.6016,-179.4998,534.399,4.4,0
-7.9542,118.9578,10.0,4.4,3
42.5231,143.8604,91.316,4.1,2
41.7225,143.4689,40.341,4.5,2
-21.4726,-68.5154,144.143,4.2,3
34.5946,140.4511,96.05,4.1,2
39.8687,-81.5433,5.0,2.9,1
18.652166666667,-66.708166666667,8.9,2.79,1
54.6124,-156.4172,8.8,4.5,1
57.6211,-152.5917,31.4,2.9,1
-18.6584,65.2549,10.0,4.5,3
32.2674,-103.2966,10.0,2.8,1
34.5841,93.1476,10.0,4.1,2
33.588,-108.1792,10.0,2.6,1
31.67,-104.345,6.0999,3.4,1
62.054,-148.7062,7.2,2.5,1
54.4799,-158.9307,10.0,2.5,1
-60.5475,160.0246,10.0,5.7,3
62.8244,-149.6547,76.4,3.2,1
41.7733,81.885,20.414,4.3,2
60.3884,-153.6657,192.7,2.8,1
-22.7835,-112.3863,10.0,4.5,3
43.7072,-105.3065,0.0,3.2,1
32.114,-101.054,6.7139,3.2,1
60.7257,-150.3735,39.2,2.9,1
31.665,-104.35,6.0999,3.4,1
54.9393,-156.4309,2.8,3.0,1
63.1234,-150.6712,115.0,2.5,1
79.9106,-0.4571,10.0,4.1,2
11.6392,142.3449,10.0,4.9,2
32.3337,-103.256,9.387,2.8,1
32.2727,-103.2874,4.637,3.3,1
51.5309,-173.4181,35.0,3.1,1
51.5499,-173.4291,35.0,2.7,1
12.7385,-88.6758,42.113,4.1,3
55.6319,-164.6661,10.0,2.6,1
51.6683,-174.866,35.0,3.7,1
-24.3097,-67.0909,168.776,4.5,3
-0.1362,123.7299,131.251,4.1,3
18.7004,145.7389,154.127,4.3,2
37.595166666667,-122.00483333333,9.74,2.78,1
-3.0486,127.255,61.988,4.6,3
33.899,-117.6663333,5.62,2.61,1
-9.8761,151.6696,10.0,4.7,3
-56.86,-68.1108,10.0,4.1,3
19.179166666667,-67.646166666667,20.95,3.31,1
0.6602,67.2383,10.0,4.6,3
19.197666666667,-66.3995,22.89,2.96,1
54.7003,-161.3538,35.0,3.1,1
-19.8378,-172.7577,10.0,4.7,3
-18.2615,-177.3269,634.188,4.5,0
-3.8399,-80.7011,45.0,5.4,3
34.7261,-108.026,7.989,2.6,1
-17.7301,167.9933,35.0,4.8,3
40.3685,-124.9765,12.07,2.7,1
-31.4822,-178.1921,35.0,4.5,3
-20.4344,-177.9988,496.313,4.5,0
-35.4083,-103.7898,10.0,5.4,3
-4.5356,127.083,370.597,4.3,0
-19.47,-173.2372,10.0,4.8,3
35.3266,57.2005,10.0,4.3,2
-57.2423,-67.0049,10.0,4.7,3
39.265333333333,-120.38083333333,2.51,2.57,1
-56.2848,-27.6462,8.952,4.4,3
-18.885,-173.018,10.0,4.6,3
60.2262,-152.8954,121.0,3.2,1
35.3651,57.3311,10.0,4.5,2
53.262,-168.5624,127.782,2.8,1
-23.1856,-69.2088,90.73,4.4,3
-60.5345,-26.9609,10.0,4.6,3
18.442333333333,-66.906333333333,18.25,2.61,1
42.5206,-108.339,5.0,2.7,1
39.0297,70.638,10.0,4.5,2
51.9874,-179.7429,190.724,2.9,1
41.8207,12.7418,9.538,2.7,1
52.2453,-168.4568,10.0,3.6,1
32.282,-101.137,6.9092,3.0,1
-57.1832,-67.2854,10.0,4.8,3
52.9756,159.4859,63.864,4.2,2
63.1058,-150.6635,114.9,2.9,1
52.9092,159.3582,73.93,4.7,2
-31.0509,-72.6317,10.0,4.4,3
-22.586,69.2985,10.0,5.0,3
-9.5367,159.2885,10.726,4.9,3
-19.3779,-67.9592,190.074,4.3,3
-20.7789,-178.4451,577.053,4.5,0
55.7572,-161.9089,163.756,2.6,1
29.8116,-118.0148,19.767,3.9,1
40.372,-124.961,10.0,3.86,1
-33.4082,-179.185,35.0,4.4,3
51.3551,-178.1966,35.0,3.3,1
32.2551,142.023,10.0,4.4,2
30.5385,142.5222,10.0,4.5,2
54.7256,-163.3811,10.0,2.8,1
-9.9202,151.9658,10.0,4.4,3
-34.887,78.6878,10.0,4.9,3
-57.3909,-67.7026,10.0,4.5,3
53.6336,-165.2352,57.535,2.6,1
-1.7899,136.319,25.94,4.9,3
80.0538,-0.1335,10.0,4.2,2
51.4018,-176.0325,35.0,3.1,1
33.9931667,-118.6955,13.32,3.01,1
-6.0885,151.9158,10.0,4.6,3
29.9971,131.046,36.263,4.4,2
-33.2074,-178.8684,35.0,4.2,3
54.5761,-159.0458,10.0,2.5,1
70.9686,-6.7652,10.0,4.2,2
-14.7475,66.5518,10.0,4.6,3
0.8463,126.0635,35.0,4.6,3
14.1676,147.2017,10.0,4.2,2
6.9246,-73.0749,152.487,4.0,3
54.4179,-158.7884,12.379,4.3,1
51.8369,-179.303,107.393,3.0,1
37.2969,-114.7173,0.0,3.0,1
62.9747,-148.3743,66.8,2.8,1
19.1515,-64.858666666667,32.95,3.06,1
53.5023,-163.2091,23.567,2.8,1
54.6055,-161.2605,10.0,2.7,1
-32.2441,-178.0514,10.0,4.7,3
-9.8652,151.9153,10.0,4.7,3
10.7351,-85.9493,46.643,4.2,3
-14.686,66.5037,10.0,4.7,3
52.6042,-166.9716,10.0,2.8,1
29.9855,131.0793,34.786,4.5,2
63.5294,-151.025,6.8,3.7,1
-57.246,-67.7348,10.0,4.5,3
12.8093,125.0971,23.287,4.5,2
54.8521,-154.5242,10.0,2.8,1
69.5301,-144.4312,7.3,3.4,1
51.9218,-179.2173,139.851,2.8,1
40.262666666667,-122.07983333333,7.61,2.54,1
-33.7938,-179.6406,10.0,4.7,3
-2.5975,35.988,10.0,4.4,3
52.4542,-173.0083,141.602,3.0,1
0.8917,97.386,10.0,5.3,3
13.9576,-92.3821,39.858,4.1,3
0.3254,125.3202,71.478,4.6,3
31.663,-104.337,6.4331,3.3,1
59.9547,-144.0656,26.7,2.7,1
53.119,-166.8098,35.0,2.7,1
12.7216,126.0118,10.0,4.9,2
7.7672,126.876,82.736,4.8,3
8.1377,126.552,70.852,4.4,3
-3.6726,-104.6839,10.0,4.4,3
53.1526,-166.8795,35.0,3.2,1
30.0282,131.1112,35.0,4.6,2
-32.9983,-178.7082,35.0,4.6,3
40.346166666667,-124.81916666667,3.16,2.67,1
18.2725,-68.7706,143.0,3.8,3
51.1487,179.6565,46.656,2.5,2
-5.8611,110.8421,516.001,4.1,0
-8.6742,112.0918,118.563,4.2,3
60.7547,-150.0428,38.8,3.8,1
49.1253,158.0587,10.0,4.1,2
54.1946,-158.5885,10.0,3.2,1
-26.9364,179.1625,540.765,4.3,0
-22.3515,-179.5451,589.473,4.7,0
50.3418,177.3007,10.0,3.3,2
50.3384,177.1824,10.0,3.7,2
52.8638,-168.4186,56.807,3.0,1
-1.8981,-77.8274,156.913,4.2,3
54.6158,-163.1772,84.301,2.8,1
60.9244,-147.3594,13.6,2.6,1
33.5634,-105.7766,5.0,2.7,1
56.2815,-149.4328,10.0,3.3,1
-4.0452,-104.1959,10.0,5.7,3
-19.9606,169.4788,102.0,5.5,3
4.3473,128.528,10.0,4.3,3
50.8388,-173.9132,10.0,2.6,1
37.463833333333,-78.469166666667,7.98,2.96,1
-21.0423,-69.6073,62.136,4.4,3
-14.5332,167.1765,145.681,4.2,3
-1.7352,136.3565,17.655,4.6,3
53.492,-163.1388,12.32,3.1,1
-20.0804,-175.514,234.711,4.4,3
-24.0167,-66.976,210.738,4.4,3
53.5542,-163.1271,10.0,3.3,1
-21.101,-174.3386,10.0,5.0,3
-14.649,-173.2364,10.0,4.4,3
51.807,-173.8908,80.977,2.8,1
38.7303,141.8769,69.795,4.4,2
59.6712,-138.5489,7.8,2.5,1
59.6234,-138.5472,3.1,2.5,1
31.7085,-115.8581667,7.77,2.95,1
-24.2456,-67.1726,166.888,4.4,3
39.31,73.4022,10.0,4.6,2
-17.7514,-175.2998,238.697,4.6,3
4.3155,128.4471,10.0,4.4,3
-3.7735,139.3546,54.602,4.6,3
41.9428,-119.5847,3.4,2.6,1
-21.926,-68.5995,113.773,4.2,3
-3.2157,150.7963,10.0,4.9,3
51.8954,178.4163,118.112,4.1,2
-4.4241,144.3302,133.215,5.1,3
41.0209,138.6895,242.609,4.0,2
31.616,-103.983,8.83,2.6,1
53.5814,-164.1676,45.308,3.3,1
51.8966,152.8117,420.632,4.2,0
51.7842,176.1323,64.375,3.5,2
61.9464,-151.7217,103.0,2.8,1
-57.0537,-68.6834,10.0,4.4,3
53.73,-164.1147,35.0,2.5,1
53.7645,-164.2214,35.0,2.5,1
1.6354,127.1993,128.767,4.7,3
31.683,-104.422,4.1003,2.5,1
45.4675,5.889,11.302,3.3,1
60.0716,-153.4436,151.8,3.0,1
54.2018,-163.1092,28.982,3.5,1
64.6076,-149.2355,10.2,3.7,1
18.278,-68.028166666667,101.43,3.4,1
43.3626,-126.1887,10.0,3.6,1
63.0756,-150.9069,114.1,3.4,1
60.1608,-151.3785,66.5,2.6,1
18.487333333333,-66.485,109.39,2.99,1
-0.0691,123.7134,130.965,4.9,3
-57.283,-68.045,10.0,4.5,3
59.4296,-152.536,69.2,2.7,1
-28.4328,-176.7597,35.0,4.9,3
64.6302,-17.4981,10.0,5.3,2
51.4488,-175.4561,35.0,2.6,1
51.7358,-176.5184,69.409,2.6,1
43.702,-105.3378,0.0,3.2,1
8.6942,-39.7656,10.0,4.6,3
-5.6843,152.4169,10.0,4.2,3
2.5629,128.4978,214.769,4.1,3
-16.5089,-173.9897,96.075,4.2,3
-19.6387,-69.9926,60.403,3.9,3
55.5028,-135.0243,10.0,2.5,1
-6.1599,151.5881,10.0,4.6,3
-23.6408,-179.3254,518.923,4.3,0
18.997666666667,-66.9545,9.12,3.25,1
-21.1357,-178.1884,480.438,4.2,0
38.7935,-122.779,3.17,2.79,1
19.194166666667,-155.48816666667,33.62,2.61,1
37.5682,72.2522,178.109,4.3,2
-11.8261,166.4019,64.389,4.3,3
-28.2861,-176.7197,35.0,4.7,3
-28.2867,-176.5617,12.659,5.0,3
2.3094,129.2711,10.0,4.3,3
18.408833333333,-64.629,13.19,2.91,1
24.0047,121.61,19.23,4.7,2
32.004,-103.814,6.651,2.7,1
23.909,121.9671,27.0,5.6,2
36.7143,73.0173,53.111,4.1,2
23.8572,122.0102,10.0,4.6,2
23.9276,122.0808,10.0,4.4,2
23.9405,122.0201,10.0,5.1,2
18.9246,-64.4503,90.0,3.7,1
63.0433,-149.3615,81.7,3.4,1
32.006,-103.809,7.0227,2.9,1
-29.4675,-71.9242,22.933,5.1,3
31.653,-104.458,6.8556,3.6,1
52.2221,-168.0394,10.0,2.8,1
-3.0415,-79.8935,63.412,4.1,3
51.3031,-176.1569,29.521,4.4,1
-57.1198,-67.7989,10.0,4.5,3
-57.016,-67.9676,10.0,4.2,3
-5.497,131.0187,66.874,4.5,3
12.5119,-88.2428,52.589,4.8,3
-25.3295,-177.5156,170.369,4.3,3
16.5292,-92.5534,261.0,5.8,3
-43.8875,-16.3386,10.0,4.6,3
51.8685,-176.2351,78.38,2.7,1
37.1462,71.8871,166.692,4.4,2
64.6371,-17.8198,10.0,4.1,2
-40.5262,175.1137,47.601,4.3,3
-34.8555,-107.6775,10.0,4.9,3
-57.1735,-68.0369,10.0,4.7,3
-35.1429,-107.4203,10.0,6.0,3
-15.7357,-69.761,239.624,4.2,3
61.0069,-147.2965,9.3,2.7,1
52.0432,-174.9344,81.767,3.4,1
-31.8815,-70.8971,96.805,4.7,3
-41.5015,90.2121,10.0,4.7,3
18.9231,-64.1711,25.0,3.68,1
22.7543,95.787,10.0,4.4,2
-33.4179,-72.241,20.288,3.7,3
-56.7928,-67.7967,10.0,4.4,3
12.1272,45.6719,10.0,4.3,3
-33.9882,179.5838,10.0,4.5,3
-3.0704,126.7976,10.0,4.4,3
-34.1119,179.4095,10.0,4.3,3
39.2529,71.8325,10.0,4.2,2
22.8087,144.1694,38.604,4.5,2
40.345666666667,-124.928,10.0,2.56,1
36.7184,142.1148,35.0,4.4,2
-22.2804,-67.6673,177.467,4.4,3
60.1713,-152.7852,119.7,2.5,1
34.9026,24.1363,40.348,4.1,2
-57.204,-67.4911,10.0,4.4,3
-36.0036,178.369,10.0,4.2,3
-35.9934,178.1648,10.0,4.1,3
-15.3104,-174.8866,245.574,4.4,3
